position,rna_class,observed,expected,log2_obs_exp,proportion_within_rna_class,analysis,p_value,has_pfam,signature,method,p_fdr
distal_terminal,diverse,53.0,50.85732224140637,0.05953685696250432,0.5698924731182796,position_lcr,1.2921993158461632e-75,,,LCRFinder,1.2921993158461632e-75
distal_terminal,mRNA,1761.0,1847.8160414377649,-0.06942622782525663,0.5211601065403966,position_lcr,1.2921993158461632e-75,,,LCRFinder,1.2921993158461632e-75
distal_terminal,ncRNA,225.0,216.5537592214723,0.05519978464476415,0.5681818181818182,position_lcr,1.2921993158461632e-75,,,LCRFinder,1.2921993158461632e-75
distal_terminal,pre-rRNA,178.0,174.99293674462407,0.024580549586371892,0.55625,position_lcr,1.2921993158461632e-75,,,LCRFinder,1.2921993158461632e-75
distal_terminal,ribosomal protein,14.0,28.436352221001414,-1.0223095825761515,0.2692307692307692,position_lcr,1.2921993158461632e-75,,,LCRFinder,1.2921993158461632e-75
distal_terminal,snRNA,130.0,191.94537749175953,-0.5621841937687695,0.37037037037037035,position_lcr,1.2921993158461632e-75,,,LCRFinder,1.2921993158461632e-75
distal_terminal,snoRNA,82.0,82.02793909904254,-0.0004914723704606174,0.5466666666666666,position_lcr,1.2921993158461632e-75,,,LCRFinder,1.2921993158461632e-75
distal_terminal,tRNA,72.0,80.38738031706168,-0.15897212988671536,0.4897959183673469,position_lcr,1.2921993158461632e-75,,,LCRFinder,1.2921993158461632e-75
distal_terminal,unknown,969.0,810.9828912258672,0.25682518646778724,0.6534052596089008,position_lcr,1.2921993158461632e-75,,,LCRFinder,1.2921993158461632e-75
domain_adjacent,diverse,14.0,10.437137027154293,0.4237008013900222,0.15053763440860216,position_lcr,1.2921993158461632e-75,,,LCRFinder,1.2921993158461632e-75
domain_adjacent,mRNA,414.0,379.21597865327266,0.12661101277597314,0.12252145605208642,position_lcr,1.2921993158461632e-75,,,LCRFinder,1.2921993158461632e-75
domain_adjacent,ncRNA,23.0,44.44200282530215,-0.9502899735821472,0.05808080808080808,position_lcr,1.2921993158461632e-75,,,LCRFinder,1.2921993158461632e-75
domain_adjacent,pre-rRNA,35.0,35.912729555799714,-0.037140387501946356,0.109375,position_lcr,1.2921993158461632e-75,,,LCRFinder,1.2921993158461632e-75
domain_adjacent,ribosomal protein,14.0,5.835818552817454,1.2624198943569616,0.2692307692307692,position_lcr,1.2921993158461632e-75,,,LCRFinder,1.2921993158461632e-75
domain_adjacent,snRNA,44.0,39.39177523151781,0.15960908877318622,0.12535612535612536,position_lcr,1.2921993158461632e-75,,,LCRFinder,1.2921993158461632e-75
domain_adjacent,snoRNA,25.0,16.83409197928112,0.570542189719293,0.16666666666666666,position_lcr,1.2921993158461632e-75,,,LCRFinder,1.2921993158461632e-75
domain_adjacent,tRNA,22.0,16.497410139695496,0.41526396424138223,0.14965986394557823,position_lcr,1.2921993158461632e-75,,,LCRFinder,1.2921993158461632e-75
domain_adjacent,unknown,124.0,166.43305603515932,-0.42460188162730583,0.08361429534726905,position_lcr,1.2921993158461632e-75,,,LCRFinder,1.2921993158461632e-75
domain_edge,diverse,1.0,2.9778684664887773,-1.574280030973326,0.010752688172043012,position_lcr,1.2921993158461632e-75,,,LCRFinder,1.2921993158461632e-75
domain_edge,mRNA,118.0,108.1958876157589,0.1251411943327452,0.03492157443030482,position_lcr,1.2921993158461632e-75,,,LCRFinder,1.2921993158461632e-75
domain_edge,ncRNA,4.0,12.679956050855438,-1.6644778399449038,0.010101010101010102,position_lcr,1.2921993158461632e-75,,,LCRFinder,1.2921993158461632e-75
domain_edge,pre-rRNA,10.0,10.246429132004394,-0.03512121986529422,0.03125,position_lcr,1.2921993158461632e-75,,,LCRFinder,1.2921993158461632e-75
domain_edge,ribosomal protein,7.0,1.6650447339507142,2.0717939840512174,0.1346153846153846,position_lcr,1.2921993158461632e-75,,,LCRFinder,1.2921993158461632e-75
domain_edge,snRNA,9.0,11.239051954167321,-0.32052343872754285,0.02564102564102564,position_lcr,1.2921993158461632e-75,,,LCRFinder,1.2921993158461632e-75
domain_edge,snoRNA,3.0,4.80301365562706,-0.6789774096400191,0.02,position_lcr,1.2921993158461632e-75,,,LCRFinder,1.2921993158461632e-75
domain_edge,tRNA,3.0,4.706953382514519,-0.6498310639805027,0.02040816326530612,position_lcr,1.2921993158461632e-75,,,LCRFinder,1.2921993158461632e-75
domain_edge,unknown,49.0,47.48579500863287,0.045285741795283364,0.033041132838840186,position_lcr,1.2921993158461632e-75,,,LCRFinder,1.2921993158461632e-75
domain_intrinsic,diverse,6.0,4.977711505258201,0.2694798826951536,0.06451612903225806,position_lcr,1.2921993158461632e-75,,,LCRFinder,1.2921993158461632e-75
domain_intrinsic,mRNA,150.0,180.85685135771465,-0.269885751585892,0.04439183190292986,position_lcr,1.2921993158461632e-75,,,LCRFinder,1.2921993158461632e-75
domain_intrinsic,ncRNA,25.0,21.19541673206718,0.23817576277714372,0.06313131313131314,position_lcr,1.2921993158461632e-75,,,LCRFinder,1.2921993158461632e-75
domain_intrinsic,pre-rRNA,28.0,17.127609480458325,0.7091030202522707,0.0875,position_lcr,1.2921993158461632e-75,,,LCRFinder,1.2921993158461632e-75
domain_intrinsic,ribosomal protein,17.0,2.783236540574478,2.6106993161912757,0.3269230769230769,position_lcr,1.2921993158461632e-75,,,LCRFinder,1.2921993158461632e-75
domain_intrinsic,snRNA,32.0,18.786846648877727,0.7683489727774682,0.09116809116809117,position_lcr,1.2921993158461632e-75,,,LCRFinder,1.2921993158461632e-75
domain_intrinsic,snoRNA,14.0,8.02856694396484,0.8022124246437521,0.09333333333333334,position_lcr,1.2921993158461632e-75,,,LCRFinder,1.2921993158461632e-75
domain_intrinsic,tRNA,22.0,7.867995605085544,1.4834354668829615,0.14965986394557823,position_lcr,1.2921993158461632e-75,,,LCRFinder,1.2921993158461632e-75
domain_intrinsic,unknown,47.0,79.37576518599906,-0.7560378376949644,0.03169251517194875,position_lcr,1.2921993158461632e-75,,,LCRFinder,1.2921993158461632e-75
interdomain_linker,diverse,3.0,10.130591743839272,-1.755684040858935,0.03225806451612903,position_lcr,1.2921993158461632e-75,,,LCRFinder,1.2921993158461632e-75
interdomain_linker,mRNA,437.0,368.07816669282687,0.247621103864737,0.12932820361053565,position_lcr,1.2921993158461632e-75,,,LCRFinder,1.2921993158461632e-75
interdomain_linker,ncRNA,22.0,43.136713231831735,-0.9714127319143718,0.05555555555555555,position_lcr,1.2921993158461632e-75,,,LCRFinder,1.2921993158461632e-75
interdomain_linker,pre-rRNA,13.0,34.85795008632868,-1.42297610721833,0.040625,position_lcr,1.2921993158461632e-75,,,LCRFinder,1.2921993158461632e-75
interdomain_linker,ribosomal protein,0.0,5.66441688902841,,0.0,position_lcr,1.2921993158461632e-75,,,LCRFinder,1.2921993158461632e-75
interdomain_linker,snRNA,27.0,38.23481400094177,-0.501927448613152,0.07692307692307693,position_lcr,1.2921993158461632e-75,,,LCRFinder,1.2921993158461632e-75
interdomain_linker,snoRNA,9.0,16.339664102966566,-0.8603814195256281,0.06,position_lcr,1.2921993158461632e-75,,,LCRFinder,1.2921993158461632e-75
interdomain_linker,tRNA,10.0,16.012870820907235,-0.6792319804210617,0.06802721088435375,position_lcr,1.2921993158461632e-75,,,LCRFinder,1.2921993158461632e-75
interdomain_linker,unknown,173.0,161.54481243132946,0.09883761471003434,0.11665542818610924,position_lcr,1.2921993158461632e-75,,,LCRFinder,1.2921993158461632e-75
unclassified_no_pfam,diverse,16.0,13.619369015853085,0.23241204014641093,0.17204301075268819,position_lcr,1.2921993158461632e-75,,,LCRFinder,1.2921993158461632e-75
unclassified_no_pfam,mRNA,499.0,494.8370742426621,0.012086221427901472,0.14767682746374666,position_lcr,1.2921993158461632e-75,,,LCRFinder,1.2921993158461632e-75
unclassified_no_pfam,ncRNA,97.0,57.992151938471196,0.7421270733619606,0.24494949494949494,position_lcr,1.2921993158461632e-75,,,LCRFinder,1.2921993158461632e-75
unclassified_no_pfam,pre-rRNA,56.0,46.862345000784806,0.25699767842468435,0.175,position_lcr,1.2921993158461632e-75,,,LCRFinder,1.2921993158461632e-75
unclassified_no_pfam,ribosomal protein,0.0,7.615131062627531,,0.0,position_lcr,1.2921993158461632e-75,,,LCRFinder,1.2921993158461632e-75
unclassified_no_pfam,snRNA,109.0,51.40213467273583,1.0844279557268082,0.31054131054131057,position_lcr,1.2921993158461632e-75,,,LCRFinder,1.2921993158461632e-75
unclassified_no_pfam,snoRNA,17.0,21.96672421911788,-0.3697849979910991,0.11333333333333333,position_lcr,1.2921993158461632e-75,,,LCRFinder,1.2921993158461632e-75
unclassified_no_pfam,tRNA,18.0,21.52738973473552,-0.2581764921396096,0.12244897959183673,position_lcr,1.2921993158461632e-75,,,LCRFinder,1.2921993158461632e-75
unclassified_no_pfam,unknown,121.0,217.1776801130121,-0.8438687939255937,0.0815913688469319,position_lcr,1.2921993158461632e-75,,,LCRFinder,1.2921993158461632e-75
,diverse,93.0,93.0,0.0,1.0,no_pfam_lcr,,pfam_classified,,LCRFinder,
,mRNA,3379.0,3379.0,0.0,1.0,no_pfam_lcr,,pfam_classified,,LCRFinder,
,ncRNA,396.0,396.0,0.0,1.0,no_pfam_lcr,,pfam_classified,,LCRFinder,
,pre-rRNA,320.0,320.0,0.0,1.0,no_pfam_lcr,,pfam_classified,,LCRFinder,
,ribosomal protein,52.0,52.0,0.0,1.0,no_pfam_lcr,,pfam_classified,,LCRFinder,
,snRNA,351.0,351.0,0.0,1.0,no_pfam_lcr,,pfam_classified,,LCRFinder,
,snoRNA,150.0,150.0,0.0,1.0,no_pfam_lcr,,pfam_classified,,LCRFinder,
,tRNA,147.0,147.0,0.0,1.0,no_pfam_lcr,,pfam_classified,,LCRFinder,
,unknown,1483.0,1483.0,0.0,1.0,no_pfam_lcr,,pfam_classified,,LCRFinder,
,diverse,9.0,18.62627530999843,-1.0493423013243872,0.0967741935483871,signature_sequence_count_lcr,3.3682344223732215e-88,,acidic_region,LCRFinder,3.929606826102092e-88
,mRNA,522.0,676.7546695966097,-0.37458313025258533,0.15448357502219592,signature_sequence_count_lcr,3.3682344223732215e-88,,acidic_region,LCRFinder,3.929606826102092e-88
,ncRNA,96.0,79.31188196515461,0.27549738898287823,0.24242424242424243,signature_sequence_count_lcr,3.3682344223732215e-88,,acidic_region,LCRFinder,3.929606826102092e-88
,pre-rRNA,137.0,64.0904096688118,1.0959954964144962,0.428125,signature_sequence_count_lcr,3.3682344223732215e-88,,acidic_region,LCRFinder,3.929606826102092e-88
,ribosomal protein,7.0,10.414691571181917,-0.5731932877421562,0.1346153846153846,signature_sequence_count_lcr,3.3682344223732215e-88,,acidic_region,LCRFinder,3.929606826102092e-88
,snRNA,81.0,70.29916810547795,0.20441429092139587,0.23076923076923078,signature_sequence_count_lcr,3.3682344223732215e-88,,acidic_region,LCRFinder,3.929606826102092e-88
,snoRNA,56.0,30.042379532255534,0.898427739903055,0.37333333333333335,signature_sequence_count_lcr,3.3682344223732215e-88,,acidic_region,LCRFinder,3.929606826102092e-88
,tRNA,29.0,29.44153194161042,-0.02179984136746047,0.19727891156462585,signature_sequence_count_lcr,3.3682344223732215e-88,,acidic_region,LCRFinder,3.929606826102092e-88
,unknown,339.0,297.0189923088997,0.19073008902304517,0.22859069453809844,signature_sequence_count_lcr,3.3682344223732215e-88,,acidic_region,LCRFinder,3.929606826102092e-88
,diverse,8.0,11.13781196044577,-0.4773939358363606,0.08602150537634409,signature_sequence_count_lcr,3.3682344223732215e-88,,arginine_rich_rna_contact_region,LCRFinder,3.929606826102092e-88
,mRNA,471.0,404.67383456286296,0.21896748972065241,0.13939035217519977,signature_sequence_count_lcr,3.3682344223732215e-88,,arginine_rich_rna_contact_region,LCRFinder,3.929606826102092e-88
,ncRNA,37.0,47.42552189609167,-0.35813837917898916,0.09343434343434344,signature_sequence_count_lcr,3.3682344223732215e-88,,arginine_rich_rna_contact_region,LCRFinder,3.929606826102092e-88
,pre-rRNA,32.0,38.32365405744781,-0.26016321961569167,0.1,signature_sequence_count_lcr,3.3682344223732215e-88,,arginine_rich_rna_contact_region,LCRFinder,3.929606826102092e-88
,ribosomal protein,6.0,6.227593784335269,-0.053712342148265216,0.11538461538461539,signature_sequence_count_lcr,3.3682344223732215e-88,,arginine_rich_rna_contact_region,LCRFinder,3.929606826102092e-88
,snRNA,51.0,42.036258044263064,0.27886299693860567,0.1452991452991453,signature_sequence_count_lcr,3.3682344223732215e-88,,arginine_rich_rna_contact_region,LCRFinder,3.929606826102092e-88
,snoRNA,6.0,17.96421283942866,-1.5820913145030542,0.04,signature_sequence_count_lcr,3.3682344223732215e-88,,arginine_rich_rna_contact_region,LCRFinder,3.929606826102092e-88
,tRNA,17.0,17.60492858264009,-0.05044462831435428,0.11564625850340136,signature_sequence_count_lcr,3.3682344223732215e-88,,arginine_rich_rna_contact_region,LCRFinder,3.929606826102092e-88
,unknown,135.0,177.60618427248468,-0.3957224101321288,0.09103169251517194,signature_sequence_count_lcr,3.3682344223732215e-88,,arginine_rich_rna_contact_region,LCRFinder,3.929606826102092e-88
,diverse,0.0,0.20436352221001414,,0.0,signature_sequence_count_lcr,3.3682344223732215e-88,,aromatic_aggregation_prone_region,LCRFinder,3.929606826102092e-88
,mRNA,7.0,7.425207973630513,-0.08507651305760039,0.0020716188221367266,signature_sequence_count_lcr,3.3682344223732215e-88,,aromatic_aggregation_prone_region,LCRFinder,3.929606826102092e-88
,ncRNA,3.0,0.8701930623136085,1.785555080690144,0.007575757575757576,signature_sequence_count_lcr,3.3682344223732215e-88,,aromatic_aggregation_prone_region,LCRFinder,3.929606826102092e-88
,pre-rRNA,0.0,0.7031863129806938,,0.0,signature_sequence_count_lcr,3.3682344223732215e-88,,aromatic_aggregation_prone_region,LCRFinder,3.929606826102092e-88
,ribosomal protein,0.0,0.11426777585936274,,0.0,signature_sequence_count_lcr,3.3682344223732215e-88,,aromatic_aggregation_prone_region,LCRFinder,3.929606826102092e-88
,snRNA,0.0,0.7713074870506985,,0.0,signature_sequence_count_lcr,3.3682344223732215e-88,,aromatic_aggregation_prone_region,LCRFinder,3.929606826102092e-88
,snoRNA,0.0,0.3296185842097002,,0.0,signature_sequence_count_lcr,3.3682344223732215e-88,,aromatic_aggregation_prone_region,LCRFinder,3.929606826102092e-88
,tRNA,0.0,0.3230262125255062,,0.0,signature_sequence_count_lcr,3.3682344223732215e-88,,aromatic_aggregation_prone_region,LCRFinder,3.929606826102092e-88
,unknown,4.0,3.2588290692199027,0.2956463175939665,0.0026972353337828725,signature_sequence_count_lcr,3.3682344223732215e-88,,aromatic_aggregation_prone_region,LCRFinder,3.929606826102092e-88
,diverse,4.0,3.1968293831423638,0.3233582513969965,0.043010752688172046,signature_sequence_count_lcr,3.3682344223732215e-88,,aromatic_sticker_region,LCRFinder,3.929606826102092e-88
,mRNA,142.0,116.15146758750589,0.2898835468459083,0.042024267534773604,signature_sequence_count_lcr,3.3682344223732215e-88,,aromatic_sticker_region,LCRFinder,3.929606826102092e-88
,ncRNA,14.0,13.612305760477161,0.040515364483022454,0.03535353535353535,signature_sequence_count_lcr,3.3682344223732215e-88,,aromatic_sticker_region,LCRFinder,3.929606826102092e-88
,pre-rRNA,0.0,10.999843038769423,,0.0,signature_sequence_count_lcr,3.3682344223732215e-88,,aromatic_sticker_region,LCRFinder,3.929606826102092e-88
,ribosomal protein,1.0,1.7874744938000313,-0.8379226556360644,0.019230769230769232,signature_sequence_count_lcr,3.3682344223732215e-88,,aromatic_sticker_region,LCRFinder,3.929606826102092e-88
,snRNA,5.0,12.065452833150212,-1.2708820629121707,0.014245014245014245,signature_sequence_count_lcr,3.3682344223732215e-88,,aromatic_sticker_region,LCRFinder,3.929606826102092e-88
,snoRNA,2.0,5.156176424423167,-1.3663016279908529,0.013333333333333334,signature_sequence_count_lcr,3.3682344223732215e-88,,aromatic_sticker_region,LCRFinder,3.929606826102092e-88
,tRNA,3.0,5.053052895934704,-0.7521927816101804,0.02040816326530612,signature_sequence_count_lcr,3.3682344223732215e-88,,aromatic_sticker_region,LCRFinder,3.929606826102092e-88
,unknown,48.0,50.977397582797046,-0.08682331922844636,0.03236682400539447,signature_sequence_count_lcr,3.3682344223732215e-88,,aromatic_sticker_region,LCRFinder,3.929606826102092e-88
,diverse,4.0,8.101553916182702,-1.0181986502392983,0.043010752688172046,signature_sequence_count_lcr,3.3682344223732215e-88,,basic_enriched_region,LCRFinder,3.929606826102092e-88
,mRNA,183.0,294.3564589546382,-0.6857206360110262,0.05415803492157443,signature_sequence_count_lcr,3.3682344223732215e-88,,basic_enriched_region,LCRFinder,3.929606826102092e-88
,ncRNA,33.0,34.49693925600377,-0.06400233985242335,0.08333333333333333,signature_sequence_count_lcr,3.3682344223732215e-88,,basic_enriched_region,LCRFinder,3.929606826102092e-88
,pre-rRNA,65.0,27.876314550306073,1.221399879009825,0.203125,signature_sequence_count_lcr,3.3682344223732215e-88,,basic_enriched_region,LCRFinder,3.929606826102092e-88
,ribosomal protein,21.0,4.529901114424737,2.212837865506401,0.40384615384615385,signature_sequence_count_lcr,3.3682344223732215e-88,,basic_enriched_region,LCRFinder,3.929606826102092e-88
,snRNA,31.0,30.576832522366974,0.019829250951047504,0.08831908831908832,signature_sequence_count_lcr,3.3682344223732215e-88,,basic_enriched_region,LCRFinder,3.929606826102092e-88
,snoRNA,40.0,13.067022445455972,1.6140695652602144,0.26666666666666666,signature_sequence_count_lcr,3.3682344223732215e-88,,basic_enriched_region,LCRFinder,3.929606826102092e-88
,tRNA,24.0,12.805681996546854,0.9062503167535246,0.16326530612244897,signature_sequence_count_lcr,3.3682344223732215e-88,,basic_enriched_region,LCRFinder,3.929606826102092e-88
,unknown,154.0,129.1892952440747,0.25344381910900377,0.10384356035064059,signature_sequence_count_lcr,3.3682344223732215e-88,,basic_enriched_region,LCRFinder,3.929606826102092e-88
,diverse,0.0,0.05838957777428975,,0.0,signature_sequence_count_lcr,3.3682344223732215e-88,,cation_pi_rich_neighborhood,LCRFinder,3.929606826102092e-88
,mRNA,2.0,2.1214879924658607,-0.08507651305760022,0.0005918910920390648,signature_sequence_count_lcr,3.3682344223732215e-88,,cation_pi_rich_neighborhood,LCRFinder,3.929606826102092e-88
,ncRNA,0.0,0.2486265892324596,,0.0,signature_sequence_count_lcr,3.3682344223732215e-88,,cation_pi_rich_neighborhood,LCRFinder,3.929606826102092e-88
,pre-rRNA,0.0,0.20091037513734109,,0.0,signature_sequence_count_lcr,3.3682344223732215e-88,,cation_pi_rich_neighborhood,LCRFinder,3.929606826102092e-88
,ribosomal protein,0.0,0.03264793595981792,,0.0,signature_sequence_count_lcr,3.3682344223732215e-88,,cation_pi_rich_neighborhood,LCRFinder,3.929606826102092e-88
,snRNA,0.0,0.22037356772877098,,0.0,signature_sequence_count_lcr,3.3682344223732215e-88,,cation_pi_rich_neighborhood,LCRFinder,3.929606826102092e-88
,snoRNA,0.0,0.09417673834562863,,0.0,signature_sequence_count_lcr,3.3682344223732215e-88,,cation_pi_rich_neighborhood,LCRFinder,3.929606826102092e-88
,tRNA,1.0,0.09229320357871605,3.437631777269837,0.006802721088435374,signature_sequence_count_lcr,3.3682344223732215e-88,,cation_pi_rich_neighborhood,LCRFinder,3.929606826102092e-88
,unknown,1.0,0.931094019777115,0.1030012396515707,0.0006743088334457181,signature_sequence_count_lcr,3.3682344223732215e-88,,cation_pi_rich_neighborhood,LCRFinder,3.929606826102092e-88
,diverse,39.0,30.464762203735678,0.35633264470058323,0.41935483870967744,signature_sequence_count_lcr,3.3682344223732215e-88,,disorder_rich_spacer_region,LCRFinder,3.929606826102092e-88
,mRNA,1230.0,1106.886360069063,0.15215120200916699,0.3640130216040249,signature_sequence_count_lcr,3.3682344223732215e-88,,disorder_rich_spacer_region,LCRFinder,3.929606826102092e-88
,ncRNA,136.0,129.7209229320358,0.06819545811709588,0.3434343434343434,signature_sequence_count_lcr,3.3682344223732215e-88,,disorder_rich_spacer_region,LCRFinder,3.929606826102092e-88
,pre-rRNA,47.0,104.82498822790771,-1.1572500062633588,0.146875,signature_sequence_count_lcr,3.3682344223732215e-88,,disorder_rich_spacer_region,LCRFinder,3.929606826102092e-88
,ribosomal protein,13.0,17.034060587035004,-0.38991076305363404,0.25,signature_sequence_count_lcr,3.3682344223732215e-88,,disorder_rich_spacer_region,LCRFinder,3.929606826102092e-88
,snRNA,99.0,114.97990896248626,-0.21588136327858487,0.28205128205128205,signature_sequence_count_lcr,3.3682344223732215e-88,,disorder_rich_spacer_region,LCRFinder,3.929606826102092e-88
,snoRNA,29.0,49.136713231831735,-0.7607484584219426,0.19333333333333333,signature_sequence_count_lcr,3.3682344223732215e-88,,disorder_rich_spacer_region,LCRFinder,3.929606826102092e-88
,tRNA,41.0,48.1539789671951,-0.23203110327191453,0.2789115646258503,signature_sequence_count_lcr,3.3682344223732215e-88,,disorder_rich_spacer_region,LCRFinder,3.929606826102092e-88
,unknown,453.0,485.79830481870977,-0.10084640546202919,0.3054619015509103,signature_sequence_count_lcr,3.3682344223732215e-88,,disorder_rich_spacer_region,LCRFinder,3.929606826102092e-88
,diverse,0.0,0.20436352221001414,,0.0,signature_sequence_count_lcr,3.3682344223732215e-88,,glutamine_rich_region,LCRFinder,3.929606826102092e-88
,mRNA,9.0,7.425207973630513,0.2774935663271079,0.0026635099141757916,signature_sequence_count_lcr,3.3682344223732215e-88,,glutamine_rich_region,LCRFinder,3.929606826102092e-88
,ncRNA,0.0,0.8701930623136085,,0.0,signature_sequence_count_lcr,3.3682344223732215e-88,,glutamine_rich_region,LCRFinder,3.929606826102092e-88
,pre-rRNA,0.0,0.7031863129806938,,0.0,signature_sequence_count_lcr,3.3682344223732215e-88,,glutamine_rich_region,LCRFinder,3.929606826102092e-88
,ribosomal protein,0.0,0.11426777585936274,,0.0,signature_sequence_count_lcr,3.3682344223732215e-88,,glutamine_rich_region,LCRFinder,3.929606826102092e-88
,snRNA,1.0,0.7713074870506985,0.37462197974403627,0.002849002849002849,signature_sequence_count_lcr,3.3682344223732215e-88,,glutamine_rich_region,LCRFinder,3.929606826102092e-88
,snoRNA,0.0,0.3296185842097002,,0.0,signature_sequence_count_lcr,3.3682344223732215e-88,,glutamine_rich_region,LCRFinder,3.929606826102092e-88
,tRNA,0.0,0.3230262125255062,,0.0,signature_sequence_count_lcr,3.3682344223732215e-88,,glutamine_rich_region,LCRFinder,3.929606826102092e-88
,unknown,4.0,3.2588290692199027,0.2956463175939665,0.0026972353337828725,signature_sequence_count_lcr,3.3682344223732215e-88,,glutamine_rich_region,LCRFinder,3.929606826102092e-88
,diverse,0.0,0.08758436666143463,,0.0,signature_sequence_count_lcr,3.3682344223732215e-88,,glycine_rich_region,LCRFinder,3.929606826102092e-88
,mRNA,6.0,3.1822319886987915,0.9149234869423996,0.0017756732761171944,signature_sequence_count_lcr,3.3682344223732215e-88,,glycine_rich_region,LCRFinder,3.929606826102092e-88
,ncRNA,0.0,0.37293988384868937,,0.0,signature_sequence_count_lcr,3.3682344223732215e-88,,glycine_rich_region,LCRFinder,3.929606826102092e-88
,pre-rRNA,0.0,0.3013655627060116,,0.0,signature_sequence_count_lcr,3.3682344223732215e-88,,glycine_rich_region,LCRFinder,3.929606826102092e-88
,ribosomal protein,0.0,0.04897190393972689,,0.0,signature_sequence_count_lcr,3.3682344223732215e-88,,glycine_rich_region,LCRFinder,3.929606826102092e-88
,snRNA,0.0,0.3305603515931565,,0.0,signature_sequence_count_lcr,3.3682344223732215e-88,,glycine_rich_region,LCRFinder,3.929606826102092e-88
,snoRNA,0.0,0.14126510751844296,,0.0,signature_sequence_count_lcr,3.3682344223732215e-88,,glycine_rich_region,LCRFinder,3.929606826102092e-88
,tRNA,0.0,0.1384398053680741,,0.0,signature_sequence_count_lcr,3.3682344223732215e-88,,glycine_rich_region,LCRFinder,3.929606826102092e-88
,unknown,0.0,1.3966410296656726,,0.0,signature_sequence_count_lcr,3.3682344223732215e-88,,glycine_rich_region,LCRFinder,3.929606826102092e-88
,diverse,6.0,4.685763616386753,0.35667832459702276,0.06451612903225806,signature_sequence_count_lcr,3.3682344223732215e-88,,gs_rich_neutral_region,LCRFinder,3.929606826102092e-88
,mRNA,198.0,170.24941139538535,0.21785061989970606,0.05859721811186742,signature_sequence_count_lcr,3.3682344223732215e-88,,gs_rich_neutral_region,LCRFinder,3.929606826102092e-88
,ncRNA,10.0,19.952283785904882,-0.9965538902083493,0.025252525252525252,signature_sequence_count_lcr,3.3682344223732215e-88,,gs_rich_neutral_region,LCRFinder,3.929606826102092e-88
,pre-rRNA,3.0,16.12305760477162,-2.426090959182308,0.009375,signature_sequence_count_lcr,3.3682344223732215e-88,,gs_rich_neutral_region,LCRFinder,3.929606826102092e-88
,ribosomal protein,2.0,2.6199968607753883,-0.3895650831571939,0.038461538461538464,signature_sequence_count_lcr,3.3682344223732215e-88,,gs_rich_neutral_region,LCRFinder,3.929606826102092e-88
,snRNA,8.0,17.684978810233872,-1.1444525853206626,0.022792022792022793,signature_sequence_count_lcr,3.3682344223732215e-88,,gs_rich_neutral_region,LCRFinder,3.929606826102092e-88
,snoRNA,0.0,7.557683252236697,,0.0,signature_sequence_count_lcr,3.3682344223732215e-88,,gs_rich_neutral_region,LCRFinder,3.929606826102092e-88
,tRNA,3.0,7.406529587191963,-1.3038352091313101,0.02040816326530612,signature_sequence_count_lcr,3.3682344223732215e-88,,gs_rich_neutral_region,LCRFinder,3.929606826102092e-88
,unknown,91.0,74.72029508711348,0.2843663927279637,0.06136210384356035,signature_sequence_count_lcr,3.3682344223732215e-88,,gs_rich_neutral_region,LCRFinder,3.929606826102092e-88
,diverse,14.0,7.1527232773504945,0.9688622940532033,0.15053763440860216,signature_sequence_count_lcr,3.3682344223732215e-88,,hydrophobic_region,LCRFinder,3.929606826102092e-88
,mRNA,215.0,259.88227907706795,-0.27352160247071056,0.06362829239419947,signature_sequence_count_lcr,3.3682344223732215e-88,,hydrophobic_region,LCRFinder,3.929606826102092e-88
,ncRNA,40.0,30.4567571809763,0.39323765791138326,0.10101010101010101,signature_sequence_count_lcr,3.3682344223732215e-88,,hydrophobic_region,LCRFinder,3.929606826102092e-88
,pre-rRNA,25.0,24.61152095432428,0.022594277990992936,0.078125,signature_sequence_count_lcr,3.3682344223732215e-88,,hydrophobic_region,LCRFinder,3.929606826102092e-88
,ribosomal protein,1.0,3.9993721550776957,-1.9997735350374615,0.019230769230769232,signature_sequence_count_lcr,3.3682344223732215e-88,,hydrophobic_region,LCRFinder,3.929606826102092e-88
,snRNA,32.0,26.99576204677445,0.24533896279906992,0.09116809116809117,signature_sequence_count_lcr,3.3682344223732215e-88,,hydrophobic_region,LCRFinder,3.929606826102092e-88
,snoRNA,8.0,11.536650447339508,-0.5281525073922503,0.05333333333333334,signature_sequence_count_lcr,3.3682344223732215e-88,,hydrophobic_region,LCRFinder,3.929606826102092e-88
,tRNA,21.0,11.305917438392717,0.8933112610460265,0.14285714285714285,signature_sequence_count_lcr,3.3682344223732215e-88,,hydrophobic_region,LCRFinder,3.929606826102092e-88
,unknown,134.0,114.0590174226966,0.23245249110677244,0.09035738368172623,signature_sequence_count_lcr,3.3682344223732215e-88,,hydrophobic_region,LCRFinder,3.929606826102092e-88
,diverse,1.0,0.7444671166221943,0.4257199690266741,0.010752688172043012,signature_sequence_count_lcr,3.3682344223732215e-88,,mixed_charge_polyampholyte,LCRFinder,3.929606826102092e-88
,mRNA,25.0,27.048971903939727,-0.11364566525437128,0.00739863865048831,signature_sequence_count_lcr,3.3682344223732215e-88,,mixed_charge_polyampholyte,LCRFinder,3.929606826102092e-88
,ncRNA,5.0,3.1699890127138595,0.6574502549424583,0.012626262626262626,signature_sequence_count_lcr,3.3682344223732215e-88,,mixed_charge_polyampholyte,LCRFinder,3.929606826102092e-88
,pre-rRNA,2.0,2.5616072830010985,-0.35704931475265655,0.00625,signature_sequence_count_lcr,3.3682344223732215e-88,,mixed_charge_polyampholyte,LCRFinder,3.929606826102092e-88
,ribosomal protein,0.0,0.41626118348767854,,0.0,signature_sequence_count_lcr,3.3682344223732215e-88,,mixed_charge_polyampholyte,LCRFinder,3.929606826102092e-88
,snRNA,3.0,2.8097629885418303,0.09451406055130117,0.008547008547008548,signature_sequence_count_lcr,3.3682344223732215e-88,,mixed_charge_polyampholyte,LCRFinder,3.929606826102092e-88
,snoRNA,1.0,1.200753413906765,-0.26393991036117526,0.006666666666666667,signature_sequence_count_lcr,3.3682344223732215e-88,,mixed_charge_polyampholyte,LCRFinder,3.929606826102092e-88
,tRNA,1.0,1.1767383456286298,-0.2347935647016588,0.006802721088435374,signature_sequence_count_lcr,3.3682344223732215e-88,,mixed_charge_polyampholyte,LCRFinder,3.929606826102092e-88
,unknown,13.0,11.871448752158217,0.1310156158211671,0.008766014834794335,signature_sequence_count_lcr,3.3682344223732215e-88,,mixed_charge_polyampholyte,LCRFinder,3.929606826102092e-88
,diverse,2.0,1.5035316276879611,0.41164478381495134,0.021505376344086023,signature_sequence_count_lcr,3.3682344223732215e-88,,polar_linker,LCRFinder,3.929606826102092e-88
,mRNA,70.0,54.62831580599592,0.35770597670414767,0.020716188221367268,signature_sequence_count_lcr,3.3682344223732215e-88,,polar_linker,LCRFinder,3.929606826102092e-88
,ncRNA,5.0,6.402134672735834,-0.3566249302692644,0.012626262626262626,signature_sequence_count_lcr,3.3682344223732215e-88,,polar_linker,LCRFinder,3.929606826102092e-88
,pre-rRNA,1.0,5.173442159786533,-2.3711244999643797,0.003125,signature_sequence_count_lcr,3.3682344223732215e-88,,polar_linker,LCRFinder,3.929606826102092e-88
,ribosomal protein,0.0,0.8406843509653116,,0.0,signature_sequence_count_lcr,3.3682344223732215e-88,,polar_linker,LCRFinder,3.929606826102092e-88
,snRNA,2.0,5.674619369015853,-1.504523625381578,0.005698005698005698,signature_sequence_count_lcr,3.3682344223732215e-88,,polar_linker,LCRFinder,3.929606826102092e-88
,snoRNA,1.0,2.4250510123999374,-1.2780150955728982,0.006666666666666667,signature_sequence_count_lcr,3.3682344223732215e-88,,polar_linker,LCRFinder,3.929606826102092e-88
,tRNA,1.0,2.3765499921519386,-1.2488687499133817,0.006802721088435374,signature_sequence_count_lcr,3.3682344223732215e-88,,polar_linker,LCRFinder,3.929606826102092e-88
,unknown,21.0,23.97567100926071,-0.1911818647528873,0.014160485502360081,signature_sequence_count_lcr,3.3682344223732215e-88,,polar_linker,LCRFinder,3.929606826102092e-88
,diverse,1.0,0.8174540888400565,0.29079038894056564,0.010752688172043012,signature_sequence_count_lcr,3.3682344223732215e-88,,proline_rich_disordered_region,LCRFinder,3.929606826102092e-88
,mRNA,26.0,29.700831894522054,-0.19199171697411227,0.007694584196507843,signature_sequence_count_lcr,3.3682344223732215e-88,,proline_rich_disordered_region,LCRFinder,3.929606826102092e-88
,ncRNA,2.0,3.480772249254434,-0.7994074200310124,0.005050505050505051,signature_sequence_count_lcr,3.3682344223732215e-88,,proline_rich_disordered_region,LCRFinder,3.929606826102092e-88
,pre-rRNA,0.0,2.812745251922775,,0.0,signature_sequence_count_lcr,3.3682344223732215e-88,,proline_rich_disordered_region,LCRFinder,3.929606826102092e-88
,ribosomal protein,0.0,0.45707110343745094,,0.0,signature_sequence_count_lcr,3.3682344223732215e-88,,proline_rich_disordered_region,LCRFinder,3.929606826102092e-88
,snRNA,6.0,3.085229948202794,0.9595844804651925,0.017094017094017096,signature_sequence_count_lcr,3.3682344223732215e-88,,proline_rich_disordered_region,LCRFinder,3.929606826102092e-88
,snoRNA,1.0,1.3184743368388008,-0.3988694904472837,0.006666666666666667,signature_sequence_count_lcr,3.3682344223732215e-88,,proline_rich_disordered_region,LCRFinder,3.929606826102092e-88
,tRNA,3.0,1.2921048501020247,1.215239355933389,0.02040816326530612,signature_sequence_count_lcr,3.3682344223732215e-88,,proline_rich_disordered_region,LCRFinder,3.929606826102092e-88
,unknown,17.0,13.03531627687961,0.3831091588443061,0.011463250168577209,signature_sequence_count_lcr,3.3682344223732215e-88,,proline_rich_disordered_region,LCRFinder,3.929606826102092e-88
,diverse,0.0,1.269973316590802,,0.0,signature_sequence_count_lcr,3.3682344223732215e-88,,rg_rgg_repeat_region,LCRFinder,3.929606826102092e-88
,mRNA,57.0,46.142363836132475,0.3048700052584131,0.016868896123113347,signature_sequence_count_lcr,3.3682344223732215e-88,,rg_rgg_repeat_region,LCRFinder,3.929606826102092e-88
,ncRNA,0.0,5.407628315805996,,0.0,signature_sequence_count_lcr,3.3682344223732215e-88,,rg_rgg_repeat_region,LCRFinder,3.929606826102092e-88
,pre-rRNA,0.0,4.3698006592371685,,0.0,signature_sequence_count_lcr,3.3682344223732215e-88,,rg_rgg_repeat_region,LCRFinder,3.929606826102092e-88
,ribosomal protein,1.0,0.7100926071260398,0.49392090811638084,0.019230769230769232,signature_sequence_count_lcr,3.3682344223732215e-88,,rg_rgg_repeat_region,LCRFinder,3.929606826102092e-88
,snRNA,4.0,4.793125098100769,-0.26096659404708783,0.011396011396011397,signature_sequence_count_lcr,3.3682344223732215e-88,,rg_rgg_repeat_region,LCRFinder,3.929606826102092e-88
,snoRNA,5.0,2.0483440590174227,1.2874700306489544,0.03333333333333333,signature_sequence_count_lcr,3.3682344223732215e-88,,rg_rgg_repeat_region,LCRFinder,3.929606826102092e-88
,tRNA,0.0,2.0073771778370744,,0.0,signature_sequence_count_lcr,3.3682344223732215e-88,,rg_rgg_repeat_region,LCRFinder,3.929606826102092e-88
,unknown,20.0,20.251294930152252,-0.018014161309795253,0.013486176668914362,signature_sequence_count_lcr,3.3682344223732215e-88,,rg_rgg_repeat_region,LCRFinder,3.929606826102092e-88
,diverse,4.0,1.1531941610422225,1.794364562821067,0.043010752688172046,signature_sequence_count_lcr,3.3682344223732215e-88,,serine_rich_region,LCRFinder,3.929606826102092e-88
,mRNA,41.0,41.89938785120076,-0.031305256616619696,0.01213376738680083,signature_sequence_count_lcr,3.3682344223732215e-88,,serine_rich_region,LCRFinder,3.929606826102092e-88
,ncRNA,12.0,4.9103751373410764,1.289129254570645,0.030303030303030304,signature_sequence_count_lcr,3.3682344223732215e-88,,serine_rich_region,LCRFinder,3.929606826102092e-88
,pre-rRNA,3.0,3.9679799089624863,-0.4034422202371079,0.009375,signature_sequence_count_lcr,3.3682344223732215e-88,,serine_rich_region,LCRFinder,3.929606826102092e-88
,ribosomal protein,0.0,0.644796735206404,,0.0,signature_sequence_count_lcr,3.3682344223732215e-88,,serine_rich_region,LCRFinder,3.929606826102092e-88
,snRNA,3.0,4.352377962643227,-0.5368413456543061,0.008547008547008548,signature_sequence_count_lcr,3.3682344223732215e-88,,serine_rich_region,LCRFinder,3.929606826102092e-88
,snoRNA,0.0,1.8599905823261655,,0.0,signature_sequence_count_lcr,3.3682344223732215e-88,,serine_rich_region,LCRFinder,3.929606826102092e-88
,tRNA,2.0,1.8227907706796422,0.1338510290927337,0.013605442176870748,signature_sequence_count_lcr,3.3682344223732215e-88,,serine_rich_region,LCRFinder,3.929606826102092e-88
,unknown,14.0,18.389106890598022,-0.39342458646792816,0.009440323668240054,signature_sequence_count_lcr,3.3682344223732215e-88,,serine_rich_region,LCRFinder,3.929606826102092e-88
,diverse,0.0,2.3647778998587348,,0.0,signature_sequence_count_lcr,3.3682344223732215e-88,,sr_rs_repeat_region,LCRFinder,3.929606826102092e-88
,mRNA,129.0,85.92026369486737,0.586300739481029,0.03817697543651968,signature_sequence_count_lcr,3.3682344223732215e-88,,sr_rs_repeat_region,LCRFinder,3.929606826102092e-88
,ncRNA,0.0,10.069376863914613,,0.0,signature_sequence_count_lcr,3.3682344223732215e-88,,sr_rs_repeat_region,LCRFinder,3.929606826102092e-88
,pre-rRNA,1.0,8.136870193062313,-3.024473975665786,0.003125,signature_sequence_count_lcr,3.3682344223732215e-88,,sr_rs_repeat_region,LCRFinder,3.929606826102092e-88
,ribosomal protein,0.0,1.322241406372626,,0.0,signature_sequence_count_lcr,3.3682344223732215e-88,,sr_rs_repeat_region,LCRFinder,3.929606826102092e-88
,snRNA,22.0,8.925129493015225,1.301558517554313,0.06267806267806268,signature_sequence_count_lcr,3.3682344223732215e-88,,sr_rs_repeat_region,LCRFinder,3.929606826102092e-88
,snoRNA,0.0,3.8141579029979593,,0.0,signature_sequence_count_lcr,3.3682344223732215e-88,,sr_rs_repeat_region,LCRFinder,3.929606826102092e-88
,tRNA,0.0,3.7378747449380003,,0.0,signature_sequence_count_lcr,3.3682344223732215e-88,,sr_rs_repeat_region,LCRFinder,3.929606826102092e-88
,unknown,10.0,37.70930780097316,-1.9149206683456916,0.006743088334457181,signature_sequence_count_lcr,3.3682344223732215e-88,,sr_rs_repeat_region,LCRFinder,3.929606826102092e-88
,diverse,1.0,1.2261811332600847,-0.2941721117805905,0.010752688172043012,signature_sequence_count_lcr,3.3682344223732215e-88,,unmapped_physicochemical_properties,LCRFinder,3.929606826102092e-88
,mRNA,46.0,44.55124784178308,0.046168020220652105,0.01361349511689849,signature_sequence_count_lcr,3.3682344223732215e-88,,unmapped_physicochemical_properties,LCRFinder,3.929606826102092e-88
,ncRNA,3.0,5.221158373881651,-0.7994074200310124,0.007575757575757576,signature_sequence_count_lcr,3.3682344223732215e-88,,unmapped_physicochemical_properties,LCRFinder,3.929606826102092e-88
,pre-rRNA,4.0,4.2191178778841625,-0.07694139555992141,0.0125,signature_sequence_count_lcr,3.3682344223732215e-88,,unmapped_physicochemical_properties,LCRFinder,3.929606826102092e-88
,ribosomal protein,0.0,0.6856066551561765,,0.0,signature_sequence_count_lcr,3.3682344223732215e-88,,unmapped_physicochemical_properties,LCRFinder,3.929606826102092e-88
,snRNA,3.0,4.627844922304191,-0.6253780202559637,0.008547008547008548,signature_sequence_count_lcr,3.3682344223732215e-88,,unmapped_physicochemical_properties,LCRFinder,3.929606826102092e-88
,snoRNA,1.0,1.9777115052582013,-0.9838319911684399,0.006666666666666667,signature_sequence_count_lcr,3.3682344223732215e-88,,unmapped_physicochemical_properties,LCRFinder,3.929606826102092e-88
,tRNA,1.0,1.9381572751530372,-0.9546856455089234,0.006802721088435374,signature_sequence_count_lcr,3.3682344223732215e-88,,unmapped_physicochemical_properties,LCRFinder,3.929606826102092e-88
,unknown,25.0,19.552974415319415,0.3545400066475353,0.016857720836142953,signature_sequence_count_lcr,3.3682344223732215e-88,,unmapped_physicochemical_properties,LCRFinder,3.929606826102092e-88
,diverse,63.0,111.78270325593296,-0.8272732356954666,0.10732538330494037,signature_residue_count_lcr,0.0,,acidic_region,LCRFinder,0.0
,mRNA,3557.0,4903.775794793066,-0.46323204477279056,0.1381305580365811,signature_residue_count_lcr,0.0,,acidic_region,LCRFinder,0.0
,ncRNA,710.0,525.5881788524275,0.4338861966411822,0.2572463768115942,signature_residue_count_lcr,0.0,,acidic_region,LCRFinder,0.0
,pre-rRNA,1003.0,400.0944796264313,1.3259089778538038,0.47739171822941456,signature_residue_count_lcr,0.0,,acidic_region,LCRFinder,0.0
,ribosomal protein,49.0,66.26981385530608,-0.435570117818851,0.14080459770114942,signature_residue_count_lcr,0.0,,acidic_region,LCRFinder,0.0
,snRNA,517.0,524.0647348557538,-0.01958075047249421,0.18786337209302326,signature_residue_count_lcr,0.0,,acidic_region,LCRFinder,0.0
,snoRNA,529.0,249.6543849549031,1.0833354758069402,0.40350877192982454,signature_residue_count_lcr,0.0,,acidic_region,LCRFinder,0.0
,tRNA,185.0,183.1941406000128,0.014151910660939184,0.19230769230769232,signature_residue_count_lcr,0.0,,acidic_region,LCRFinder,0.0
,unknown,2318.0,1966.5757692061663,0.237194794122981,0.22446015299699815,signature_residue_count_lcr,0.0,,acidic_region,LCRFinder,0.0
,diverse,44.0,64.00814516300987,-0.5407519788405425,0.07495741056218058,signature_residue_count_lcr,0.0,,arginine_rich_rna_contact_region,LCRFinder,0.0
,mRNA,3223.0,2807.9620887438964,0.19888073094244774,0.12516018795386588,signature_residue_count_lcr,0.0,,arginine_rich_rna_contact_region,LCRFinder,0.0
,ncRNA,212.0,300.9582293865541,-0.5054990014701198,0.07681159420289856,signature_residue_count_lcr,0.0,,arginine_rich_rna_contact_region,LCRFinder,0.0
,pre-rRNA,182.0,229.0989999786776,-0.33203271084213737,0.08662541646834841,signature_residue_count_lcr,0.0,,arginine_rich_rna_contact_region,LCRFinder,0.0
,ribosomal protein,35.0,37.946907183522036,-0.1166273832715493,0.10057471264367816,signature_residue_count_lcr,0.0,,arginine_rich_rna_contact_region,LCRFinder,0.0
,snRNA,407.0,300.08588669268,0.43965332519636174,0.14789244186046513,signature_residue_count_lcr,0.0,,arginine_rich_rna_contact_region,LCRFinder,0.0
,snoRNA,29.0,142.9551589586132,-2.30143787946197,0.02212051868802441,signature_residue_count_lcr,0.0,,arginine_rich_rna_contact_region,LCRFinder,0.0
,tRNA,113.0,104.89920893835689,0.1073189742773582,0.11746361746361747,signature_residue_count_lcr,0.0,,arginine_rich_rna_contact_region,LCRFinder,0.0
,unknown,869.0,1126.0853749546898,-0.37388812835154706,0.08414834898808947,signature_residue_count_lcr,0.0,,arginine_rich_rna_contact_region,LCRFinder,0.0
,diverse,0.0,1.4018209343482804,,0.0,signature_residue_count_lcr,0.0,,aromatic_aggregation_prone_region,LCRFinder,0.0
,mRNA,48.0,61.49623659353078,-0.35746371821189676,0.001864005281348297,signature_residue_count_lcr,0.0,,aromatic_aggregation_prone_region,LCRFinder,0.0
,ncRNA,21.0,6.5911853131196825,1.6717794899294862,0.007608695652173913,signature_residue_count_lcr,0.0,,aromatic_aggregation_prone_region,LCRFinder,0.0
,pre-rRNA,0.0,5.017420414081323,,0.0,signature_residue_count_lcr,0.0,,aromatic_aggregation_prone_region,LCRFinder,0.0
,ribosomal protein,0.0,0.831062496002047,,0.0,signature_residue_count_lcr,0.0,,aromatic_aggregation_prone_region,LCRFinder,0.0
,snRNA,0.0,6.572080428154118,,0.0,signature_residue_count_lcr,0.0,,aromatic_aggregation_prone_region,LCRFinder,0.0
,snoRNA,0.0,3.130813023731849,,0.0,signature_residue_count_lcr,0.0,,aromatic_aggregation_prone_region,LCRFinder,0.0
,tRNA,0.0,2.297362417109107,,0.0,signature_residue_count_lcr,0.0,,aromatic_aggregation_prone_region,LCRFinder,0.0
,unknown,43.0,24.662018379922813,0.8020457827201952,0.0041638423549917696,signature_residue_count_lcr,0.0,,aromatic_aggregation_prone_region,LCRFinder,0.0
,diverse,27.0,23.60566323375765,0.19382638925218115,0.04599659284497445,signature_residue_count_lcr,0.0,,aromatic_sticker_region,LCRFinder,0.0
,mRNA,1236.0,1035.5526983517773,0.2552777703538291,0.04799813599471865,signature_residue_count_lcr,0.0,,aromatic_sticker_region,LCRFinder,0.0
,ncRNA,128.0,110.99085268342608,0.2057030285332334,0.0463768115942029,signature_residue_count_lcr,0.0,,aromatic_sticker_region,LCRFinder,0.0
,pre-rRNA,0.0,84.48977590140515,,0.0,signature_residue_count_lcr,0.0,,aromatic_sticker_region,LCRFinder,0.0
,ribosomal protein,6.0,13.994498816605898,-1.2218254149288073,0.017241379310344827,signature_residue_count_lcr,0.0,,aromatic_sticker_region,LCRFinder,0.0
,snRNA,55.0,110.66914006695238,-1.0087494609786734,0.01998546511627907,signature_residue_count_lcr,0.0,,aromatic_sticker_region,LCRFinder,0.0
,snoRNA,15.0,52.72065502462739,-1.8134057944144713,0.011441647597254004,signature_residue_count_lcr,0.0,,aromatic_sticker_region,LCRFinder,0.0
,tRNA,29.0,38.68594213096228,-0.4157565084437052,0.030145530145530147,signature_residue_count_lcr,0.0,,aromatic_sticker_region,LCRFinder,0.0
,unknown,390.0,415.29077379048596,-0.09064769684978442,0.03776508182434395,signature_residue_count_lcr,0.0,,aromatic_sticker_region,LCRFinder,0.0
,diverse,16.0,44.708074799036225,-1.4824635173574137,0.027257240204429302,signature_residue_count_lcr,0.0,,basic_enriched_region,LCRFinder,0.0
,mRNA,1224.0,1961.2906885008208,-0.6801998193040197,0.047532134674381575,signature_residue_count_lcr,0.0,,basic_enriched_region,LCRFinder,0.0
,ncRNA,210.0,210.21173159342416,-0.0014538582467703307,0.07608695652173914,signature_residue_count_lcr,0.0,,basic_enriched_region,LCRFinder,0.0
,pre-rRNA,397.0,160.0198724919508,1.3108879262225503,0.18895763921941933,signature_residue_count_lcr,0.0,,basic_enriched_region,LCRFinder,0.0
,ribosomal protein,125.0,26.50495746177957,2.2375939645659972,0.35919540229885055,signature_residue_count_lcr,0.0,,basic_enriched_region,LCRFinder,0.0
,snRNA,235.0,209.6024222264867,0.16500536761554027,0.08539244186046512,signature_residue_count_lcr,0.0,,basic_enriched_region,LCRFinder,0.0
,snoRNA,243.0,99.85057250687647,1.283113709136665,0.1853546910755149,signature_residue_count_lcr,0.0,,basic_enriched_region,LCRFinder,0.0
,tRNA,158.0,73.26945137422973,1.1086408401596994,0.16424116424116425,signature_residue_count_lcr,0.0,,basic_enriched_region,LCRFinder,0.0
,unknown,964.0,786.5422290453954,0.2935089211844404,0.09334753558632711,signature_residue_count_lcr,0.0,,basic_enriched_region,LCRFinder,0.0
,diverse,0.0,1.251625834239536,,0.0,signature_residue_count_lcr,0.0,,cation_pi_rich_neighborhood,LCRFinder,0.0
,mRNA,27.0,54.907354101366764,-1.0240399844867047,0.0010485029707584172,signature_residue_count_lcr,0.0,,cation_pi_rich_neighborhood,LCRFinder,0.0
,ncRNA,0.0,5.884986886714002,,0.0,signature_residue_count_lcr,0.0,,cation_pi_rich_neighborhood,LCRFinder,0.0
,pre-rRNA,0.0,4.479839655429753,,0.0,signature_residue_count_lcr,0.0,,cation_pi_rich_neighborhood,LCRFinder,0.0
,ribosomal protein,0.0,0.7420200857161133,,0.0,signature_residue_count_lcr,0.0,,cation_pi_rich_neighborhood,LCRFinder,0.0
,snRNA,0.0,5.8679289537090344,,0.0,signature_residue_count_lcr,0.0,,cation_pi_rich_neighborhood,LCRFinder,0.0
,snoRNA,0.0,2.795368771189151,,0.0,signature_residue_count_lcr,0.0,,cation_pi_rich_neighborhood,LCRFinder,0.0
,tRNA,56.0,2.0512164438474167,4.7708751893866985,0.058212058212058215,signature_residue_count_lcr,0.0,,cation_pi_rich_neighborhood,LCRFinder,0.0
,unknown,17.0,22.019659267788224,-0.3732573984486838,0.001646170233368839,signature_residue_count_lcr,0.0,,cation_pi_rich_neighborhood,LCRFinder,0.0
,diverse,247.0,186.34205420158213,0.40655773928933536,0.42078364565587734,signature_residue_count_lcr,0.0,,disorder_rich_spacer_region,LCRFinder,0.0
,mRNA,8867.0,8174.606878611484,0.11729672325636996,0.3443361422857365,signature_residue_count_lcr,0.0,,disorder_rich_spacer_region,LCRFinder,0.0
,ncRNA,1007.0,876.1568476939807,0.20080261715596312,0.36485507246376814,signature_residue_count_lcr,0.0,,disorder_rich_spacer_region,LCRFinder,0.0
,pre-rRNA,302.0,666.9585279003817,-1.1430485065332572,0.14374107567824845,signature_residue_count_lcr,0.0,,disorder_rich_spacer_region,LCRFinder,0.0
,ribosomal protein,93.0,110.47195036141495,-0.24837748392598705,0.2672413793103448,signature_residue_count_lcr,0.0,,disorder_rich_spacer_region,LCRFinder,0.0
,snRNA,696.0,873.617262628201,-0.3279140580386598,0.25290697674418605,signature_residue_count_lcr,0.0,,disorder_rich_spacer_region,LCRFinder,0.0
,snoRNA,287.0,416.17450265464083,-0.536137842731357,0.21891685736079328,signature_residue_count_lcr,0.0,,disorder_rich_spacer_region,LCRFinder,0.0
,tRNA,239.0,305.38510416000344,-0.3536190749745836,0.24844074844074845,signature_residue_count_lcr,0.0,,disorder_rich_spacer_region,LCRFinder,0.0
,unknown,3150.0,3278.286871788311,-0.05759027670880882,0.3050256608889319,signature_residue_count_lcr,0.0,,disorder_rich_spacer_region,LCRFinder,0.0
,diverse,0.0,1.0138169257340242,,0.0,signature_residue_count_lcr,0.0,,glutamine_rich_region,LCRFinder,0.0
,mRNA,56.0,44.47495682210708,0.33243362229753065,0.00217467282823968,signature_residue_count_lcr,0.0,,glutamine_rich_region,LCRFinder,0.0
,ncRNA,0.0,4.766839378238342,,0.0,signature_residue_count_lcr,0.0,,glutamine_rich_region,LCRFinder,0.0
,pre-rRNA,0.0,3.6286701208981,,0.0,signature_residue_count_lcr,0.0,,glutamine_rich_region,LCRFinder,0.0
,ribosomal protein,0.0,0.6010362694300518,,0.0,signature_residue_count_lcr,0.0,,glutamine_rich_region,LCRFinder,0.0
,snRNA,7.0,4.753022452504318,0.5585097053447428,0.002543604651162791,signature_residue_count_lcr,0.0,,glutamine_rich_region,LCRFinder,0.0
,snoRNA,0.0,2.2642487046632125,,0.0,signature_residue_count_lcr,0.0,,glutamine_rich_region,LCRFinder,0.0
,tRNA,0.0,1.6614853195164077,,0.0,signature_residue_count_lcr,0.0,,glutamine_rich_region,LCRFinder,0.0
,unknown,18.0,17.835924006908463,0.013210948633388944,0.0017430037765081825,signature_residue_count_lcr,0.0,,glutamine_rich_region,LCRFinder,0.0
,diverse,0.0,0.4130365252990469,,0.0,signature_residue_count_lcr,0.0,,glycine_rich_region,LCRFinder,0.0
,mRNA,33.0,18.11942685345103,0.8649287031245514,0.0012815036309269544,signature_residue_count_lcr,0.0,,glycine_rich_region,LCRFinder,0.0
,ncRNA,0.0,1.9420456726156208,,0.0,signature_residue_count_lcr,0.0,,glycine_rich_region,LCRFinder,0.0
,pre-rRNA,0.0,1.4783470862918187,,0.0,signature_residue_count_lcr,0.0,,glycine_rich_region,LCRFinder,0.0
,ribosomal protein,0.0,0.24486662828631742,,0.0,signature_residue_count_lcr,0.0,,glycine_rich_region,LCRFinder,0.0
,snRNA,0.0,1.9364165547239813,,0.0,signature_residue_count_lcr,0.0,,glycine_rich_region,LCRFinder,0.0
,snoRNA,0.0,0.9224716944924198,,0.0,signature_residue_count_lcr,0.0,,glycine_rich_region,LCRFinder,0.0
,tRNA,0.0,0.6769014264696476,,0.0,signature_residue_count_lcr,0.0,,glycine_rich_region,LCRFinder,0.0
,unknown,0.0,7.266487558370114,,0.0,signature_residue_count_lcr,0.0,,glycine_rich_region,LCRFinder,0.0
,diverse,58.0,34.144352758054545,0.7644059138672086,0.09880749574105621,signature_residue_count_lcr,0.0,,gs_rich_neutral_region,LCRFinder,0.0
,mRNA,1664.0,1497.8726198852853,0.1517404922414711,0.06461884975340763,signature_residue_count_lcr,0.0,,gs_rich_neutral_region,LCRFinder,0.0
,ncRNA,107.0,160.542442269558,-0.5853439534146957,0.03876811594202899,signature_residue_count_lcr,0.0,,gs_rich_neutral_region,LCRFinder,0.0
,pre-rRNA,20.0,122.21002580012367,-2.6112907399359946,0.00951927653498334,signature_residue_count_lcr,0.0,,gs_rich_neutral_region,LCRFinder,0.0
,ribosomal protein,14.0,20.24230793833557,-0.5319469619414353,0.040229885057471264,signature_residue_count_lcr,0.0,,gs_rich_neutral_region,LCRFinder,0.0
,snRNA,59.0,160.07710185718247,-1.439980093490568,0.021438953488372093,signature_residue_count_lcr,0.0,,gs_rich_neutral_region,LCRFinder,0.0
,snoRNA,0.0,76.25766007804005,,0.0,signature_residue_count_lcr,0.0,,gs_rich_neutral_region,LCRFinder,0.0
,tRNA,23.0,55.95718458815753,-1.2826895158633402,0.02390852390852391,signature_residue_count_lcr,0.0,,gs_rich_neutral_region,LCRFinder,0.0
,unknown,783.0,600.6963048252628,0.38237651834256975,0.07582066427810594,signature_residue_count_lcr,0.0,,gs_rich_neutral_region,LCRFinder,0.0
,diverse,82.0,32.96782447386938,1.3145652221253785,0.13969335604770017,signature_residue_count_lcr,0.0,,hydrophobic_region,LCRFinder,0.0
,mRNA,1190.0,1446.2597070300005,-0.28136506893665714,0.0462117976000932,signature_residue_count_lcr,0.0,,hydrophobic_region,LCRFinder,0.0
,ncRNA,200.0,155.01055459604683,0.3676335487265401,0.07246376811594203,signature_residue_count_lcr,0.0,,hydrophobic_region,LCRFinder,0.0
,pre-rRNA,131.0,117.9989765240197,0.1507924654817513,0.062351261304140884,signature_residue_count_lcr,0.0,,hydrophobic_region,LCRFinder,0.0
,ribosomal protein,6.0,19.544809057762425,-1.703751084510225,0.017241379310344827,signature_residue_count_lcr,0.0,,hydrophobic_region,LCRFinder,0.0
,snRNA,165.0,154.56124864069596,0.09428737016106471,0.05995639534883721,signature_residue_count_lcr,0.0,,hydrophobic_region,LCRFinder,0.0
,snoRNA,40.0,73.63001343312224,-0.8802939647170451,0.03051106025934401,signature_residue_count_lcr,0.0,,hydrophobic_region,LCRFinder,0.0
,tRNA,125.0,54.02904113094096,1.2101211115093922,0.12993762993762994,signature_residue_count_lcr,0.0,,hydrophobic_region,LCRFinder,0.0
,unknown,695.0,579.9978251135419,0.26096548743005693,0.0672993124818437,signature_residue_count_lcr,0.0,,hydrophobic_region,LCRFinder,0.0
,diverse,6.0,4.7686944284526325,0.33136816099164323,0.010221465076660987,signature_residue_count_lcr,0.0,,mixed_charge_polyampholyte,LCRFinder,0.0
,mRNA,174.0,209.19701912620738,-0.2657749885200424,0.006757019144887577,signature_residue_count_lcr,0.0,,mixed_charge_polyampholyte,LCRFinder,0.0
,ncRNA,57.0,22.42180003838035,1.3460598158797494,0.020652173913043477,signature_residue_count_lcr,0.0,,mixed_charge_polyampholyte,LCRFinder,0.0
,pre-rRNA,12.0,17.06818908718736,-0.5082755925713506,0.005711565920990005,signature_residue_count_lcr,0.0,,mixed_charge_polyampholyte,LCRFinder,0.0
,ribosomal protein,0.0,2.827096526578392,,0.0,signature_residue_count_lcr,0.0,,mixed_charge_polyampholyte,LCRFinder,0.0
,snRNA,31.0,22.35680931363142,0.4715539090653166,0.01126453488372093,signature_residue_count_lcr,0.0,,mixed_charge_polyampholyte,LCRFinder,0.0
,snoRNA,6.0,10.650355018230666,-0.827867116120059,0.004576659038901602,signature_residue_count_lcr,0.0,,mixed_charge_polyampholyte,LCRFinder,0.0
,tRNA,6.0,7.815134651058658,-0.38130822966834643,0.006237006237006237,signature_residue_count_lcr,0.0,,mixed_charge_polyampholyte,LCRFinder,0.0
,unknown,89.0,83.89490181027314,0.08522219354877732,0.008618185339401568,signature_residue_count_lcr,0.0,,mixed_charge_polyampholyte,LCRFinder,0.0
,diverse,15.0,10.125652998997847,0.56694755094235,0.02555366269165247,signature_residue_count_lcr,0.0,,polar_linker,LCRFinder,0.0
,mRNA,606.0,444.20049468005715,0.44810679416752464,0.023533066677022253,signature_residue_count_lcr,0.0,,polar_linker,LCRFinder,0.0
,ncRNA,27.0,47.609543913516276,-0.8182914010581791,0.009782608695652175,signature_residue_count_lcr,0.0,,polar_linker,LCRFinder,0.0
,pre-rRNA,4.0,36.2419028124267,-3.179586798229162,0.0019038553069966682,signature_residue_count_lcr,0.0,,polar_linker,LCRFinder,0.0
,ribosomal protein,0.0,6.002942493443357,,0.0,signature_residue_count_lcr,0.0,,polar_linker,LCRFinder,0.0
,snRNA,8.0,47.471545235506085,-2.5689911062582143,0.0029069767441860465,signature_residue_count_lcr,0.0,,polar_linker,LCRFinder,0.0
,snoRNA,4.0,22.614533358920234,-2.499178321777871,0.0030511060259344014,signature_residue_count_lcr,0.0,,polar_linker,LCRFinder,0.0
,tRNA,4.0,16.5943410307256,-2.052619435326158,0.004158004158004158,signature_residue_count_lcr,0.0,,polar_linker,LCRFinder,0.0
,unknown,141.0,178.13904347640675,-0.3373085899554825,0.01365352958264743,signature_residue_count_lcr,0.0,,polar_linker,LCRFinder,0.0
,diverse,5.0,4.34314164481119,0.20318909007291058,0.008517887563884156,signature_residue_count_lcr,0.0,,proline_rich_disordered_region,LCRFinder,0.0
,mRNA,168.0,190.52851873174268,-0.18154572667494925,0.00652401848471904,signature_residue_count_lcr,0.0,,proline_rich_disordered_region,LCRFinder,0.0
,ncRNA,17.0,20.420904496897588,-0.2645120221195916,0.006159420289855073,signature_residue_count_lcr,0.0,,proline_rich_disordered_region,LCRFinder,0.0
,pre-rRNA,0.0,15.545043604341243,,0.0,signature_residue_count_lcr,0.0,,proline_rich_disordered_region,LCRFinder,0.0
,ribosomal protein,0.0,2.5748096974349135,,0.0,signature_residue_count_lcr,0.0,,proline_rich_disordered_region,LCRFinder,0.0
,snRNA,46.0,20.36171346937035,1.1757748896505151,0.016715116279069766,signature_residue_count_lcr,0.0,,proline_rich_disordered_region,LCRFinder,0.0
,snoRNA,4.0,9.699929636026354,-1.2779742819261541,0.0030511060259344014,signature_residue_count_lcr,0.0,,proline_rich_disordered_region,LCRFinder,0.0
,tRNA,12.0,7.1177210601505365,0.7535471052467145,0.012474012474012475,signature_residue_count_lcr,0.0,,proline_rich_disordered_region,LCRFinder,0.0
,unknown,95.0,76.40821765922514,0.3141997058283883,0.00919918659823763,signature_residue_count_lcr,0.0,,proline_rich_disordered_region,LCRFinder,0.0
,diverse,0.0,19.187424038892086,,0.0,signature_residue_count_lcr,0.0,,rg_rgg_repeat_region,LCRFinder,0.0
,mRNA,881.0,841.7297383739525,0.06578493038618739,0.03421226360141354,signature_residue_count_lcr,0.0,,rg_rgg_repeat_region,LCRFinder,0.0
,ncRNA,0.0,90.21684897332565,,0.0,signature_residue_count_lcr,0.0,,rg_rgg_repeat_region,LCRFinder,0.0
,pre-rRNA,0.0,68.67594191773811,,0.0,signature_residue_count_lcr,0.0,,rg_rgg_repeat_region,LCRFinder,0.0
,ribosomal protein,20.0,11.375167914028017,0.814112158253718,0.05747126436781609,signature_residue_count_lcr,0.0,,rg_rgg_repeat_region,LCRFinder,0.0
,snRNA,82.0,89.9553508603595,-0.13358519086893056,0.029796511627906978,signature_residue_count_lcr,0.0,,rg_rgg_repeat_region,LCRFinder,0.0
,snoRNA,150.0,42.853003262329686,1.8074942794892102,0.11441647597254005,signature_residue_count_lcr,0.0,,rg_rgg_repeat_region,LCRFinder,0.0
,tRNA,0.0,31.4451480841809,,0.0,signature_residue_count_lcr,0.0,,rg_rgg_repeat_region,LCRFinder,0.0
,unknown,400.0,337.5613765751935,0.24485015819164863,0.03873341725573739,signature_residue_count_lcr,0.0,,rg_rgg_repeat_region,LCRFinder,0.0
,diverse,19.0,4.868824495191795,1.9643540162212028,0.03236797274275979,signature_residue_count_lcr,0.0,,serine_rich_region,LCRFinder,0.0
,mRNA,203.0,213.58960745431673,-0.07336172467646451,0.00788318900236884,signature_residue_count_lcr,0.0,,serine_rich_region,LCRFinder,0.0
,ncRNA,49.0,22.89259898931747,1.0979004883373462,0.017753623188405798,signature_residue_count_lcr,0.0,,serine_rich_region,LCRFinder,0.0
,pre-rRNA,12.0,17.42657625962174,-0.5382547500642203,0.005711565920990005,signature_residue_count_lcr,0.0,,serine_rich_region,LCRFinder,0.0
,ribosomal protein,0.0,2.886458133435681,,0.0,signature_residue_count_lcr,0.0,,serine_rich_region,LCRFinder,0.0
,snRNA,14.0,22.826243629928143,-0.7052666367568243,0.005087209302325582,signature_residue_count_lcr,0.0,,serine_rich_region,LCRFinder,0.0
,snoRNA,0.0,10.873984519925799,,0.0,signature_residue_count_lcr,0.0,,serine_rich_region,LCRFinder,0.0
,tRNA,8.0,7.979231966566451,0.0037501121176274927,0.008316008316008316,signature_residue_count_lcr,0.0,,serine_rich_region,LCRFinder,0.0
,unknown,84.0,85.65647455169619,-0.028172972131730083,0.008134017623704852,signature_residue_count_lcr,0.0,,serine_rich_region,LCRFinder,0.0
,diverse,0.0,35.04552335870701,,0.0,signature_residue_count_lcr,0.0,,sr_rs_repeat_region,LCRFinder,0.0
,mRNA,2250.0,1537.4059148382694,0.549426877396622,0.08737524756320143,signature_residue_count_lcr,0.0,,sr_rs_repeat_region,LCRFinder,0.0
,ncRNA,0.0,164.77963282799206,,0.0,signature_residue_count_lcr,0.0,,sr_rs_repeat_region,LCRFinder,0.0
,pre-rRNA,17.0,125.43551035203309,-2.883339176381174,0.00809138505473584,signature_residue_count_lcr,0.0,,sr_rs_repeat_region,LCRFinder,0.0
,ribosomal protein,0.0,20.776562400051173,,0.0,signature_residue_count_lcr,0.0,,sr_rs_repeat_region,LCRFinder,0.0
,snRNA,407.0,164.30201070385297,1.3086786586056816,0.14789244186046513,signature_residue_count_lcr,0.0,,sr_rs_repeat_region,LCRFinder,0.0
,snoRNA,0.0,78.27032559329623,,0.0,signature_residue_count_lcr,0.0,,sr_rs_repeat_region,LCRFinder,0.0
,tRNA,0.0,57.43406042772767,,0.0,signature_residue_count_lcr,0.0,,sr_rs_repeat_region,LCRFinder,0.0
,unknown,126.0,616.5504594980703,-2.290795238256711,0.012201026435557276,signature_residue_count_lcr,0.0,,sr_rs_repeat_region,LCRFinder,0.0
,diverse,5.0,7.021620930083797,-0.48987601795762126,0.008517887563884156,signature_residue_count_lcr,0.0,,unmapped_physicochemical_properties,LCRFinder,0.0
,mRNA,344.0,308.03025650866755,0.15933649721785645,0.013358704516329463,signature_residue_count_lcr,0.0,,unmapped_physicochemical_properties,LCRFinder,0.0
,ncRNA,15.0,33.01477643446555,-1.1381493757919443,0.005434782608695652,signature_residue_count_lcr,0.0,,unmapped_physicochemical_properties,LCRFinder,0.0
,pre-rRNA,21.0,25.131900466960914,-0.25913044362921706,0.009995240361732508,signature_residue_count_lcr,0.0,,unmapped_physicochemical_properties,LCRFinder,0.0
,ribosomal protein,0.0,4.1627326808673955,,0.0,signature_residue_count_lcr,0.0,,unmapped_physicochemical_properties,LCRFinder,0.0
,snRNA,23.0,32.919081430307685,-0.5172902183800167,0.008357558139534883,signature_residue_count_lcr,0.0,,unmapped_physicochemical_properties,LCRFinder,0.0
,snoRNA,4.0,15.682018806371138,-1.971039389956686,0.0030511060259344014,signature_residue_count_lcr,0.0,,unmapped_physicochemical_properties,LCRFinder,0.0
,tRNA,4.0,11.507324249984007,-1.5244805035049733,0.004158004158004158,signature_residue_count_lcr,0.0,,unmapped_physicochemical_properties,LCRFinder,0.0
,unknown,145.0,123.53028849229194,0.23118807948184306,0.014040863755204802,signature_residue_count_lcr,0.0,,unmapped_physicochemical_properties,LCRFinder,0.0
