AA,Charge (7.4),Polar?,Hydrophobic?,Aromatic?,Small?
A (Ala),Neu,No,Yes,No,Yes
R (Arg),Pos,Yes,No,No,No
N (Asn),Neu,Yes,No,No,Yes
D (Asp),Neg,Yes,No,No,Yes
C (Cys),Neu,No,Yes,No,Yes
Q (Gln),Neu,Yes,No,No,No
E (Glu),Neg,Yes,No,No,No
G (Gly),Neu,No,Yes,No,Yes
H (His),Neu*,Yes,Yes,Yes,No
I (Ile),Neu,No,Yes,No,No
L (Leu),Neu,No,Yes,No,No
K (Lys),Pos,Yes,Yes,No,No
M (Met),Neu,No,Yes,No,No
F (Phe),Neu,No,Yes,Yes,No
P (Pro),Neu,No,No,No,Yes
S (Ser),Neu,Yes,No,No,Yes
T (Thr),Neu,Yes,Yes,No,Yes
W (Trp),Neu,Yes,Yes,Yes,No
Y (Tyr),Neu,Yes,Yes,Yes,No
V (Val),Neu,No,Yes,No,Yes
