uniprot_accession,rna_class,uniprot_length,n_lcr,lcr_residues,coverage,n_lcr_category,method
A0A024R214,mRNA,626.0,6,137,0.21884984025559107,3+,FLPS
A0A024RCN4,unknown,479.0,5,49,0.1022964509394572,3+,FLPS
A0A087WT20,pre-rRNA,597.0,3,65,0.10887772194304858,3+,FLPS
A0A087WUV0,unknown,522.0,4,102,0.19540229885057472,3+,FLPS
A0A087WVF4,unknown,1798.0,20,640,0.3559510567296997,3+,FLPS
A0A087WXN2,mRNA,151.0,2,44,0.2913907284768212,2,FLPS
A0A087WZ13,unknown,739.0,9,368,0.4979702300405954,3+,FLPS
A0A087X0J2,diverse,248.0,1,16,0.06451612903225806,1,FLPS
A0A0A0MQW0,mRNA,576.0,3,171,0.296875,3+,FLPS
A0A0A0MQZ6,pre-rRNA,189.0,2,66,0.3492063492063492,2,FLPS
A0A0A0MRM9,snoRNA,708.0,24,413,0.5833333333333334,3+,FLPS
A0A0A0MRW7,diverse,336.0,3,43,0.12797619047619047,3+,FLPS
A0A0A0MRZ1,unknown,733.0,10,234,0.31923601637107774,3+,FLPS
A0A0A0MSN9,mRNA,333.0,4,106,0.3183183183183183,3+,FLPS
A0A0A0MSS9,mRNA,486.0,4,90,0.18518518518518517,3+,FLPS
A0A0A0MTQ0,ncRNA,185.0,1,27,0.14594594594594595,1,FLPS
A0A0B4J1V9,unknown,884.0,4,83,0.09389140271493213,3+,FLPS
A0A0B4J203,mRNA,849.0,7,94,0.11071849234393404,3+,FLPS
A0A0C4DG89,snRNA,1032.0,9,308,0.29844961240310075,3+,FLPS
A0A0C4DGG8,mRNA,1043.0,8,432,0.41418983700862894,3+,FLPS
A0A0C4DGK8,mRNA,146.0,1,12,0.0821917808219178,1,FLPS
A0A0C4DH24,unknown,114.0,1,16,0.14035087719298245,1,FLPS
A0A0D9SF53,unknown,733.0,2,143,0.19508867667121418,2,FLPS
A0A0D9SFM0,unknown,1687.0,12,170,0.1007705986959099,3+,FLPS
A0A0G2JKY3,tRNA,1061.0,5,74,0.06974552309142319,3+,FLPS
A0A140T8Y2,pre-rRNA,407.0,4,54,0.13267813267813267,3+,FLPS
A0A140TA76,mRNA,344.0,3,63,0.18313953488372092,3+,FLPS
A0A286YFD1,unknown,2093.0,8,116,0.05542283803153368,3+,FLPS
A0A2R8Y4L2,mRNA,320.0,3,131,0.409375,3+,FLPS
A0A2R8Y6W8,unknown,807.0,4,74,0.09169764560099132,3+,FLPS
A0A384DVK4,unknown,778.0,5,100,0.12853470437017994,3+,FLPS
A0A494C0I1,unknown,1111.0,3,47,0.0423042304230423,3+,FLPS
A0A494C1N8,unknown,1116.0,3,47,0.042114695340501794,3+,FLPS
A0A499FI31,snRNA,981.0,8,136,0.13863404689092762,3+,FLPS
A0A499FIA3,unknown,238.0,2,61,0.25630252100840334,2,FLPS
A0A590UJW6,unknown,1086.0,14,245,0.22559852670349909,3+,FLPS
A0A5F9ZHS7,unknown,289.0,5,113,0.39100346020761245,3+,FLPS
A0A5H1ZRQ2,mRNA,731.0,9,241,0.32968536251709984,3+,FLPS
A0A5K1VW79,mRNA,999.0,12,431,0.4314314314314314,3+,FLPS
A0A7I2V5M7,unknown,476.0,6,222,0.46638655462184875,3+,FLPS
A0A7N4I394,snRNA,994.0,12,385,0.3873239436619718,3+,FLPS
A0A7P0MRT9,mRNA,323.0,1,5,0.015479876160990712,1,FLPS
A0A7P0N5L0,unknown,480.0,3,60,0.125,3+,FLPS
A0A804HKV4,mRNA,723.0,6,112,0.15491009681881052,3+,FLPS
A0A8I5KNN2,pre-rRNA,808.0,4,223,0.275990099009901,3+,FLPS
A0A8I5KSH6,unknown,925.0,7,142,0.1535135135135135,3+,FLPS
A0A8I5KVU2,mRNA,1735.0,7,141,0.08126801152737752,3+,FLPS
A0A8I5KWK6,unknown,331.0,4,58,0.17522658610271905,3+,FLPS
A0A8I5KX04,mRNA,1686.0,13,637,0.3778173190984579,3+,FLPS
A0A8I5KY89,unknown,167.0,1,31,0.18562874251497005,1,FLPS
A0A8Q3WL03,unknown,351.0,3,51,0.1452991452991453,3+,FLPS
A0A8V8TR54,unknown,2114.0,31,720,0.34058656575212864,3+,FLPS
A0A994J6B2,unknown,331.0,1,10,0.030211480362537766,1,FLPS
A0A994J7T5,mRNA,750.0,6,99,0.132,3+,FLPS
A0AA34QW03,mRNA,678.0,5,205,0.3023598820058997,3+,FLPS
A0ABB0MN55,mRNA,322.0,3,137,0.4254658385093168,3+,FLPS
A0ABB0MV08,mRNA,369.0,2,154,0.4173441734417344,2,FLPS
A0ABB0MVJ3,unknown,604.0,3,23,0.0380794701986755,3+,FLPS
A0ACI8P9Y7,unknown,1707.0,6,88,0.051552431165787935,3+,FLPS
A0ACI8PHD2,unknown,261.0,4,128,0.4904214559386973,3+,FLPS
A0ACI8PI13,mRNA,378.0,1,18,0.047619047619047616,1,FLPS
A0ACI8PJP7,mRNA,596.0,3,43,0.07214765100671142,3+,FLPS
A0ACI8PR05,unknown,399.0,2,31,0.07769423558897243,2,FLPS
A0ACI8PT71,unknown,1306.0,7,101,0.0773353751914242,3+,FLPS
A0ACI8PUZ8,unknown,1375.0,9,158,0.1149090909090909,3+,FLPS
A0ACI8PVP6,unknown,744.0,7,116,0.15591397849462366,3+,FLPS
A0ACI8PX57,unknown,378.0,3,169,0.4470899470899471,3+,FLPS
A0ACI8Q010,unknown,418.0,4,89,0.21291866028708134,3+,FLPS
A0ACI8Q0P4,unknown,829.0,10,320,0.38600723763570566,3+,FLPS
A0ACI8Q806,unknown,498.0,6,320,0.642570281124498,3+,FLPS
A0ACI8QA17,unknown,371.0,4,64,0.1725067385444744,3+,FLPS
A0ACI8QBP4,unknown,358.0,1,5,0.013966480446927373,1,FLPS
A0ACI8QGH0,unknown,324.0,1,5,0.015432098765432098,1,FLPS
A0ACI8QH16,tRNA,558.0,2,57,0.10215053763440861,2,FLPS
A0ACI8QHW6,unknown,749.0,4,77,0.102803738317757,3+,FLPS
A0ACI8QLY8,unknown,321.0,4,169,0.5264797507788161,3+,FLPS
A0ACI8QNN6,unknown,701.0,9,111,0.15834522111269614,3+,FLPS
A0ACI8QTQ5,diverse,1388.0,13,476,0.34293948126801155,3+,FLPS
A0ACI8QU73,unknown,864.0,9,129,0.14930555555555555,3+,FLPS
A0ACI8QUJ1,unknown,752.0,6,141,0.1875,3+,FLPS
A0ACI8QY88,mRNA,715.0,8,283,0.3958041958041958,3+,FLPS
A0ACI8R3H8,unknown,616.0,5,118,0.19155844155844157,3+,FLPS
A0ACI8R7A3,unknown,356.0,2,25,0.0702247191011236,2,FLPS
A0ACI8R7Y8,unknown,131.0,1,17,0.1297709923664122,1,FLPS
A0ACI8RCQ9,unknown,534.0,4,71,0.13295880149812733,3+,FLPS
A0ACI8RHW9,unknown,182.0,1,21,0.11538461538461539,1,FLPS
A0ACI8RI26,unknown,764.0,8,423,0.5536649214659686,3+,FLPS
A0ACI8RL22,unknown,1967.0,12,275,0.13980681240467718,3+,FLPS
A0ACI8RLL6,unknown,729.0,6,153,0.20987654320987653,3+,FLPS
A0ACI8RMB5,unknown,1003.0,5,118,0.11764705882352941,3+,FLPS
A0ACI8RQX4,unknown,1349.0,8,224,0.16604892512972572,3+,FLPS
A0ACI8RR28,unknown,918.0,9,190,0.20697167755991286,3+,FLPS
A0ACI8RSP0,ribosomal protein,320.0,2,56,0.175,2,FLPS
A0ACI8RTZ8,unknown,489.0,2,66,0.13496932515337423,2,FLPS
A0ACI8RWF6,unknown,608.0,2,66,0.10855263157894737,2,FLPS
A0ACI8RX58,unknown,750.0,9,295,0.3933333333333333,3+,FLPS
A0ACI8S0C5,unknown,927.0,4,80,0.08629989212513485,3+,FLPS
A0ACI8S113,unknown,1253.0,10,258,0.20590582601755786,3+,FLPS
A0ACI8S5H4,unknown,1122.0,7,142,0.1265597147950089,3+,FLPS
A0ACI8S5T8,unknown,488.0,7,135,0.2766393442622951,3+,FLPS
A0ACI8SAU3,unknown,2066.0,12,279,0.1350435624394966,3+,FLPS
A0ACI8SBH9,unknown,480.0,1,5,0.010416666666666666,1,FLPS
A0ACI8SEY7,unknown,629.0,4,90,0.14308426073131955,3+,FLPS
A0ACI8SJI5,unknown,941.0,4,68,0.07226354941551541,3+,FLPS
A0ACI8SJX5,unknown,1048.0,6,122,0.11641221374045801,3+,FLPS
A0ACI8SL57,ribosomal protein,162.0,3,77,0.47530864197530864,3+,FLPS
A0ACI8SMB7,unknown,682.0,2,60,0.08797653958944282,2,FLPS
A0ACI8SNF6,ribosomal protein,153.0,1,27,0.17647058823529413,1,FLPS
A0ACI8SPJ0,snRNA,2147.0,9,128,0.05961807172799255,3+,FLPS
A0ACI8SQV4,unknown,211.0,2,74,0.35071090047393366,2,FLPS
A0ACI8SRJ7,unknown,322.0,2,27,0.08385093167701864,2,FLPS
A0ACI8SRT4,ribosomal protein,223.0,2,46,0.2062780269058296,2,FLPS
A0ACI8SSD0,unknown,670.0,2,48,0.07164179104477612,2,FLPS
A0ACI8SUQ9,snRNA,100.0,1,5,0.05,1,FLPS
A0ACI8SXP5,unknown,451.0,2,151,0.3348115299334812,2,FLPS
A0ACI8SYT5,unknown,674.0,4,111,0.16468842729970326,3+,FLPS
A0ACI8SZ27,unknown,721.0,2,31,0.04299583911234397,2,FLPS
A0ACI8T088,unknown,675.0,2,45,0.06666666666666667,2,FLPS
A0ACI8T0E0,ribosomal protein,161.0,1,17,0.10559006211180125,1,FLPS
A0ACI8T1C0,unknown,544.0,1,41,0.07536764705882353,1,FLPS
A0ACI8T6P5,unknown,600.0,4,140,0.23333333333333334,3+,FLPS
A0ACI8T7F0,tRNA,1068.0,5,74,0.06928838951310862,3+,FLPS
A0ACI8T823,unknown,380.0,1,8,0.021052631578947368,1,FLPS
A0ACI8T9E2,unknown,234.0,1,38,0.1623931623931624,1,FLPS
A0ACI8TCF1,unknown,435.0,1,5,0.011494252873563218,1,FLPS
A0ACI8TEP7,unknown,818.0,3,56,0.06845965770171149,3+,FLPS
A0ACI8TFG6,tRNA,1552.0,5,77,0.04961340206185567,3+,FLPS
A0ACI8TH72,unknown,1111.0,2,26,0.023402340234023402,2,FLPS
A0ACI8TIT4,unknown,488.0,2,37,0.07581967213114754,2,FLPS
A0ACI8TJ61,unknown,193.0,2,10,0.05181347150259067,2,FLPS
A0ACI8TJP2,unknown,2207.0,8,90,0.040779338468509285,3+,FLPS
A0ACI8TLG3,tRNA,1044.0,3,31,0.029693486590038315,3+,FLPS
A0ACI8TLM1,unknown,106.0,1,42,0.39622641509433965,1,FLPS
A0ACI8TLS0,unknown,550.0,3,36,0.06545454545454546,3+,FLPS
A0ACI8TML7,unknown,1201.0,9,216,0.17985012489592006,3+,FLPS
A0ACI8TMU3,unknown,1055.0,3,54,0.05118483412322275,3+,FLPS
A0ACI8TN08,unknown,998.0,6,74,0.07414829659318638,3+,FLPS
A0ACI8TNP0,unknown,654.0,5,76,0.1162079510703364,3+,FLPS
A0ACI8TNW3,unknown,757.0,3,32,0.04227212681638045,3+,FLPS
A0ACI8TQP9,unknown,2591.0,11,210,0.08104978772674643,3+,FLPS
A0ACI8TQS2,unknown,3008.0,33,903,0.3001994680851064,3+,FLPS
A0ACI8TS18,unknown,1048.0,8,242,0.23091603053435114,3+,FLPS
A0ACI8TS68,mRNA,376.0,1,18,0.047872340425531915,1,FLPS
A0ACI8TSN5,ribosomal protein,252.0,3,40,0.15873015873015872,3+,FLPS
A0ACI8TSY6,unknown,1461.0,7,171,0.11704312114989733,3+,FLPS
A0ACI8TTG6,tRNA,937.0,3,72,0.0768409818569904,3+,FLPS
A0ACI8TUA9,unknown,638.0,7,230,0.3605015673981191,3+,FLPS
A0ACI8TUB7,unknown,259.0,3,59,0.2277992277992278,3+,FLPS
A0ACI8TWM6,unknown,905.0,10,199,0.21988950276243094,3+,FLPS
A0ACI8TXE9,unknown,1448.0,9,154,0.106353591160221,3+,FLPS
A0ACI8TZ93,unknown,399.0,3,65,0.16290726817042606,3+,FLPS
A0ACI8TZD7,unknown,856.0,7,146,0.1705607476635514,3+,FLPS
A0ACI8TZE9,unknown,712.0,5,110,0.1544943820224719,3+,FLPS
A0ACI8U1B9,unknown,902.0,9,316,0.35033259423503327,3+,FLPS
A0ACI8U399,unknown,786.0,6,171,0.21755725190839695,3+,FLPS
A0ACI8U6C5,unknown,1066.0,8,164,0.15384615384615385,3+,FLPS
A0ACI8U7J9,unknown,978.0,8,120,0.12269938650306748,3+,FLPS
A0ACI8U804,unknown,2104.0,13,145,0.06891634980988594,3+,FLPS
A0ACI8UB86,unknown,209.0,5,97,0.46411483253588515,3+,FLPS
A0ACI8UDX5,unknown,454.0,2,23,0.05066079295154185,2,FLPS
A0ACI8UEC4,unknown,719.0,3,40,0.055632823365785816,3+,FLPS
A0ACI8UES1,unknown,422.0,2,65,0.15402843601895735,2,FLPS
A0ACI8UGJ8,unknown,626.0,6,237,0.37859424920127793,3+,FLPS
A0ACI8UJW4,unknown,514.0,1,35,0.06809338521400778,1,FLPS
A0ACI8UMC2,unknown,837.0,1,25,0.02986857825567503,1,FLPS
A0ACI8UNX3,unknown,1077.0,11,201,0.18662952646239556,3+,FLPS
A0ACI8UQC4,unknown,506.0,1,5,0.009881422924901186,1,FLPS
A0ACI8USR5,unknown,685.0,7,164,0.23941605839416058,3+,FLPS
A0ACI8USX5,unknown,720.0,1,5,0.006944444444444444,1,FLPS
A0ACI8UTL7,unknown,402.0,10,254,0.6318407960199005,3+,FLPS
A0ACI8UUW5,unknown,527.0,5,46,0.0872865275142315,3+,FLPS
A0ACI8UZB3,unknown,1252.0,7,193,0.15415335463258786,3+,FLPS
A0ACI8V0W0,unknown,822.0,2,27,0.032846715328467155,2,FLPS
A0ACI8V583,mRNA,621.0,8,324,0.5217391304347826,3+,FLPS
A0ACI8V5N8,unknown,552.0,4,113,0.20471014492753623,3+,FLPS
A0ACI8V6J3,unknown,1329.0,8,167,0.1256583897667419,3+,FLPS
A0ACI8VA32,unknown,1280.0,6,55,0.04296875,3+,FLPS
A0ACI8VAV8,unknown,1149.0,7,222,0.19321148825065274,3+,FLPS
A0ACI8VCM9,unknown,1180.0,12,329,0.2788135593220339,3+,FLPS
A0ACI8VD15,unknown,1437.0,5,77,0.05358385525400139,3+,FLPS
A0ACI8VFS1,unknown,923.0,6,194,0.21018418201516792,3+,FLPS
A0ACI8VGW3,unknown,659.0,2,19,0.028831562974203338,2,FLPS
A0ACI8VQD2,unknown,1043.0,10,155,0.1486097794822627,3+,FLPS
A0ACI8VSD4,mRNA,674.0,4,107,0.15875370919881307,3+,FLPS
A0AV96,mRNA,593.0,8,193,0.3254637436762226,3+,FLPS
A1L020,mRNA,520.0,10,235,0.4519230769230769,3+,FLPS
A2A288,mRNA,527.0,3,191,0.36242884250474383,3+,FLPS
A2A2Q9,snRNA,398.0,1,6,0.01507537688442211,1,FLPS
A2PYH4,unknown,1435.0,4,77,0.05365853658536585,3+,FLPS
A2RTX5,tRNA,802.0,4,44,0.05486284289276808,3+,FLPS
A2RUC4,tRNA,315.0,1,15,0.047619047619047616,1,FLPS
A3KFL2,diverse,285.0,1,5,0.017543859649122806,1,FLPS
A4D1B5,unknown,854.0,2,83,0.09718969555035128,2,FLPS
A4D1E1,unknown,1349.0,7,179,0.13269088213491476,3+,FLPS
A4D1E9,unknown,387.0,2,24,0.06201550387596899,2,FLPS
A5YKK6,mRNA,2376.0,10,180,0.07575757575757576,3+,FLPS
A6NDE4,mRNA,496.0,4,212,0.4274193548387097,3+,FLPS
A6NDY0,mRNA,278.0,3,41,0.1474820143884892,3+,FLPS
A6NEQ0,mRNA,496.0,4,212,0.4274193548387097,3+,FLPS
A6NFI3,unknown,1004.0,13,459,0.45717131474103584,3+,FLPS
A6NFN3,mRNA,312.0,3,81,0.25961538461538464,3+,FLPS
A6NHQ2,snoRNA,334.0,2,92,0.2754491017964072,2,FLPS
A6NKG5,unknown,1358.0,10,271,0.19955817378497792,3+,FLPS
A6NNF4,unknown,616.0,2,29,0.04707792207792208,2,FLPS
A6PVI3,mRNA,153.0,1,33,0.21568627450980393,1,FLPS
A7MD48,mRNA,611.0,4,423,0.6923076923076923,3+,FLPS
A8K979,unknown,691.0,5,52,0.07525325615050651,3+,FLPS
A8MQ14,unknown,1090.0,4,20,0.01834862385321101,3+,FLPS
A8MXP9,mRNA,895.0,11,358,0.4,3+,FLPS
B0QY89,mRNA,607.0,4,65,0.1070840197693575,3+,FLPS
B0QYK0,mRNA,618.0,10,460,0.7443365695792881,3+,FLPS
B0QYY4,mRNA,370.0,4,69,0.1864864864864865,3+,FLPS
B1AHC9,mRNA,559.0,3,31,0.055456171735241505,3+,FLPS
B1AHD1,snRNA,132.0,1,11,0.08333333333333333,1,FLPS
B5MCF9,pre-rRNA,571.0,6,142,0.2486865148861646,3+,FLPS
B5MCH7,mRNA,343.0,1,10,0.029154518950437316,1,FLPS
B5MCU0,unknown,990.0,13,467,0.4717171717171717,3+,FLPS
B5MCY1,unknown,1934.0,5,56,0.028955532574974147,3+,FLPS
B8ZZ98,mRNA,158.0,3,112,0.7088607594936709,3+,FLPS
B8ZZK4,ribosomal protein,79.0,1,8,0.10126582278481013,1,FLPS
C9IY40,ribosomal protein,225.0,2,33,0.14666666666666667,2,FLPS
C9J0B9,mRNA,218.0,2,27,0.12385321100917432,2,FLPS
C9J0L0,unknown,50.0,1,43,0.86,1,FLPS
C9J1C5,ribosomal protein,52.0,1,41,0.7884615384615384,1,FLPS
C9J2Y9,mRNA,1167.0,7,133,0.11396743787489289,3+,FLPS
C9J323,mRNA,145.0,1,18,0.12413793103448276,1,FLPS
C9J6P4,ncRNA,1024.0,8,187,0.1826171875,3+,FLPS
C9J7E5,mRNA,957.0,4,37,0.038662486938349006,3+,FLPS
C9J847,mRNA,114.0,1,12,0.10526315789473684,1,FLPS
C9J9B2,mRNA,264.0,4,71,0.2689393939393939,3+,FLPS
C9JAB2,mRNA,235.0,2,179,0.7617021276595745,2,FLPS
C9JCE0,mRNA,148.0,2,61,0.41216216216216217,2,FLPS
C9JE40,mRNA,543.0,8,167,0.30755064456721914,3+,FLPS
C9JGP4,diverse,144.0,1,13,0.09027777777777778,1,FLPS
C9JP00,mRNA,348.0,6,144,0.41379310344827586,3+,FLPS
C9JQX9,mRNA,83.0,1,33,0.39759036144578314,1,FLPS
C9JVJ0,unknown,101.0,2,18,0.1782178217821782,2,FLPS
C9JYQ9,ribosomal protein,121.0,1,27,0.2231404958677686,1,FLPS
D4PHA4,unknown,493.0,7,143,0.29006085192697767,3+,FLPS
D6R954,tRNA,199.0,1,61,0.3065326633165829,1,FLPS
D6R9W6,mRNA,518.0,5,117,0.22586872586872586,3+,FLPS
D6RA96,unknown,785.0,2,24,0.030573248407643312,2,FLPS
D6RCB9,snoRNA,135.0,1,31,0.22962962962962963,1,FLPS
D6REA0,tRNA,516.0,1,22,0.04263565891472868,1,FLPS
D6RG13,ribosomal protein,223.0,2,14,0.06278026905829596,2,FLPS
D6RIC3,pre-rRNA,150.0,1,42,0.28,1,FLPS
D6W5Y5,mRNA,297.0,5,125,0.4208754208754209,3+,FLPS
E5RHF4,ribosomal protein,198.0,1,33,0.16666666666666666,1,FLPS
E5RJM0,mRNA,639.0,6,143,0.2237871674491393,3+,FLPS
E5RJZ9,mRNA,265.0,3,43,0.16226415094339622,3+,FLPS
E5RK86,ribosomal protein,108.0,1,5,0.046296296296296294,1,FLPS
E7EPX0,mRNA,491.0,5,96,0.1955193482688391,3+,FLPS
E7ERJ7,mRNA,604.0,3,111,0.1837748344370861,3+,FLPS
E7ERQ6,mRNA,390.0,3,59,0.15128205128205127,3+,FLPS
E7ESC6,mRNA,1088.0,3,19,0.017463235294117647,3+,FLPS
E7ESL0,ribosomal protein,212.0,2,19,0.08962264150943396,2,FLPS
E7ET15,snRNA,1028.0,9,483,0.4698443579766537,3+,FLPS
E7ETK0,ribosomal protein,131.0,1,48,0.366412213740458,1,FLPS
E7ETU5,mRNA,370.0,2,42,0.11351351351351352,2,FLPS
E7EV40,mRNA,204.0,4,78,0.38235294117647056,3+,FLPS
E7EWR4,mRNA,597.0,6,248,0.4154103852596315,3+,FLPS
E7EX53,ribosomal protein,133.0,1,54,0.40601503759398494,1,FLPS
E9PB61,mRNA,264.0,4,131,0.4962121212121212,3+,FLPS
E9PBY2,mRNA,654.0,6,152,0.2324159021406728,3+,FLPS
E9PFF5,mRNA,490.0,3,69,0.14081632653061224,3+,FLPS
E9PHM2,tRNA,860.0,3,72,0.08372093023255814,3+,FLPS
E9PI14,ribosomal protein,86.0,1,5,0.05813953488372093,1,FLPS
E9PIF2,pre-rRNA,835.0,7,166,0.19880239520958085,3+,FLPS
E9PJG9,ncRNA,54.0,1,13,0.24074074074074073,1,FLPS
E9PKU4,ribosomal protein,235.0,2,27,0.1148936170212766,2,FLPS
E9PL09,ribosomal protein,231.0,1,51,0.22077922077922077,1,FLPS
E9PL19,mRNA,596.0,9,166,0.2785234899328859,3+,FLPS
E9PMM9,ribosomal protein,218.0,1,48,0.22018348623853212,1,FLPS
E9PN81,diverse,247.0,2,44,0.17813765182186234,2,FLPS
F2Z2G3,mRNA,333.0,3,50,0.15015015015015015,3+,FLPS
F5GYR3,pre-rRNA,275.0,2,72,0.26181818181818184,2,FLPS
F5H0R1,snRNA,912.0,11,268,0.29385964912280704,3+,FLPS
F5H1K3,tRNA,237.0,3,37,0.15611814345991562,3+,FLPS
F6QDS0,mRNA,479.0,1,5,0.010438413361169102,1,FLPS
F6S9K0,mRNA,191.0,3,110,0.5759162303664922,3+,FLPS
F6TAI2,mRNA,324.0,3,60,0.18518518518518517,3+,FLPS
F6VAP0,mRNA,555.0,7,164,0.2954954954954955,3+,FLPS
F6VEC6,tRNA,435.0,1,40,0.09195402298850575,1,FLPS
F6XMP4,mRNA,155.0,3,48,0.3096774193548387,3+,FLPS
F6XX82,ribosomal protein,94.0,2,43,0.4574468085106383,2,FLPS
F8VP89,mRNA,275.0,5,152,0.5527272727272727,3+,FLPS
F8VQP2,mRNA,1073.0,10,476,0.44361602982292636,3+,FLPS
F8VS19,unknown,96.0,1,32,0.3333333333333333,1,FLPS
F8VU11,snRNA,892.0,16,399,0.44730941704035876,3+,FLPS
F8VVL1,mRNA,160.0,2,60,0.375,2,FLPS
F8VXY6,mRNA,228.0,2,27,0.11842105263157894,2,FLPS
F8VZA0,pre-rRNA,365.0,2,43,0.1178082191780822,2,FLPS
F8VZY7,mRNA,263.0,1,56,0.21292775665399238,1,FLPS
F8W6I7,mRNA,307.0,1,117,0.3811074918566775,1,FLPS
F8W727,ribosomal protein,153.0,2,27,0.17647058823529413,2,FLPS
F8W8D3,mRNA,277.0,3,58,0.20938628158844766,3+,FLPS
F8W8I6,mRNA,385.0,3,83,0.21558441558441557,3+,FLPS
F8WAS2,unknown,213.0,1,13,0.06103286384976526,1,FLPS
G3V2M5,pre-rRNA,61.0,1,13,0.21311475409836064,1,FLPS
G3V3F2,unknown,158.0,2,40,0.25316455696202533,2,FLPS
G3V414,mRNA,235.0,2,26,0.11063829787234042,2,FLPS
G3V529,pre-rRNA,816.0,8,97,0.11887254901960784,3+,FLPS
G3V5I6,mRNA,420.0,5,144,0.34285714285714286,3+,FLPS
G3V5X7,ncRNA,2519.0,7,121,0.048034934497816595,3+,FLPS
G5E9G0,ribosomal protein,351.0,2,78,0.2222222222222222,2,FLPS
G5EA06,ribosomal protein,358.0,1,31,0.08659217877094973,1,FLPS
H0Y450,tRNA,441.0,1,25,0.05668934240362812,1,FLPS
H0Y503,mRNA,135.0,1,10,0.07407407407407407,1,FLPS
H0Y6E7,mRNA,292.0,3,110,0.3767123287671233,3+,FLPS
H0Y8P4,snoRNA,545.0,4,38,0.06972477064220184,3+,FLPS
H0Y8X3,mRNA,171.0,2,26,0.15204678362573099,2,FLPS
H0Y9C1,mRNA,435.0,1,60,0.13793103448275862,1,FLPS
H0YBR2,mRNA,502.0,3,57,0.11354581673306773,3+,FLPS
H0YD25,unknown,96.0,1,32,0.3333333333333333,1,FLPS
H0YDK8,mRNA,900.0,10,368,0.4088888888888889,3+,FLPS
H0YGD3,unknown,207.0,1,12,0.057971014492753624,1,FLPS
H0YGT4,unknown,134.0,1,12,0.08955223880597014,1,FLPS
H0YGW8,tRNA,298.0,2,33,0.11073825503355705,2,FLPS
H0YH84,mRNA,186.0,1,12,0.06451612903225806,1,FLPS
H0YHU8,mRNA,144.0,2,28,0.19444444444444445,2,FLPS
H0YI55,mRNA,253.0,4,85,0.3359683794466403,3+,FLPS
H0YIP0,tRNA,219.0,2,15,0.0684931506849315,2,FLPS
H0YKX1,mRNA,171.0,1,32,0.1871345029239766,1,FLPS
H0YLQ7,unknown,131.0,3,37,0.2824427480916031,3+,FLPS
H0YMF4,ribosomal protein,112.0,2,32,0.2857142857142857,2,FLPS
H0YMJ6,diverse,179.0,2,29,0.16201117318435754,2,FLPS
H0YN88,ribosomal protein,136.0,1,22,0.16176470588235295,1,FLPS
H3BM89,ribosomal protein,333.0,5,140,0.42042042042042044,3+,FLPS
H3BMQ2,pre-rRNA,146.0,2,64,0.4383561643835616,2,FLPS
H3BN59,mRNA,261.0,1,5,0.019157088122605363,1,FLPS
H3BNJ4,unknown,201.0,4,43,0.21393034825870647,3+,FLPS
H3BPD0,unknown,197.0,3,124,0.6294416243654822,3+,FLPS
H3BPE7,mRNA,527.0,7,398,0.7552182163187856,3+,FLPS
H3BPG5,mRNA,128.0,1,65,0.5078125,1,FLPS
H3BQK0,unknown,484.0,1,5,0.010330578512396695,1,FLPS
H3BSB3,pre-rRNA,131.0,2,35,0.26717557251908397,2,FLPS
H3BSG4,tRNA,173.0,1,33,0.1907514450867052,1,FLPS
H3BSW6,tRNA,586.0,6,117,0.19965870307167236,3+,FLPS
H3BTT8,snRNA,252.0,2,22,0.0873015873015873,2,FLPS
H3BUK8,ribosomal protein,54.0,1,26,0.48148148148148145,1,FLPS
H7BXY3,mRNA,1166.0,10,169,0.14493996569468268,3+,FLPS
H7BZW6,mRNA,143.0,1,8,0.055944055944055944,1,FLPS
H7C1D4,tRNA,185.0,1,22,0.11891891891891893,1,FLPS
H7C2G5,mRNA,117.0,1,26,0.2222222222222222,1,FLPS
H7C4E7,mRNA,151.0,1,10,0.06622516556291391,1,FLPS
H7C5K7,unknown,360.0,2,17,0.04722222222222222,2,FLPS
H9KV63,ncRNA,1113.0,4,75,0.0673854447439353,3+,FLPS
I3L0N7,mRNA,115.0,2,67,0.5826086956521739,2,FLPS
I3L1L6,mRNA,617.0,3,30,0.04862236628849271,3+,FLPS
J3KP02,unknown,692.0,5,137,0.19797687861271676,3+,FLPS
J3KPD3,mRNA,267.0,5,164,0.6142322097378277,3+,FLPS
J3KPI1,mRNA,630.0,7,112,0.17777777777777778,3+,FLPS
J3KPK3,mRNA,459.0,4,168,0.3660130718954248,3+,FLPS
J3KPP4,mRNA,489.0,3,215,0.4396728016359918,3+,FLPS
J3KQ82,mRNA,459.0,4,185,0.40305010893246185,3+,FLPS
J3KRL2,tRNA,102.0,1,10,0.09803921568627451,1,FLPS
J3QKW2,ribosomal protein,183.0,2,12,0.06557377049180328,2,FLPS
J3QL05,mRNA,130.0,1,48,0.36923076923076925,1,FLPS
J3QLD1,mRNA,290.0,4,79,0.27241379310344827,3+,FLPS
J3QQT2,ribosomal protein,171.0,1,10,0.05847953216374269,1,FLPS
J3QR28,pre-rRNA,271.0,1,7,0.025830258302583026,1,FLPS
J3QS41,mRNA,1943.0,17,422,0.21718991250643335,3+,FLPS
J3QT46,mRNA,619.0,3,32,0.051696284329563816,3+,FLPS
K7EIJ1,tRNA,223.0,1,7,0.03139013452914798,1,FLPS
K7EIU6,mRNA,117.0,1,6,0.05128205128205128,1,FLPS
K7EJ78,ribosomal protein,129.0,2,38,0.29457364341085274,2,FLPS
K7EJB9,mRNA,349.0,3,136,0.38968481375358166,3+,FLPS
K7EK40,mRNA,64.0,1,33,0.515625,1,FLPS
K7EKC9,mRNA,86.0,1,22,0.2558139534883721,1,FLPS
K7EKH9,unknown,261.0,2,15,0.05747126436781609,2,FLPS
K7EL95,tRNA,136.0,2,30,0.22058823529411764,2,FLPS
K7ENA8,mRNA,289.0,2,19,0.0657439446366782,2,FLPS
K7EPB9,unknown,110.0,2,56,0.509090909090909,2,FLPS
K7EPH2,tRNA,378.0,1,26,0.06878306878306878,1,FLPS
K7EQP2,mRNA,53.0,1,11,0.20754716981132076,1,FLPS
K7ER00,tRNA,548.0,3,60,0.10948905109489052,3+,FLPS
K7ERG4,snRNA,78.0,3,32,0.41025641025641024,3+,FLPS
M0QXD5,snoRNA,236.0,3,61,0.2584745762711864,3+,FLPS
M0QY97,unknown,910.0,12,438,0.48131868131868133,3+,FLPS
M0QZ34,pre-rRNA,200.0,1,36,0.18,1,FLPS
M0R050,diverse,197.0,2,32,0.16243654822335024,2,FLPS
M0R117,ribosomal protein,154.0,1,5,0.032467532467532464,1,FLPS
M0R1H0,snoRNA,178.0,1,59,0.33146067415730335,1,FLPS
M0R226,ribosomal protein,184.0,2,58,0.31521739130434784,2,FLPS
M0R2C6,tRNA,588.0,2,57,0.09693877551020408,2,FLPS
M0R2S1,ribosomal protein,138.0,2,60,0.43478260869565216,2,FLPS
O00148,mRNA,427.0,1,5,0.0117096018735363,1,FLPS
O00178,mRNA,669.0,3,63,0.09417040358744394,3+,FLPS
O00267,mRNA,1087.0,4,250,0.22999080036798528,3+,FLPS
O00410,mRNA,1097.0,6,68,0.06198723792160438,3+,FLPS
O00411,mRNA,1230.0,8,160,0.13008130081300814,3+,FLPS
O00418,mRNA,725.0,5,106,0.14620689655172414,3+,FLPS
O00425,mRNA,579.0,3,72,0.12435233160621761,3+,FLPS
O00442,tRNA,366.0,1,5,0.01366120218579235,1,FLPS
O00566,snoRNA,681.0,9,260,0.38179148311306904,3+,FLPS
O00567,snoRNA,594.0,8,145,0.2441077441077441,3+,FLPS
O00571,mRNA,662.0,2,142,0.21450151057401812,2,FLPS
O00584,diverse,256.0,2,48,0.1875,2,FLPS
O14602,mRNA,144.0,1,19,0.13194444444444445,1,FLPS
O14647,unknown,1828.0,24,684,0.3741794310722101,3+,FLPS
O14717,tRNA,391.0,1,14,0.03580562659846547,1,FLPS
O14730,pre-rRNA,519.0,2,28,0.05394990366088632,2,FLPS
O14746,ncRNA,1132.0,8,224,0.1978798586572438,3+,FLPS
O14776,mRNA,1098.0,9,447,0.40710382513661203,3+,FLPS
O14787,mRNA,897.0,3,48,0.05351170568561873,3+,FLPS
O14879,ncRNA,490.0,1,13,0.026530612244897958,1,FLPS
O14893,snRNA,280.0,2,33,0.11785714285714285,2,FLPS
O14979,mRNA,420.0,6,192,0.45714285714285713,3+,FLPS
O14980,mRNA,1071.0,1,12,0.011204481792717087,1,FLPS
O14981,unknown,1849.0,7,102,0.055164954029204974,3+,FLPS
O15037,mRNA,678.0,5,132,0.19469026548672566,3+,FLPS
O15042,snRNA,1029.0,9,503,0.48882410106899904,3+,FLPS
O15047,ncRNA,1707.0,26,733,0.4294083186877563,3+,FLPS
O15056,unknown,1496.0,6,183,0.12232620320855615,3+,FLPS
O15105,ncRNA,426.0,6,137,0.3215962441314554,3+,FLPS
O15116,snRNA,133.0,1,35,0.2631578947368421,1,FLPS
O15198,ncRNA,467.0,3,98,0.20985010706638116,3+,FLPS
O15213,snoRNA,610.0,5,99,0.16229508196721312,3+,FLPS
O15226,unknown,690.0,2,43,0.06231884057971015,2,FLPS
O15234,mRNA,703.0,10,389,0.5533428165007113,3+,FLPS
O15235,ribosomal protein,138.0,1,16,0.11594202898550725,1,FLPS
O15371,mRNA,548.0,4,79,0.14416058394160583,3+,FLPS
O15372,mRNA,352.0,5,64,0.18181818181818182,3+,FLPS
O15397,ncRNA,1037.0,3,77,0.0742526518804243,3+,FLPS
O15446,pre-rRNA,510.0,13,194,0.3803921568627451,3+,FLPS
O15455,ncRNA,904.0,4,71,0.07853982300884955,3+,FLPS
O15504,mRNA,423.0,7,174,0.41134751773049644,3+,FLPS
O15523,mRNA,660.0,2,148,0.22424242424242424,2,FLPS
O15541,snRNA,343.0,2,47,0.13702623906705538,2,FLPS
O43143,mRNA,795.0,4,99,0.12452830188679245,3+,FLPS
O43148,mRNA,476.0,2,40,0.08403361344537816,2,FLPS
O43159,pre-rRNA,456.0,5,116,0.2543859649122807,3+,FLPS
O43172,snRNA,522.0,4,47,0.09003831417624521,3+,FLPS
O43251,mRNA,390.0,4,107,0.2743589743589744,3+,FLPS
O43290,snRNA,800.0,9,160,0.2,3+,FLPS
O43310,mRNA,598.0,4,104,0.17391304347826086,3+,FLPS
O43347,mRNA,362.0,1,8,0.022099447513812154,1,FLPS
O43390,mRNA,633.0,7,227,0.358609794628752,3+,FLPS
O43395,snRNA,683.0,8,97,0.14202049780380674,3+,FLPS
O43422,unknown,761.0,1,44,0.05781865965834428,1,FLPS
O43426,unknown,1573.0,7,251,0.15956770502225048,3+,FLPS
O43432,mRNA,1585.0,13,396,0.24984227129337538,3+,FLPS
O43541,ncRNA,496.0,4,168,0.3387096774193548,3+,FLPS
O43660,mRNA,514.0,3,22,0.042801556420233464,3+,FLPS
O43709,pre-rRNA,281.0,1,47,0.16725978647686832,1,FLPS
O43719,mRNA,755.0,7,411,0.5443708609271524,3+,FLPS
O43776,tRNA,548.0,1,37,0.06751824817518248,1,FLPS
O43809,mRNA,227.0,1,23,0.1013215859030837,1,FLPS
O43818,snoRNA,475.0,3,127,0.2673684210526316,3+,FLPS
O43823,mRNA,692.0,11,262,0.3786127167630058,3+,FLPS
O60231,snRNA,1041.0,8,242,0.23246878001921228,3+,FLPS
O60287,pre-rRNA,2271.0,10,162,0.071334214002642,3+,FLPS
O60290,unknown,1169.0,7,102,0.0872540633019675,3+,FLPS
O60293,unknown,1989.0,17,589,0.2961287078934138,3+,FLPS
O60294,tRNA,686.0,5,124,0.18075801749271136,3+,FLPS
O60306,mRNA,1485.0,9,157,0.10572390572390572,3+,FLPS
O60318,mRNA,1980.0,18,414,0.20909090909090908,3+,FLPS
O60506,mRNA,623.0,4,162,0.26003210272873195,3+,FLPS
O60508,mRNA,579.0,4,86,0.14853195164075994,3+,FLPS
O60518,mRNA,1105.0,3,31,0.028054298642533938,3+,FLPS
O60522,ncRNA,2096.0,6,120,0.05725190839694656,3+,FLPS
O60563,ncRNA,726.0,8,169,0.2327823691460055,3+,FLPS
O60573,mRNA,245.0,1,12,0.04897959183673469,1,FLPS
O60583,ncRNA,730.0,7,239,0.3273972602739726,3+,FLPS
O60603,unknown,784.0,5,138,0.1760204081632653,3+,FLPS
O60739,mRNA,113.0,1,11,0.09734513274336283,1,FLPS
O60783,ribosomal protein,128.0,1,33,0.2578125,1,FLPS
O60812,mRNA,293.0,4,108,0.36860068259385664,3+,FLPS
O60828,mRNA,265.0,3,99,0.37358490566037733,3+,FLPS
O60832,snoRNA,514.0,3,63,0.122568093385214,3+,FLPS
O60841,tRNA,1220.0,11,369,0.30245901639344264,3+,FLPS
O60870,snRNA,393.0,8,170,0.43256997455470736,3+,FLPS
O60930,diverse,286.0,2,22,0.07692307692307693,2,FLPS
O60942,mRNA,597.0,3,34,0.05695142378559464,3+,FLPS
O75113,unknown,896.0,3,69,0.07700892857142858,3+,FLPS
O75127,tRNA,700.0,6,65,0.09285714285714286,3+,FLPS
O75132,unknown,1171.0,10,112,0.09564474807856532,3+,FLPS
O75152,mRNA,810.0,8,185,0.22839506172839505,3+,FLPS
O75179,unknown,2603.0,29,1006,0.38647714175950826,3+,FLPS
O75319,mRNA,330.0,1,6,0.01818181818181818,1,FLPS
O75437,unknown,659.0,1,11,0.01669195751138088,1,FLPS
O75460,mRNA,977.0,4,83,0.0849539406345957,3+,FLPS
O75475,mRNA,530.0,5,137,0.25849056603773585,3+,FLPS
O75494,mRNA,262.0,2,123,0.46946564885496184,2,FLPS
O75525,mRNA,346.0,3,99,0.2861271676300578,3+,FLPS
O75526,mRNA,392.0,5,262,0.6683673469387755,3+,FLPS
O75530,ncRNA,441.0,2,26,0.05895691609977324,2,FLPS
O75533,mRNA,1304.0,5,132,0.10122699386503067,3+,FLPS
O75607,pre-rRNA,178.0,4,36,0.20224719101123595,3+,FLPS
O75616,pre-rRNA,437.0,1,7,0.016018306636155607,1,FLPS
O75643,snRNA,2136.0,9,128,0.0599250936329588,3+,FLPS
O75691,snoRNA,2785.0,13,331,0.11885098743267504,3+,FLPS
O75817,ncRNA,140.0,1,11,0.07857142857142857,1,FLPS
O75818,ncRNA,363.0,2,26,0.07162534435261708,2,FLPS
O75821,mRNA,320.0,2,19,0.059375,2,FLPS
O75923,unknown,2080.0,10,131,0.06298076923076923,3+,FLPS
O75940,mRNA,238.0,2,65,0.27310924369747897,2,FLPS
O77932,diverse,396.0,3,47,0.11868686868686869,3+,FLPS
O94761,unknown,1208.0,11,234,0.19370860927152317,3+,FLPS
O94762,unknown,991.0,5,200,0.20181634712411706,3+,FLPS
O94829,mRNA,963.0,4,54,0.056074766355140186,3+,FLPS
O94874,unknown,794.0,5,43,0.05415617128463476,3+,FLPS
O94886,unknown,807.0,8,82,0.10161090458488228,3+,FLPS
O94906,snRNA,941.0,5,90,0.09564293304994687,3+,FLPS
O94913,mRNA,1555.0,13,599,0.3852090032154341,3+,FLPS
O94992,ncRNA,359.0,8,146,0.40668523676880225,3+,FLPS
O95104,mRNA,1147.0,11,680,0.5928509154315605,3+,FLPS
O95149,snRNA,360.0,3,49,0.1361111111111111,3+,FLPS
O95163,tRNA,1332.0,3,64,0.04804804804804805,3+,FLPS
O95218,mRNA,330.0,4,203,0.6151515151515151,3+,FLPS
O95319,mRNA,508.0,3,56,0.11023622047244094,3+,FLPS
O95363,tRNA,451.0,1,31,0.06873614190687362,1,FLPS
O95373,mRNA,1038.0,4,181,0.174373795761079,3+,FLPS
O95391,mRNA,586.0,7,163,0.2781569965870307,3+,FLPS
O95396,tRNA,460.0,5,57,0.12391304347826088,3+,FLPS
O95400,snRNA,341.0,6,55,0.16129032258064516,3+,FLPS
O95453,mRNA,639.0,2,47,0.07355242566510173,2,FLPS
O95620,tRNA,317.0,1,11,0.03470031545741325,1,FLPS
O95628,mRNA,575.0,6,177,0.30782608695652175,3+,FLPS
O95639,mRNA,269.0,3,116,0.4312267657992565,3+,FLPS
O95707,ncRNA,220.0,1,10,0.045454545454545456,1,FLPS
O95758,mRNA,552.0,2,33,0.059782608695652176,2,FLPS
O95786,ncRNA,925.0,1,23,0.024864864864864864,1,FLPS
O95793,mRNA,577.0,5,152,0.2634315424610052,3+,FLPS
O95926,mRNA,243.0,2,76,0.31275720164609055,2,FLPS
O95985,mRNA,862.0,3,96,0.11136890951276102,3+,FLPS
O95989,mRNA,172.0,2,22,0.12790697674418605,2,FLPS
O96006,unknown,694.0,1,19,0.027377521613832854,1,FLPS
P03950,diverse,147.0,1,14,0.09523809523809523,1,FLPS
P05198,tRNA,315.0,3,49,0.15555555555555556,3+,FLPS
P05386,ribosomal protein,114.0,2,40,0.3508771929824561,2,FLPS
P05387,ribosomal protein,115.0,2,42,0.3652173913043478,2,FLPS
P05388,ribosomal protein,317.0,4,72,0.22712933753943218,3+,FLPS
P05455,tRNA,408.0,2,87,0.21323529411764705,2,FLPS
P06730,mRNA,217.0,1,19,0.08755760368663594,1,FLPS
P06748,pre-rRNA,294.0,4,49,0.16666666666666666,3+,FLPS
P07814,tRNA,1512.0,5,70,0.046296296296296294,3+,FLPS
P07910,mRNA,306.0,5,128,0.41830065359477125,3+,FLPS
P07998,diverse,156.0,3,34,0.21794871794871795,3+,FLPS
P08240,ncRNA,638.0,4,90,0.14106583072100312,3+,FLPS
P08579,snRNA,225.0,4,56,0.24888888888888888,3+,FLPS
P08621,snRNA,437.0,6,330,0.7551487414187643,3+,FLPS
P08865,ribosomal protein,295.0,1,23,0.07796610169491526,1,FLPS
P09012,snRNA,282.0,3,96,0.3404255319148936,3+,FLPS
P09132,ncRNA,144.0,1,9,0.0625,1,FLPS
P09234,snRNA,159.0,1,95,0.5974842767295597,1,FLPS
P09543,mRNA,421.0,1,6,0.014251781472684086,1,FLPS
P09651,mRNA,372.0,3,183,0.49193548387096775,3+,FLPS
P09661,snRNA,255.0,1,6,0.023529411764705882,1,FLPS
P09874,mRNA,1014.0,5,123,0.12130177514792899,3+,FLPS
P09913,ncRNA,472.0,3,50,0.1059322033898305,3+,FLPS
P09914,ncRNA,478.0,2,35,0.07322175732217573,2,FLPS
P0C7P1,mRNA,496.0,4,212,0.4274193548387097,3+,FLPS
P0C7T5,mRNA,689.0,7,173,0.251088534107402,3+,FLPS
P0CF97,unknown,657.0,3,17,0.0258751902587519,3+,FLPS
P0DJD3,mRNA,496.0,4,212,0.4274193548387097,3+,FLPS
P0DKX0,unknown,622.0,3,25,0.04019292604501608,3+,FLPS
P10153,diverse,161.0,2,75,0.4658385093167702,2,FLPS
P11387,unknown,765.0,7,240,0.3137254901960784,3+,FLPS
P11940,mRNA,636.0,4,93,0.14622641509433962,3+,FLPS
P12270,mRNA,2363.0,22,584,0.24714346170122725,3+,FLPS
P12724,diverse,160.0,2,57,0.35625,2,FLPS
P13489,diverse,461.0,4,94,0.2039045553145336,3+,FLPS
P13639,tRNA,858.0,4,74,0.08624708624708624,3+,FLPS
P14678,snRNA,240.0,3,143,0.5958333333333333,3+,FLPS
P14866,mRNA,589.0,4,173,0.2937181663837012,3+,FLPS
P14868,tRNA,501.0,2,12,0.023952095808383235,2,FLPS
P15170,mRNA,499.0,3,70,0.1402805611222445,3+,FLPS
P15918,unknown,1043.0,2,49,0.04697986577181208,2,FLPS
P16383,mRNA,781.0,8,168,0.21510883482714468,3+,FLPS
P16989,mRNA,372.0,7,206,0.553763440860215,3+,FLPS
P17039,unknown,623.0,1,11,0.01765650080256822,1,FLPS
P17480,pre-rRNA,764.0,10,231,0.3023560209424084,3+,FLPS
P18583,mRNA,2426.0,18,1066,0.43940643033800497,3+,FLPS
P18615,mRNA,380.0,4,106,0.2789473684210526,3+,FLPS
P19338,snoRNA,710.0,8,294,0.4140845070422535,3+,FLPS
P19474,ncRNA,475.0,3,70,0.14736842105263157,3+,FLPS
P19525,ncRNA,551.0,4,126,0.22867513611615245,3+,FLPS
P20042,tRNA,333.0,5,91,0.2732732732732733,3+,FLPS
P21128,snoRNA,410.0,3,123,0.3,3+,FLPS
P21399,mRNA,889.0,3,27,0.030371203599550055,3+,FLPS
P21506,unknown,573.0,3,21,0.03664921465968586,3+,FLPS
P22087,snRNA,321.0,2,77,0.2398753894080997,2,FLPS
P22314,mRNA,1058.0,3,39,0.036862003780718335,3+,FLPS
P22626,mRNA,353.0,1,148,0.4192634560906516,1,FLPS
P23246,mRNA,707.0,4,455,0.6435643564356436,3+,FLPS
P23396,ribosomal protein,243.0,1,51,0.20987654320987653,1,FLPS
P23588,mRNA,611.0,8,302,0.49427168576104746,3+,FLPS
P24534,tRNA,225.0,3,33,0.14666666666666667,3+,FLPS
P25311,unknown,298.0,3,18,0.06040268456375839,3+,FLPS
P25786,unknown,263.0,1,5,0.019011406844106463,1,FLPS
P26358,ncRNA,1616.0,10,239,0.1478960396039604,3+,FLPS
P26368,mRNA,475.0,4,72,0.15157894736842106,3+,FLPS
P26378,mRNA,385.0,2,30,0.07792207792207792,2,FLPS
P26599,mRNA,557.0,3,52,0.0933572710951526,3+,FLPS
P26639,tRNA,723.0,2,38,0.05255878284923928,2,FLPS
P26640,tRNA,1264.0,10,237,0.1875,3+,FLPS
P26641,tRNA,437.0,1,60,0.13729977116704806,1,FLPS
P26651,mRNA,326.0,5,174,0.5337423312883436,3+,FLPS
P27824,unknown,592.0,6,157,0.2652027027027027,3+,FLPS
P29558,mRNA,406.0,3,70,0.1724137931034483,3+,FLPS
P29692,tRNA,281.0,4,45,0.1601423487544484,3+,FLPS
P29728,ncRNA,719.0,1,7,0.009735744089012517,1,FLPS
P31483,mRNA,386.0,3,95,0.24611398963730569,3+,FLPS
P31939,unknown,592.0,2,46,0.0777027027027027,2,FLPS
P31942,mRNA,346.0,2,156,0.4508670520231214,2,FLPS
P31943,mRNA,449.0,2,103,0.22939866369710468,2,FLPS
P32969,ribosomal protein,192.0,2,11,0.057291666666666664,2,FLPS
P33240,mRNA,577.0,6,230,0.3986135181975737,3+,FLPS
P35269,mRNA,517.0,7,134,0.25918762088974856,3+,FLPS
P35637,mRNA,526.0,7,398,0.7566539923954373,3+,FLPS
P35789,unknown,620.0,1,39,0.06290322580645161,1,FLPS
P36776,diverse,959.0,6,133,0.1386861313868613,3+,FLPS
P37108,ncRNA,136.0,2,41,0.3014705882352941,2,FLPS
P38159,mRNA,391.0,5,256,0.6547314578005116,3+,FLPS
P38398,ncRNA,1863.0,11,288,0.15458937198067632,3+,FLPS
P38919,mRNA,411.0,1,8,0.019464720194647202,1,FLPS
P38935,tRNA,993.0,6,174,0.17522658610271905,3+,FLPS
P40429,ribosomal protein,203.0,2,38,0.18719211822660098,2,FLPS
P41091,tRNA,472.0,2,53,0.11228813559322035,2,FLPS
P41214,tRNA,584.0,3,49,0.0839041095890411,3+,FLPS
P41250,tRNA,739.0,2,59,0.07983761840324763,2,FLPS
P41252,tRNA,1262.0,2,11,0.008716323296354992,2,FLPS
P42285,diverse,1042.0,1,12,0.011516314779270634,1,FLPS
P42694,mRNA,1942.0,16,432,0.22245108135942326,3+,FLPS
P42696,mRNA,430.0,4,45,0.10465116279069768,3+,FLPS
P42704,mRNA,1394.0,6,92,0.06599713055954089,3+,FLPS
P42766,ribosomal protein,123.0,2,28,0.22764227642276422,2,FLPS
P43243,mRNA,847.0,11,361,0.42621015348288077,3+,FLPS
P46087,pre-rRNA,812.0,6,223,0.2746305418719212,3+,FLPS
P46100,unknown,2492.0,37,800,0.32102728731942215,3+,FLPS
P46199,tRNA,727.0,4,113,0.15543328748280605,3+,FLPS
P46777,ribosomal protein,297.0,3,40,0.13468013468013468,3+,FLPS
P46778,ribosomal protein,160.0,1,26,0.1625,1,FLPS
P46781,ribosomal protein,194.0,1,23,0.11855670103092783,1,FLPS
P46782,ribosomal protein,204.0,1,5,0.024509803921568627,1,FLPS
P47813,mRNA,144.0,1,19,0.13194444444444445,1,FLPS
P47914,ribosomal protein,159.0,3,67,0.42138364779874216,3+,FLPS
P47974,mRNA,494.0,9,254,0.5141700404858299,3+,FLPS
P48200,mRNA,963.0,1,11,0.01142263759086189,1,FLPS
P49406,ribosomal protein,292.0,2,67,0.22945205479452055,2,FLPS
P49411,mRNA,455.0,3,52,0.11428571428571428,3+,FLPS
P49450,unknown,140.0,2,71,0.5071428571428571,2,FLPS
P49588,tRNA,968.0,3,30,0.030991735537190084,3+,FLPS
P49589,tRNA,748.0,4,86,0.11497326203208556,3+,FLPS
P49590,tRNA,506.0,1,18,0.03557312252964427,1,FLPS
P49642,diverse,420.0,5,77,0.18333333333333332,3+,FLPS
P49756,mRNA,843.0,10,416,0.49347568208778175,3+,FLPS
P49759,mRNA,484.0,4,72,0.1487603305785124,3+,FLPS
P49760,mRNA,499.0,3,161,0.3226452905811623,3+,FLPS
P49761,mRNA,490.0,3,157,0.32040816326530613,3+,FLPS
P49770,mRNA,351.0,1,6,0.017094017094017096,1,FLPS
P49790,diverse,1475.0,16,523,0.3545762711864407,3+,FLPS
P49792,mRNA,3224.0,20,360,0.11166253101736973,3+,FLPS
P50750,ncRNA,372.0,1,34,0.0913978494623656,1,FLPS
P50914,ribosomal protein,215.0,1,124,0.5767441860465117,1,FLPS
P51114,mRNA,621.0,4,74,0.11916264090177134,3+,FLPS
P51116,mRNA,673.0,5,154,0.2288261515601783,3+,FLPS
P51508,unknown,661.0,1,11,0.01664145234493192,1,FLPS
P51513,mRNA,507.0,2,101,0.1992110453648915,2,FLPS
P51531,unknown,1590.0,17,555,0.3490566037735849,3+,FLPS
P51608,mRNA,486.0,9,143,0.294238683127572,3+,FLPS
P51814,unknown,821.0,2,85,0.10353227771010962,2,FLPS
P51825,mRNA,1210.0,16,572,0.4727272727272727,3+,FLPS
P51843,mRNA,470.0,6,65,0.13829787234042554,3+,FLPS
P51991,mRNA,378.0,3,178,0.4708994708994709,3+,FLPS
P52272,mRNA,730.0,7,421,0.5767123287671233,3+,FLPS
P52594,mRNA,562.0,7,171,0.304270462633452,3+,FLPS
P52597,mRNA,415.0,1,21,0.05060240963855422,1,FLPS
P52756,mRNA,815.0,10,306,0.3754601226993865,3+,FLPS
P52815,ribosomal protein,198.0,2,45,0.22727272727272727,2,FLPS
P52824,unknown,942.0,10,272,0.28874734607218683,3+,FLPS
P53803,mRNA,58.0,1,33,0.5689655172413793,1,FLPS
P53999,mRNA,127.0,3,39,0.30708661417322836,3+,FLPS
P54136,tRNA,660.0,1,5,0.007575757575757576,1,FLPS
P54253,mRNA,815.0,7,162,0.19877300613496932,3+,FLPS
P54577,tRNA,528.0,2,11,0.020833333333333332,2,FLPS
P55010,mRNA,431.0,6,77,0.17865429234338748,3+,FLPS
P55199,snRNA,621.0,4,119,0.19162640901771336,3+,FLPS
P55265,mRNA,1226.0,2,54,0.04404567699836868,2,FLPS
P55769,snRNA,128.0,1,11,0.0859375,1,FLPS
P55795,mRNA,449.0,3,110,0.24498886414253898,3+,FLPS
P55884,mRNA,814.0,8,174,0.21375921375921375,3+,FLPS
P56182,pre-rRNA,461.0,6,81,0.175704989154013,3+,FLPS
P56192,tRNA,900.0,6,112,0.12444444444444444,3+,FLPS
P56270,unknown,477.0,6,236,0.4947589098532495,3+,FLPS
P57052,mRNA,281.0,3,23,0.08185053380782918,3+,FLPS
P57081,tRNA,412.0,3,57,0.1383495145631068,3+,FLPS
P57678,snRNA,1058.0,2,29,0.027410207939508508,2,FLPS
P57721,mRNA,371.0,2,47,0.12668463611859837,2,FLPS
P57723,mRNA,403.0,3,73,0.18114143920595532,3+,FLPS
P57772,tRNA,596.0,4,73,0.12248322147651007,3+,FLPS
P60153,unknown,205.0,2,30,0.14634146341463414,2,FLPS
P60228,mRNA,445.0,1,26,0.058426966292134834,1,FLPS
P60321,mRNA,138.0,2,34,0.2463768115942029,2,FLPS
P60323,mRNA,173.0,4,81,0.4682080924855491,3+,FLPS
P60842,mRNA,406.0,1,18,0.04433497536945813,1,FLPS
P60900,unknown,246.0,1,6,0.024390243902439025,1,FLPS
P61011,ncRNA,504.0,2,104,0.20634920634920634,2,FLPS
P61129,unknown,1189.0,14,486,0.4087468460891506,3+,FLPS
P61218,mRNA,127.0,2,40,0.31496062992125984,2,FLPS
P61221,ncRNA,599.0,2,66,0.11018363939899833,2,FLPS
P61254,ribosomal protein,145.0,1,27,0.18620689655172415,1,FLPS
P61353,ribosomal protein,136.0,1,15,0.11029411764705882,1,FLPS
P61978,mRNA,463.0,5,198,0.42764578833693306,3+,FLPS
P62081,ribosomal protein,194.0,1,23,0.11855670103092783,1,FLPS
P62241,ribosomal protein,208.0,2,51,0.24519230769230768,2,FLPS
P62266,ribosomal protein,143.0,1,14,0.0979020979020979,1,FLPS
P62269,ribosomal protein,152.0,1,37,0.24342105263157895,1,FLPS
P62306,snRNA,86.0,1,5,0.05813953488372093,1,FLPS
P62310,snRNA,102.0,1,16,0.1568627450980392,1,FLPS
P62314,snRNA,119.0,1,23,0.19327731092436976,1,FLPS
P62316,snRNA,118.0,3,40,0.3389830508474576,3+,FLPS
P62318,snRNA,126.0,2,45,0.35714285714285715,2,FLPS
P62487,mRNA,172.0,1,12,0.06976744186046512,1,FLPS
P62495,mRNA,437.0,2,16,0.036613272311212815,2,FLPS
P62633,mRNA,177.0,2,133,0.751412429378531,2,FLPS
P62750,ribosomal protein,156.0,2,66,0.4230769230769231,2,FLPS
P62753,ribosomal protein,249.0,3,110,0.44176706827309237,3+,FLPS
P62826,mRNA,216.0,1,5,0.023148148148148147,1,FLPS
P62851,ribosomal protein,125.0,1,40,0.32,1,FLPS
P62854,ribosomal protein,115.0,2,55,0.4782608695652174,2,FLPS
P62861,ribosomal protein,133.0,2,22,0.16541353383458646,2,FLPS
P62888,ribosomal protein,115.0,1,5,0.043478260869565216,1,FLPS
P62891,ribosomal protein,51.0,1,6,0.11764705882352941,1,FLPS
P62906,ribosomal protein,217.0,1,16,0.07373271889400922,1,FLPS
P62945,ribosomal protein,25.0,1,24,0.96,1,FLPS
P62979,ribosomal protein,156.0,2,59,0.3782051282051282,2,FLPS
P62995,mRNA,288.0,2,182,0.6319444444444444,2,FLPS
P63162,snRNA,240.0,3,143,0.5958333333333333,3+,FLPS
P67809,mRNA,324.0,7,122,0.3765432098765432,3+,FLPS
P68104,tRNA,462.0,1,31,0.0670995670995671,1,FLPS
P78316,pre-rRNA,857.0,8,172,0.20070011668611434,3+,FLPS
P78317,unknown,190.0,2,33,0.1736842105263158,2,FLPS
P78332,mRNA,1123.0,15,432,0.3846838824577026,3+,FLPS
P78344,mRNA,907.0,8,190,0.20948180815876516,3+,FLPS
P78362,mRNA,688.0,8,189,0.2747093023255814,3+,FLPS
P78563,mRNA,741.0,5,76,0.10256410256410256,3+,FLPS
P79522,unknown,188.0,2,121,0.6436170212765957,2,FLPS
P82663,ribosomal protein,173.0,2,41,0.23699421965317918,2,FLPS
P82664,ribosomal protein,201.0,1,21,0.1044776119402985,1,FLPS
P82673,ribosomal protein,323.0,5,125,0.38699690402476783,3+,FLPS
P82675,ribosomal protein,430.0,6,92,0.21395348837209302,3+,FLPS
P82909,ribosomal protein,103.0,2,30,0.2912621359223301,2,FLPS
P82912,ribosomal protein,194.0,1,13,0.06701030927835051,1,FLPS
P82914,ribosomal protein,257.0,2,11,0.042801556420233464,2,FLPS
P82930,ribosomal protein,218.0,2,67,0.3073394495412844,2,FLPS
P82933,ribosomal protein,396.0,1,5,0.012626262626262626,1,FLPS
P82979,mRNA,210.0,1,37,0.1761904761904762,1,FLPS
P83369,snRNA,360.0,4,152,0.4222222222222222,3+,FLPS
P83731,ribosomal protein,157.0,2,65,0.4140127388535032,2,FLPS
P83876,snRNA,142.0,1,6,0.04225352112676056,1,FLPS
P84022,ncRNA,425.0,4,73,0.17176470588235293,3+,FLPS
P84098,ribosomal protein,196.0,2,92,0.46938775510204084,2,FLPS
P84103,mRNA,164.0,1,100,0.6097560975609756,1,FLPS
P86452,unknown,979.0,5,111,0.11338100102145046,3+,FLPS
P98175,mRNA,930.0,10,229,0.24623655913978496,3+,FLPS
P98179,mRNA,157.0,2,74,0.4713375796178344,2,FLPS
Q00013,unknown,466.0,3,25,0.0536480686695279,3+,FLPS
Q00059,mRNA,246.0,1,26,0.10569105691056911,1,FLPS
Q00341,mRNA,1268.0,6,81,0.0638801261829653,3+,FLPS
Q00577,mRNA,322.0,3,56,0.17391304347826086,3+,FLPS
Q00839,mRNA,825.0,9,369,0.44727272727272727,3+,FLPS
Q01081,mRNA,240.0,3,103,0.42916666666666664,3+,FLPS
Q01085,mRNA,375.0,3,65,0.17333333333333334,3+,FLPS
Q01130,mRNA,221.0,1,139,0.6289592760180995,1,FLPS
Q01780,diverse,885.0,5,114,0.1288135593220339,3+,FLPS
Q01844,unknown,656.0,11,528,0.8048780487804879,3+,FLPS
Q02040,mRNA,695.0,4,256,0.3683453237410072,3+,FLPS
Q02878,ribosomal protein,288.0,3,66,0.22916666666666666,3+,FLPS
Q03468,unknown,1493.0,9,161,0.10783657066309445,3+,FLPS
Q03701,pre-rRNA,1054.0,6,211,0.20018975332068312,3+,FLPS
Q04637,mRNA,1599.0,16,503,0.3145716072545341,3+,FLPS
Q05048,mRNA,431.0,1,21,0.048723897911832945,1,FLPS
Q05481,unknown,1191.0,2,70,0.05877413937867338,2,FLPS
Q05519,mRNA,484.0,4,242,0.5,3+,FLPS
Q05823,ncRNA,741.0,1,8,0.010796221322537112,1,FLPS
Q06265,diverse,439.0,4,63,0.14350797266514806,3+,FLPS
Q06787,mRNA,632.0,4,95,0.15031645569620253,3+,FLPS
Q06830,mRNA,199.0,1,10,0.05025125628140704,1,FLPS
Q07020,ribosomal protein,188.0,2,52,0.2765957446808511,2,FLPS
Q07021,mRNA,282.0,2,23,0.08156028368794327,2,FLPS
Q07352,mRNA,338.0,2,63,0.1863905325443787,2,FLPS
Q07666,mRNA,443.0,6,208,0.46952595936794583,3+,FLPS
Q07864,unknown,2286.0,7,100,0.04374453193350831,3+,FLPS
Q07955,mRNA,248.0,2,65,0.2620967741935484,2,FLPS
Q08117,unknown,197.0,3,94,0.47715736040609136,3+,FLPS
Q08170,mRNA,494.0,5,338,0.6842105263157895,3+,FLPS
Q08211,ncRNA,1270.0,8,219,0.17244094488188977,3+,FLPS
Q08AF3,unknown,891.0,2,13,0.014590347923681257,2,FLPS
Q08J23,tRNA,767.0,4,60,0.07822685788787484,3+,FLPS
Q09161,mRNA,790.0,6,68,0.08607594936708861,3+,FLPS
Q12788,snoRNA,808.0,2,40,0.04950495049504951,2,FLPS
Q12849,mRNA,480.0,7,135,0.28125,3+,FLPS
Q12872,mRNA,951.0,13,399,0.4195583596214511,3+,FLPS
Q12874,snRNA,501.0,4,71,0.14171656686626746,3+,FLPS
Q12904,tRNA,312.0,2,39,0.125,2,FLPS
Q12905,mRNA,390.0,3,85,0.21794871794871795,3+,FLPS
Q12906,mRNA,894.0,10,367,0.4105145413870246,3+,FLPS
Q12926,mRNA,359.0,1,38,0.10584958217270195,1,FLPS
Q12972,diverse,351.0,4,88,0.25071225071225073,3+,FLPS
Q12986,mRNA,1120.0,7,595,0.53125,3+,FLPS
Q12996,mRNA,717.0,3,96,0.13389121338912133,3+,FLPS
Q13064,mRNA,507.0,7,155,0.3057199211045365,3+,FLPS
Q13117,mRNA,558.0,4,90,0.16129032258064516,3+,FLPS
Q13148,mRNA,414.0,3,163,0.39371980676328505,3+,FLPS
Q13151,mRNA,305.0,3,137,0.4491803278688525,3+,FLPS
Q13155,tRNA,320.0,2,28,0.0875,2,FLPS
Q13242,mRNA,221.0,2,63,0.2850678733031674,2,FLPS
Q13243,mRNA,272.0,2,128,0.47058823529411764,2,FLPS
Q13247,mRNA,344.0,2,202,0.5872093023255814,2,FLPS
Q13283,mRNA,466.0,6,222,0.47639484978540775,3+,FLPS
Q13310,mRNA,644.0,4,112,0.17391304347826086,3+,FLPS
Q13325,tRNA,482.0,1,26,0.05394190871369295,1,FLPS
Q13360,unknown,481.0,1,24,0.0498960498960499,1,FLPS
Q13395,mRNA,1621.0,10,243,0.1499074645280691,3+,FLPS
Q13405,ribosomal protein,166.0,1,31,0.18674698795180722,1,FLPS
Q13428,pre-rRNA,1488.0,29,564,0.3790322580645161,3+,FLPS
Q13435,mRNA,895.0,16,455,0.5083798882681564,3+,FLPS
Q13485,ncRNA,552.0,5,108,0.1956521739130435,3+,FLPS
Q13523,snRNA,1007.0,9,443,0.4399205561072492,3+,FLPS
Q13573,mRNA,536.0,4,108,0.20149253731343283,3+,FLPS
Q13595,mRNA,282.0,3,168,0.5957446808510638,3+,FLPS
Q13601,snoRNA,381.0,3,82,0.2152230971128609,3+,FLPS
Q13686,mRNA,389.0,2,36,0.09254498714652956,2,FLPS
Q13823,pre-rRNA,731.0,9,170,0.23255813953488372,3+,FLPS
Q13825,mRNA,339.0,2,32,0.0943952802359882,2,FLPS
Q13895,pre-rRNA,437.0,2,35,0.08009153318077804,2,FLPS
Q14011,mRNA,172.0,3,88,0.5116279069767442,3+,FLPS
Q14103,mRNA,355.0,4,164,0.4619718309859155,3+,FLPS
Q14137,pre-rRNA,746.0,6,146,0.19571045576407506,3+,FLPS
Q14146,pre-rRNA,1524.0,5,69,0.045275590551181105,3+,FLPS
Q14147,mRNA,1143.0,7,107,0.09361329833770779,3+,FLPS
Q14151,mRNA,953.0,10,447,0.4690451206715635,3+,FLPS
Q14152,mRNA,1382.0,6,694,0.5021707670043415,3+,FLPS
Q14157,mRNA,1087.0,14,577,0.53081876724931,3+,FLPS
Q14197,tRNA,206.0,2,50,0.24271844660194175,2,FLPS
Q14204,mRNA,4646.0,10,196,0.04218682737839001,3+,FLPS
Q14206,unknown,197.0,4,51,0.25888324873096447,3+,FLPS
Q14249,diverse,297.0,3,82,0.2760942760942761,3+,FLPS
Q14258,mRNA,630.0,6,159,0.2523809523809524,3+,FLPS
Q14296,mRNA,549.0,7,157,0.2859744990892532,3+,FLPS
Q14444,mRNA,709.0,10,276,0.38928067700987307,3+,FLPS
Q14493,mRNA,270.0,3,58,0.21481481481481482,3+,FLPS
Q14498,mRNA,530.0,3,134,0.2528301886792453,3+,FLPS
Q14562,mRNA,1220.0,7,214,0.17540983606557378,3+,FLPS
Q14576,mRNA,367.0,1,18,0.04904632152588556,1,FLPS
Q14587,unknown,947.0,3,21,0.022175290390707498,3+,FLPS
Q14657,tRNA,143.0,2,42,0.2937062937062937,2,FLPS
Q14671,mRNA,1186.0,13,416,0.35075885328836426,3+,FLPS
Q14684,pre-rRNA,758.0,7,103,0.1358839050131926,3+,FLPS
Q14690,snoRNA,1871.0,9,158,0.08444681988241583,3+,FLPS
Q14692,pre-rRNA,1282.0,13,256,0.1996879875195008,3+,FLPS
Q14694,mRNA,798.0,5,67,0.08395989974937343,3+,FLPS
Q14764,ncRNA,893.0,3,35,0.03919372900335946,3+,FLPS
Q14839,unknown,1912.0,23,573,0.2996861924686193,3+,FLPS
Q14966,mRNA,1978.0,15,529,0.26744186046511625,3+,FLPS
Q14974,mRNA,876.0,3,31,0.03538812785388128,3+,FLPS
Q14CZ7,mRNA,662.0,2,40,0.06042296072507553,2,FLPS
Q15007,mRNA,396.0,3,111,0.2803030303030303,3+,FLPS
Q15020,snRNA,963.0,8,136,0.14122533748701974,3+,FLPS
Q15022,ncRNA,739.0,5,102,0.13802435723951287,3+,FLPS
Q15029,tRNA,972.0,2,39,0.040123456790123455,2,FLPS
Q15032,unknown,1099.0,12,515,0.46860782529572337,3+,FLPS
Q15050,pre-rRNA,365.0,3,126,0.3452054794520548,3+,FLPS
Q15056,mRNA,248.0,2,89,0.3588709677419355,2,FLPS
Q15061,pre-rRNA,677.0,2,83,0.12259970457902511,2,FLPS
Q15072,unknown,292.0,2,23,0.07876712328767123,2,FLPS
Q15185,ncRNA,160.0,3,50,0.3125,3+,FLPS
Q15233,ncRNA,471.0,7,170,0.3609341825902335,3+,FLPS
Q15269,snoRNA,919.0,5,48,0.05223068552774755,3+,FLPS
Q15287,mRNA,305.0,4,233,0.7639344262295082,3+,FLPS
Q15365,mRNA,356.0,1,30,0.08426966292134831,1,FLPS
Q15366,mRNA,365.0,3,58,0.1589041095890411,3+,FLPS
Q15393,mRNA,1217.0,3,60,0.049301561216105176,3+,FLPS
Q15397,mRNA,648.0,2,74,0.11419753086419752,2,FLPS
Q15415,mRNA,496.0,4,222,0.4475806451612903,3+,FLPS
Q15424,mRNA,915.0,13,517,0.5650273224043716,3+,FLPS
Q15427,mRNA,424.0,1,209,0.49292452830188677,1,FLPS
Q15428,snRNA,464.0,5,298,0.6422413793103449,3+,FLPS
Q15434,mRNA,407.0,5,62,0.15233415233415235,3+,FLPS
Q15459,snRNA,793.0,10,346,0.43631778058007564,3+,FLPS
Q15477,mRNA,1246.0,6,55,0.044141252006420544,3+,FLPS
Q15633,mRNA,366.0,4,60,0.16393442622950818,3+,FLPS
Q15637,mRNA,639.0,7,285,0.4460093896713615,3+,FLPS
Q15646,ncRNA,514.0,2,34,0.06614785992217899,2,FLPS
Q15696,mRNA,482.0,3,237,0.491701244813278,3+,FLPS
Q15796,ncRNA,467.0,4,53,0.11349036402569593,3+,FLPS
Q15797,ncRNA,465.0,4,124,0.26666666666666666,3+,FLPS
Q15910,ncRNA,746.0,9,192,0.257372654155496,3+,FLPS
Q16206,mRNA,610.0,6,199,0.3262295081967213,3+,FLPS
Q16560,snRNA,246.0,2,108,0.43902439024390244,2,FLPS
Q16587,unknown,644.0,2,33,0.05124223602484472,2,FLPS
Q16594,snoRNA,264.0,3,75,0.2840909090909091,3+,FLPS
Q16600,unknown,458.0,1,5,0.010917030567685589,1,FLPS
Q16629,mRNA,238.0,2,182,0.7647058823529411,2,FLPS
Q16630,mRNA,551.0,3,320,0.5807622504537205,3+,FLPS
Q16637,snRNA,294.0,5,102,0.3469387755102041,3+,FLPS
Q17RN3,unknown,349.0,3,35,0.10028653295128939,3+,FLPS
Q17RY0,mRNA,729.0,7,174,0.23868312757201646,3+,FLPS
Q1KMD3,mRNA,747.0,9,291,0.3895582329317269,3+,FLPS
Q2M296,mRNA,383.0,3,78,0.20365535248041775,3+,FLPS
Q2NKX8,unknown,1250.0,5,147,0.1176,3+,FLPS
Q2NL82,pre-rRNA,804.0,5,165,0.20522388059701493,3+,FLPS
Q2Q1W2,ncRNA,868.0,9,148,0.17050691244239632,3+,FLPS
Q2TBE0,mRNA,894.0,6,74,0.08277404921700224,3+,FLPS
Q2VIR3,tRNA,472.0,2,53,0.11228813559322035,2,FLPS
Q2VPK5,tRNA,515.0,6,117,0.22718446601941747,3+,FLPS
Q2WGJ9,unknown,1857.0,11,295,0.15885837372105546,3+,FLPS
Q32MZ4,ncRNA,808.0,5,189,0.23391089108910892,3+,FLPS
Q32P41,tRNA,509.0,1,25,0.04911591355599214,1,FLPS
Q32P51,mRNA,320.0,2,118,0.36875,2,FLPS
Q3L8U1,unknown,2897.0,23,599,0.20676561960648948,3+,FLPS
Q3MHD2,mRNA,195.0,1,13,0.06666666666666667,1,FLPS
Q3MIT2,tRNA,529.0,2,23,0.043478260869565216,2,FLPS
Q3SXZ3,unknown,478.0,2,46,0.09623430962343096,2,FLPS
Q460N5,unknown,1801.0,6,92,0.05108273181565797,3+,FLPS
Q499Z4,unknown,452.0,4,130,0.28761061946902655,3+,FLPS
Q4G0J3,ncRNA,582.0,6,93,0.15979381443298968,3+,FLPS
Q4VXA5,mRNA,237.0,1,19,0.08016877637130802,1,FLPS
Q4VXU2,mRNA,619.0,4,113,0.1825525040387722,3+,FLPS
Q4ZG55,unknown,1949.0,12,278,0.1426372498717291,3+,FLPS
Q504Q3,mRNA,1202.0,6,103,0.08569051580698835,3+,FLPS
Q52LJ0,tRNA,433.0,2,107,0.2471131639722864,2,FLPS
Q53EL6,mRNA,469.0,5,84,0.1791044776119403,3+,FLPS
Q53F19,unknown,620.0,9,167,0.2693548387096774,3+,FLPS
Q53GL7,unknown,1025.0,6,151,0.1473170731707317,3+,FLPS
Q53GS9,snRNA,565.0,5,112,0.19823008849557522,3+,FLPS
Q53H54,tRNA,448.0,2,25,0.05580357142857143,2,FLPS
Q53S33,unknown,107.0,1,9,0.08411214953271028,1,FLPS
Q587J7,ncRNA,1177.0,2,40,0.033984706881903144,2,FLPS
Q58A45,mRNA,887.0,9,308,0.34723788049605414,3+,FLPS
Q5C9Z4,pre-rRNA,860.0,8,269,0.3127906976744186,3+,FLPS
Q5CZA5,unknown,627.0,1,5,0.007974481658692184,1,FLPS
Q5D1E8,ncRNA,599.0,5,112,0.18697829716193656,3+,FLPS
Q5FWF4,unknown,1079.0,2,35,0.03243744207599629,2,FLPS
Q5GAN4,unknown,147.0,1,6,0.04081632653061224,1,FLPS
Q5GAN6,unknown,216.0,1,17,0.0787037037037037,1,FLPS
Q5H9U9,ncRNA,1706.0,6,87,0.050996483001172335,3+,FLPS
Q5HYM0,diverse,836.0,4,66,0.07894736842105263,3+,FLPS
Q5JPI9,tRNA,236.0,2,23,0.09745762711864407,2,FLPS
Q5JSJ4,mRNA,861.0,3,67,0.07781649245063879,3+,FLPS
Q5JTH9,pre-rRNA,1297.0,7,169,0.13030069390902083,3+,FLPS
Q5JTZ9,tRNA,985.0,7,62,0.06294416243654823,3+,FLPS
Q5JVS0,mRNA,413.0,8,173,0.4188861985472155,3+,FLPS
Q5JW28,unknown,199.0,4,110,0.5527638190954773,3+,FLPS
Q5MCW4,unknown,686.0,1,12,0.01749271137026239,1,FLPS
Q5PRF9,mRNA,694.0,9,210,0.3025936599423631,3+,FLPS
Q5QJE6,pre-rRNA,756.0,8,118,0.15608465608465608,3+,FLPS
Q5QPL9,mRNA,237.0,2,61,0.25738396624472576,2,FLPS
Q5RKV6,diverse,272.0,4,65,0.23897058823529413,3+,FLPS
Q5RL73,mRNA,367.0,5,86,0.23433242506811988,3+,FLPS
Q5ST30,tRNA,1063.0,4,51,0.04797742238946378,3+,FLPS
Q5SY16,pre-rRNA,702.0,5,148,0.21082621082621084,3+,FLPS
Q5SZ64,mRNA,190.0,1,9,0.04736842105263158,1,FLPS
Q5SZQ8,mRNA,465.0,4,169,0.3634408602150538,3+,FLPS
Q5T1V6,mRNA,619.0,2,40,0.06462035541195477,2,FLPS
Q5T200,unknown,1668.0,20,1031,0.61810551558753,3+,FLPS
Q5T280,unknown,376.0,2,38,0.10106382978723404,2,FLPS
Q5T481,mRNA,1227.0,9,383,0.3121434392828036,3+,FLPS
Q5T5C7,tRNA,536.0,4,42,0.07835820895522388,3+,FLPS
Q5T5J6,mRNA,900.0,3,63,0.07,3+,FLPS
Q5T619,unknown,568.0,2,41,0.0721830985915493,2,FLPS
Q5T6F2,mRNA,1119.0,15,544,0.48614834673815904,3+,FLPS
Q5T760,mRNA,491.0,6,255,0.5193482688391039,3+,FLPS
Q5T764,ncRNA,474.0,2,24,0.05063291139240506,2,FLPS
Q5T7F5,mRNA,372.0,2,46,0.12365591397849462,2,FLPS
Q5T7N2,mRNA,865.0,8,305,0.35260115606936415,3+,FLPS
Q5T890,unknown,1561.0,8,146,0.09352978859705317,3+,FLPS
Q5T8P6,mRNA,1007.0,10,365,0.3624627606752731,3+,FLPS
Q5T8Z2,unknown,184.0,2,49,0.266304347826087,2,FLPS
Q5T9H5,mRNA,84.0,1,9,0.10714285714285714,1,FLPS
Q5TAP6,snoRNA,766.0,7,137,0.17885117493472585,3+,FLPS
Q5TAX3,ncRNA,1644.0,14,361,0.21958637469586376,3+,FLPS
Q5TBB1,diverse,312.0,4,106,0.33974358974358976,3+,FLPS
Q5TBQ0,mRNA,296.0,1,22,0.07432432432432433,1,FLPS
Q5TC82,mRNA,1133.0,8,287,0.2533097969991174,3+,FLPS
Q5U5Q3,mRNA,659.0,9,266,0.40364188163884673,3+,FLPS
Q5VTE6,mRNA,544.0,2,33,0.06066176470588235,2,FLPS
Q5VTL8,snRNA,546.0,5,319,0.5842490842490843,3+,FLPS
Q5VUC9,ncRNA,145.0,1,16,0.1103448275862069,1,FLPS
Q5VUG0,unknown,894.0,8,136,0.15212527964205816,3+,FLPS
Q5VV42,tRNA,579.0,4,39,0.06735751295336788,3+,FLPS
Q5VV67,mRNA,1664.0,17,815,0.48978365384615385,3+,FLPS
Q5VWX1,mRNA,349.0,3,153,0.4383954154727794,3+,FLPS
Q5VYS8,ncRNA,1495.0,11,154,0.10301003344481606,3+,FLPS
Q5VZF2,mRNA,373.0,4,144,0.38605898123324395,3+,FLPS
Q5VZU3,pre-rRNA,215.0,1,5,0.023255813953488372,1,FLPS
Q5W0B1,unknown,726.0,6,175,0.24104683195592286,3+,FLPS
Q5XG87,diverse,792.0,12,332,0.41919191919191917,3+,FLPS
Q659C4,mRNA,914.0,9,190,0.20787746170678337,3+,FLPS
Q66PJ3,mRNA,237.0,4,86,0.3628691983122363,3+,FLPS
Q68D06,tRNA,897.0,3,85,0.0947603121516165,3+,FLPS
Q69YN2,mRNA,538.0,3,34,0.06319702602230483,3+,FLPS
Q69YN4,mRNA,1812.0,15,340,0.18763796909492272,3+,FLPS
Q6AZW8,unknown,331.0,2,18,0.054380664652567974,2,FLPS
Q6BEB4,unknown,398.0,6,180,0.45226130653266333,3+,FLPS
Q6GMV3,tRNA,140.0,1,27,0.19285714285714287,1,FLPS
Q6I9Y2,mRNA,204.0,2,52,0.2549019607843137,2,FLPS
Q6IEG0,snRNA,339.0,6,122,0.35988200589970504,3+,FLPS
Q6IN84,pre-rRNA,353.0,1,28,0.07932011331444759,1,FLPS
Q6IPR3,tRNA,259.0,1,5,0.019305019305019305,1,FLPS
Q6L8Q7,mRNA,609.0,2,17,0.027914614121510674,2,FLPS
Q6NTF7,ncRNA,200.0,2,21,0.105,2,FLPS
Q6NXG1,mRNA,681.0,4,83,0.12187958883994127,3+,FLPS
Q6NZI2,pre-rRNA,390.0,4,127,0.32564102564102565,3+,FLPS
Q6P087,mRNA,351.0,2,58,0.16524216524216523,2,FLPS
Q6P158,mRNA,1386.0,7,93,0.0670995670995671,3+,FLPS
Q6P161,ribosomal protein,138.0,1,23,0.16666666666666666,1,FLPS
Q6P1Q9,tRNA,378.0,1,5,0.013227513227513227,1,FLPS
Q6P2E9,mRNA,1401.0,9,155,0.11063526052819414,3+,FLPS
Q6P2Q9,snRNA,2335.0,12,188,0.08051391862955032,3+,FLPS
Q6P6C2,mRNA,394.0,4,81,0.20558375634517767,3+,FLPS
Q6P9B9,snRNA,1019.0,11,157,0.15407262021589793,3+,FLPS
Q6PF06,tRNA,316.0,1,29,0.09177215189873418,1,FLPS
Q6PI26,snoRNA,577.0,3,105,0.18197573656845753,3+,FLPS
Q6PIY7,mRNA,484.0,1,32,0.06611570247933884,1,FLPS
Q6PJT7,mRNA,736.0,6,183,0.24864130434782608,3+,FLPS
Q6PKG0,mRNA,1096.0,16,361,0.3293795620437956,3+,FLPS
Q6R2W3,unknown,1325.0,5,139,0.10490566037735849,3+,FLPS
Q6UX04,mRNA,472.0,8,107,0.2266949152542373,3+,FLPS
Q6XE24,mRNA,437.0,6,118,0.2700228832951945,3+,FLPS
Q6ZMS7,unknown,546.0,3,121,0.2216117216117216,3+,FLPS
Q6ZN04,mRNA,569.0,11,200,0.351493848857645,3+,FLPS
Q6ZN17,mRNA,250.0,4,80,0.32,3+,FLPS
Q6ZN19,unknown,808.0,2,16,0.019801980198019802,2,FLPS
Q6ZNH5,unknown,498.0,3,51,0.10240963855421686,3+,FLPS
Q6ZP01,mRNA,1051.0,3,69,0.06565176022835395,3+,FLPS
Q6ZRS2,unknown,3230.0,44,1706,0.5281733746130031,3+,FLPS
Q6ZRY4,mRNA,209.0,2,38,0.18181818181818182,2,FLPS
Q71RC2,mRNA,724.0,5,110,0.15193370165745856,3+,FLPS
Q75QN2,snRNA,995.0,3,72,0.07236180904522613,3+,FLPS
Q76FK4,pre-rRNA,1167.0,14,263,0.22536418166238217,3+,FLPS
Q76MJ5,mRNA,926.0,5,95,0.10259179265658748,3+,FLPS
Q7KZ85,mRNA,1726.0,13,379,0.21958285052143686,3+,FLPS
Q7KZF4,mRNA,910.0,5,106,0.11648351648351649,3+,FLPS
Q7L0Y3,ncRNA,403.0,2,37,0.09181141439205956,2,FLPS
Q7L2E3,mRNA,1194.0,11,183,0.15326633165829145,3+,FLPS
Q7L2H7,mRNA,374.0,2,17,0.045454545454545456,2,FLPS
Q7L2J0,ncRNA,689.0,11,222,0.32220609579100146,3+,FLPS
Q7L3T8,tRNA,475.0,2,22,0.04631578947368421,2,FLPS
Q7L775,unknown,607.0,2,19,0.03130148270181219,2,FLPS
Q7L8L6,mRNA,764.0,1,29,0.03795811518324607,1,FLPS
Q7RTV0,mRNA,110.0,1,75,0.6818181818181818,1,FLPS
Q7Z2E3,diverse,356.0,2,17,0.047752808988764044,2,FLPS
Q7Z2T5,tRNA,733.0,5,97,0.13233287858117326,3+,FLPS
Q7Z2W4,mRNA,902.0,7,160,0.17738359201773837,3+,FLPS
Q7Z2W9,ribosomal protein,205.0,2,71,0.3463414634146341,2,FLPS
Q7Z2Z2,tRNA,1120.0,4,104,0.09285714285714286,3+,FLPS
Q7Z333,mRNA,2677.0,15,346,0.1292491595069107,3+,FLPS
Q7Z3E1,unknown,657.0,3,30,0.045662100456621,3+,FLPS
Q7Z3Z4,ncRNA,852.0,3,52,0.06103286384976526,3+,FLPS
Q7Z417,mRNA,695.0,4,159,0.22877697841726619,3+,FLPS
Q7Z478,mRNA,1369.0,9,172,0.1256391526661797,3+,FLPS
Q7Z4G4,tRNA,463.0,1,26,0.056155507559395246,1,FLPS
Q7Z570,unknown,1209.0,7,173,0.14309346567411083,3+,FLPS
Q7Z5Q1,mRNA,589.0,4,125,0.21222410865874364,3+,FLPS
Q7Z5W3,ncRNA,292.0,2,59,0.20205479452054795,2,FLPS
Q7Z6E9,mRNA,1792.0,23,734,0.4095982142857143,3+,FLPS
Q7Z6J9,tRNA,526.0,4,86,0.1634980988593156,3+,FLPS
Q7Z6M4,pre-rRNA,381.0,1,71,0.18635170603674542,1,FLPS
Q7Z6V5,tRNA,191.0,1,22,0.11518324607329843,1,FLPS
Q7Z739,mRNA,585.0,9,222,0.37948717948717947,3+,FLPS
Q7Z7A3,tRNA,348.0,6,159,0.45689655172413796,3+,FLPS
Q7Z7F7,ribosomal protein,128.0,2,59,0.4609375,2,FLPS
Q7Z7H8,ribosomal protein,261.0,2,33,0.12643678160919541,2,FLPS
Q7Z7L1,tRNA,901.0,2,65,0.07214206437291898,2,FLPS
Q86SE5,mRNA,291.0,4,145,0.49828178694158076,3+,FLPS
Q86SE8,pre-rRNA,214.0,3,77,0.3598130841121495,3+,FLPS
Q86SG3,mRNA,579.0,6,112,0.19343696027633853,3+,FLPS
Q86TB9,mRNA,770.0,6,250,0.3246753246753247,3+,FLPS
Q86TG7,unknown,708.0,9,172,0.24293785310734464,3+,FLPS
Q86TM3,mRNA,631.0,2,41,0.06497622820919176,2,FLPS
Q86TS9,ribosomal protein,123.0,1,17,0.13821138211382114,1,FLPS
Q86U06,mRNA,439.0,2,106,0.24145785876993167,2,FLPS
Q86U38,pre-rRNA,636.0,6,146,0.22955974842767296,3+,FLPS
Q86U42,mRNA,306.0,4,213,0.696078431372549,3+,FLPS
Q86U44,mRNA,580.0,3,59,0.10172413793103448,3+,FLPS
Q86U90,tRNA,279.0,2,60,0.21505376344086022,2,FLPS
Q86UA1,snRNA,669.0,5,87,0.13004484304932734,3+,FLPS
Q86US8,mRNA,1419.0,10,244,0.1719520789288231,3+,FLPS
Q86VM9,mRNA,953.0,13,670,0.7030430220356768,3+,FLPS
Q86W42,mRNA,341.0,1,8,0.02346041055718475,1,FLPS
Q86W50,snRNA,562.0,3,49,0.08718861209964412,3+,FLPS
Q86WX3,unknown,136.0,2,45,0.33088235294117646,2,FLPS
Q86XI8,unknown,627.0,7,194,0.3094098883572568,3+,FLPS
Q86XN8,mRNA,651.0,8,383,0.5883256528417818,3+,FLPS
Q86XP3,mRNA,938.0,10,233,0.2484008528784648,3+,FLPS
Q86XU0,unknown,584.0,2,24,0.0410958904109589,2,FLPS
Q86XZ4,mRNA,545.0,5,100,0.1834862385321101,3+,FLPS
Q86Y13,mRNA,1208.0,9,156,0.1291390728476821,3+,FLPS
Q86Y79,tRNA,214.0,1,6,0.028037383177570093,1,FLPS
Q86YF9,mRNA,867.0,8,169,0.19492502883506344,3+,FLPS
Q86YN6,unknown,1023.0,16,312,0.30498533724340177,3+,FLPS
Q8IU60,mRNA,420.0,1,13,0.030952380952380953,1,FLPS
Q8IUH3,mRNA,476.0,1,19,0.03991596638655462,1,FLPS
Q8IUX4,mRNA,373.0,1,16,0.04289544235924933,1,FLPS
Q8IV48,pre-rRNA,349.0,3,44,0.12607449856733524,3+,FLPS
Q8IWR0,unknown,971.0,3,107,0.1101956745623069,3+,FLPS
Q8IWX8,mRNA,916.0,10,548,0.5982532751091703,3+,FLPS
Q8IWZ3,unknown,2542.0,19,556,0.2187254130605822,3+,FLPS
Q8IWZ8,mRNA,645.0,8,189,0.2930232558139535,3+,FLPS
Q8IX01,mRNA,1082.0,7,187,0.17282809611829944,3+,FLPS
Q8IX12,mRNA,1150.0,8,447,0.38869565217391305,3+,FLPS
Q8IX18,mRNA,779.0,3,46,0.059050064184852376,3+,FLPS
Q8IXM3,ribosomal protein,137.0,1,41,0.29927007299270075,1,FLPS
Q8IXM6,unknown,262.0,2,50,0.19083969465648856,2,FLPS
Q8IXT5,mRNA,1001.0,9,464,0.46353646353646355,3+,FLPS
Q8IXZ2,mRNA,948.0,12,308,0.32489451476793246,3+,FLPS
Q8IY21,ncRNA,1712.0,6,138,0.08060747663551401,3+,FLPS
Q8IY31,unknown,132.0,1,6,0.045454545454545456,1,FLPS
Q8IY37,snoRNA,1157.0,8,203,0.17545375972342264,3+,FLPS
Q8IY81,pre-rRNA,847.0,11,154,0.18181818181818182,3+,FLPS
Q8IYB3,mRNA,904.0,15,743,0.8219026548672567,3+,FLPS
Q8IYB8,mRNA,786.0,2,27,0.03435114503816794,2,FLPS
Q8IYL2,tRNA,757.0,4,92,0.1215323645970938,3+,FLPS
Q8IYT2,mRNA,770.0,2,44,0.05714285714285714,2,FLPS
Q8IYX4,mRNA,353.0,2,43,0.12181303116147309,2,FLPS
Q8IYY4,mRNA,767.0,6,256,0.33376792698826596,3+,FLPS
Q8IZ69,tRNA,625.0,3,54,0.0864,3+,FLPS
Q8IZ73,tRNA,545.0,5,86,0.1577981651376147,3+,FLPS
Q8IZD0,unknown,417.0,7,188,0.45083932853717024,3+,FLPS
Q8IZD4,mRNA,617.0,4,107,0.17341977309562398,3+,FLPS
Q8IZH2,diverse,1706.0,10,199,0.11664712778429073,3+,FLPS
Q8IZP6,snRNA,322.0,1,69,0.21428571428571427,1,FLPS
Q8N0Z8,tRNA,303.0,2,37,0.12211221122112212,2,FLPS
Q8N163,mRNA,923.0,5,152,0.1646803900325027,3+,FLPS
Q8N1G1,pre-rRNA,1221.0,15,328,0.26863226863226863,3+,FLPS
Q8N1G2,mRNA,835.0,4,68,0.081437125748503,3+,FLPS
Q8N1G4,unknown,583.0,6,130,0.22298456260720412,3+,FLPS
Q8N1W1,mRNA,1705.0,12,351,0.2058651026392962,3+,FLPS
Q8N201,snRNA,2190.0,13,189,0.0863013698630137,3+,FLPS
Q8N2A8,ncRNA,252.0,2,17,0.06746031746031746,2,FLPS
Q8N2G6,unknown,241.0,1,33,0.13692946058091288,1,FLPS
Q8N2M8,mRNA,674.0,10,408,0.6053412462908012,3+,FLPS
Q8N3J2,snRNA,472.0,3,38,0.08050847457627118,3+,FLPS
Q8N3Z6,diverse,543.0,9,217,0.3996316758747698,3+,FLPS
Q8N442,mRNA,669.0,2,61,0.09118086696562033,2,FLPS
Q8N567,unknown,271.0,2,18,0.06642066420664207,2,FLPS
Q8N5A5,unknown,531.0,5,154,0.2900188323917137,3+,FLPS
Q8N5C6,unknown,995.0,6,88,0.08844221105527639,3+,FLPS
Q8N5C7,tRNA,304.0,1,15,0.049342105263157895,1,FLPS
Q8N5L8,ncRNA,163.0,3,49,0.3006134969325153,3+,FLPS
Q8N5P1,unknown,291.0,2,61,0.20962199312714777,2,FLPS
Q8N5X7,mRNA,224.0,3,82,0.36607142857142855,3+,FLPS
Q8N5Y2,ncRNA,521.0,6,180,0.345489443378119,3+,FLPS
Q8N684,mRNA,471.0,4,237,0.5031847133757962,3+,FLPS
Q8N6W0,mRNA,485.0,4,35,0.07216494845360824,3+,FLPS
Q8N7X1,mRNA,1067.0,13,635,0.5951265229615745,3+,FLPS
Q8N8A6,pre-rRNA,666.0,4,111,0.16666666666666666,3+,FLPS
Q8N8D1,snRNA,485.0,4,262,0.5402061855670103,3+,FLPS
Q8N8L2,unknown,437.0,2,121,0.2768878718535469,2,FLPS
Q8N8Q3,tRNA,282.0,2,23,0.08156028368794327,2,FLPS
Q8N8U3,unknown,475.0,3,136,0.2863157894736842,3+,FLPS
Q8N983,ribosomal protein,215.0,1,30,0.13953488372093023,1,FLPS
Q8N9N2,unknown,400.0,3,49,0.1225,3+,FLPS
Q8N9N8,mRNA,165.0,1,10,0.06060606060606061,1,FLPS
Q8N9W6,mRNA,283.0,4,78,0.2756183745583039,3+,FLPS
Q8NAF0,unknown,562.0,10,237,0.42170818505338076,3+,FLPS
Q8NAT2,ncRNA,981.0,5,65,0.06625891946992865,3+,FLPS
Q8NAV1,snRNA,312.0,2,132,0.4230769230769231,2,FLPS
Q8NB42,unknown,609.0,1,5,0.008210180623973728,1,FLPS
Q8NBJ9,ncRNA,832.0,6,80,0.09615384615384616,3+,FLPS
Q8NC26,unknown,417.0,1,29,0.06954436450839328,1,FLPS
Q8NC51,mRNA,408.0,7,190,0.46568627450980393,3+,FLPS
Q8NC60,pre-rRNA,698.0,7,158,0.22636103151862463,3+,FLPS
Q8NCE0,tRNA,465.0,4,84,0.18064516129032257,3+,FLPS
Q8NCV1,mRNA,583.0,5,147,0.2521440823327616,3+,FLPS
Q8ND04,mRNA,991.0,7,199,0.20080726538849647,3+,FLPS
Q8NDF8,diverse,572.0,5,88,0.15384615384615385,3+,FLPS
Q8NDG6,ncRNA,1382.0,3,67,0.04848046309696093,3+,FLPS
Q8NDV7,mRNA,1962.0,31,890,0.4536187563710499,3+,FLPS
Q8NE18,pre-rRNA,718.0,3,87,0.12116991643454039,3+,FLPS
Q8NE35,mRNA,698.0,7,278,0.3982808022922636,3+,FLPS
Q8NE71,mRNA,845.0,14,236,0.27928994082840236,3+,FLPS
Q8NEF9,pre-rRNA,429.0,5,90,0.2097902097902098,3+,FLPS
Q8NEJ9,mRNA,315.0,4,42,0.13333333333333333,3+,FLPS
Q8NHQ9,pre-rRNA,600.0,5,79,0.13166666666666665,3+,FLPS
Q8NHU6,mRNA,1098.0,2,41,0.037340619307832425,2,FLPS
Q8NI27,mRNA,1593.0,11,321,0.2015065913370998,3+,FLPS
Q8NI36,pre-rRNA,895.0,5,115,0.12849162011173185,3+,FLPS
Q8TA86,snRNA,221.0,4,76,0.3438914027149321,3+,FLPS
Q8TAA1,unknown,199.0,1,10,0.05025125628140704,1,FLPS
Q8TAD8,ncRNA,396.0,6,176,0.4444444444444444,3+,FLPS
Q8TAQ5,unknown,688.0,1,5,0.007267441860465116,1,FLPS
Q8TAS1,mRNA,419.0,3,37,0.0883054892601432,3+,FLPS
Q8TB72,mRNA,1066.0,9,379,0.35553470919324576,3+,FLPS
Q8TBF4,snRNA,217.0,2,27,0.12442396313364056,2,FLPS
Q8TBY0,mRNA,533.0,5,125,0.23452157598499063,3+,FLPS
Q8TBZ5,unknown,544.0,4,48,0.08823529411764706,3+,FLPS
Q8TBZ6,tRNA,339.0,3,113,0.3333333333333333,3+,FLPS
Q8TBZ8,unknown,553.0,2,21,0.0379746835443038,2,FLPS
Q8TC59,ncRNA,973.0,3,42,0.04316546762589928,3+,FLPS
Q8TC92,mRNA,643.0,5,96,0.14930015552099535,3+,FLPS
Q8TCB7,tRNA,284.0,1,5,0.017605633802816902,1,FLPS
Q8TCP9,unknown,573.0,2,21,0.03664921465968586,2,FLPS
Q8TCS8,diverse,783.0,4,72,0.09195402298850575,3+,FLPS
Q8TD26,mRNA,2715.0,17,304,0.11197053406998159,3+,FLPS
Q8TDD1,pre-rRNA,881.0,10,241,0.2735527809307605,3+,FLPS
Q8TDE3,diverse,154.0,2,23,0.14935064935064934,2,FLPS
Q8TDG4,unknown,1101.0,6,89,0.08083560399636694,3+,FLPS
Q8TDI0,unknown,1954.0,23,514,0.263050153531218,3+,FLPS
Q8TDN6,pre-rRNA,353.0,2,39,0.11048158640226628,2,FLPS
Q8TE96,mRNA,717.0,6,81,0.11297071129707113,3+,FLPS
Q8TEA1,unknown,469.0,1,9,0.019189765458422176,1,FLPS
Q8TEQ6,snRNA,1508.0,10,178,0.11803713527851459,3+,FLPS
Q8TEX9,mRNA,1081.0,14,203,0.1877890841813136,3+,FLPS
Q8TF42,unknown,649.0,3,42,0.06471494607087827,3+,FLPS
Q8TF46,diverse,1054.0,5,65,0.061669829222011384,3+,FLPS
Q8WTR7,snRNA,871.0,5,118,0.1354764638346728,3+,FLPS
Q8WTS6,ncRNA,366.0,1,5,0.01366120218579235,1,FLPS
Q8WU68,mRNA,220.0,3,79,0.35909090909090907,3+,FLPS
Q8WU90,unknown,426.0,7,211,0.4953051643192488,3+,FLPS
Q8WUA2,mRNA,492.0,8,163,0.3313008130081301,3+,FLPS
Q8WUQ7,mRNA,758.0,9,330,0.43535620052770446,3+,FLPS
Q8WV60,mRNA,388.0,2,44,0.1134020618556701,2,FLPS
Q8WVK2,snRNA,155.0,3,112,0.7225806451612903,3+,FLPS
Q8WVM0,pre-rRNA,346.0,1,5,0.014450867052023121,1,FLPS
Q8WVV9,mRNA,542.0,6,87,0.16051660516605165,3+,FLPS
Q8WW01,tRNA,171.0,1,18,0.10526315789473684,1,FLPS
Q8WW27,mRNA,367.0,3,84,0.22888283378746593,3+,FLPS
Q8WW36,mRNA,166.0,1,135,0.8132530120481928,1,FLPS
Q8WWH5,tRNA,349.0,1,38,0.10888252148997135,1,FLPS
Q8WWM7,mRNA,1075.0,9,466,0.43348837209302327,3+,FLPS
Q8WWY3,snRNA,499.0,4,76,0.1523046092184369,3+,FLPS
Q8WXA9,mRNA,508.0,1,266,0.5236220472440944,1,FLPS
Q8WXF0,mRNA,261.0,2,141,0.5402298850574713,2,FLPS
Q8WXF1,ncRNA,523.0,6,284,0.5430210325047801,3+,FLPS
Q8WYQ5,ncRNA,773.0,5,96,0.12419146183699871,3+,FLPS
Q8WYQ9,unknown,949.0,13,238,0.2507903055848261,3+,FLPS
Q92499,mRNA,740.0,2,21,0.02837837837837838,2,FLPS
Q92540,mRNA,1137.0,10,388,0.3412489006156552,3+,FLPS
Q92615,mRNA,738.0,3,109,0.14769647696476965,3+,FLPS
Q92620,mRNA,1227.0,10,258,0.21026894865525672,3+,FLPS
Q92664,pre-rRNA,365.0,2,19,0.052054794520547946,2,FLPS
Q92665,ribosomal protein,395.0,1,7,0.017721518987341773,1,FLPS
Q92667,mRNA,903.0,6,194,0.21483942414174972,3+,FLPS
Q92797,mRNA,1274.0,4,81,0.06357927786499215,3+,FLPS
Q92879,mRNA,486.0,4,72,0.14814814814814814,3+,FLPS
Q92900,mRNA,1129.0,8,149,0.13197519929140833,3+,FLPS
Q92901,ribosomal protein,407.0,3,83,0.20393120393120392,3+,FLPS
Q92904,mRNA,295.0,4,87,0.29491525423728815,3+,FLPS
Q92945,mRNA,711.0,9,345,0.48523206751054854,3+,FLPS
Q92973,mRNA,898.0,3,57,0.06347438752783964,3+,FLPS
Q92989,mRNA,425.0,4,39,0.09176470588235294,3+,FLPS
Q93062,mRNA,196.0,1,69,0.3520408163265306,1,FLPS
Q93091,diverse,150.0,1,8,0.05333333333333334,1,FLPS
Q969E8,pre-rRNA,191.0,2,44,0.23036649214659685,2,FLPS
Q969H6,ncRNA,163.0,1,15,0.09202453987730061,1,FLPS
Q969Q0,ribosomal protein,106.0,3,32,0.3018867924528302,3+,FLPS
Q969S3,unknown,477.0,2,78,0.16352201257861634,2,FLPS
Q969S9,mRNA,779.0,3,38,0.04878048780487805,3+,FLPS
Q969W8,unknown,418.0,3,22,0.05263157894736842,3+,FLPS
Q969Y2,tRNA,492.0,7,88,0.17886178861788618,3+,FLPS
Q96AE4,mRNA,644.0,6,263,0.4083850931677019,3+,FLPS
Q96AK3,unknown,386.0,1,23,0.05958549222797927,1,FLPS
Q96AZ6,ncRNA,181.0,1,10,0.055248618784530384,1,FLPS
Q96B70,unknown,501.0,5,130,0.25948103792415167,3+,FLPS
Q96BK5,ncRNA,328.0,3,74,0.22560975609756098,3+,FLPS
Q96BP3,mRNA,646.0,4,57,0.08823529411764706,3+,FLPS
Q96BT7,tRNA,664.0,1,17,0.025602409638554216,1,FLPS
Q96C86,mRNA,337.0,1,18,0.05341246290801187,1,FLPS
Q96CB8,snRNA,462.0,7,223,0.48268398268398266,3+,FLPS
Q96CB9,pre-rRNA,384.0,1,12,0.03125,1,FLPS
Q96CM3,mRNA,377.0,3,22,0.058355437665782495,3+,FLPS
Q96DE0,snoRNA,195.0,1,12,0.06153846153846154,1,FLPS
Q96DF8,mRNA,476.0,4,61,0.12815126050420167,3+,FLPS
Q96DH6,mRNA,328.0,3,52,0.15853658536585366,3+,FLPS
Q96DI7,snRNA,357.0,1,12,0.03361344537815126,1,FLPS
Q96DP5,tRNA,389.0,2,54,0.13881748071979436,2,FLPS
Q96DU9,mRNA,382.0,3,20,0.05235602094240838,3+,FLPS
Q96DV4,ribosomal protein,380.0,4,88,0.23157894736842105,3+,FLPS
Q96E39,mRNA,390.0,6,258,0.6615384615384615,3+,FLPS
Q96EF6,unknown,278.0,1,6,0.02158273381294964,1,FLPS
Q96EG3,unknown,531.0,5,199,0.3747645951035782,3+,FLPS
Q96EH5,ribosomal protein,51.0,1,6,0.11764705882352941,1,FLPS
Q96EH8,unknown,262.0,1,39,0.14885496183206107,1,FLPS
Q96EK7,unknown,910.0,3,99,0.1087912087912088,3+,FLPS
Q96EP5,mRNA,407.0,3,177,0.4348894348894349,3+,FLPS
Q96EU6,pre-rRNA,259.0,4,90,0.3474903474903475,3+,FLPS
Q96EV2,mRNA,1170.0,13,868,0.7418803418803419,3+,FLPS
Q96EY7,mRNA,689.0,2,21,0.030478955007256895,2,FLPS
Q96EY9,tRNA,367.0,4,110,0.2997275204359673,3+,FLPS
Q96F86,mRNA,508.0,4,62,0.1220472440944882,3+,FLPS
Q96FB5,unknown,475.0,5,84,0.17684210526315788,3+,FLPS
Q96FC9,unknown,970.0,5,182,0.18762886597938144,3+,FLPS
Q96FV9,mRNA,657.0,3,87,0.1324200913242009,3+,FLPS
Q96G46,tRNA,650.0,2,25,0.038461538461538464,2,FLPS
Q96GM8,unknown,510.0,2,21,0.041176470588235294,2,FLPS
Q96GW9,tRNA,593.0,1,6,0.01011804384485666,1,FLPS
Q96H79,unknown,300.0,5,125,0.4166666666666667,3+,FLPS
Q96H86,unknown,408.0,4,95,0.23284313725490197,3+,FLPS
Q96HR8,snoRNA,494.0,7,211,0.4271255060728745,3+,FLPS
Q96HW7,snRNA,963.0,1,28,0.029075804776739357,1,FLPS
Q96I24,mRNA,572.0,4,84,0.14685314685314685,3+,FLPS
Q96I25,mRNA,401.0,3,87,0.2169576059850374,3+,FLPS
Q96IC2,pre-rRNA,774.0,5,56,0.07235142118863049,3+,FLPS
Q96IP4,unknown,442.0,3,53,0.11990950226244344,3+,FLPS
Q96IZ5,mRNA,413.0,1,12,0.029055690072639227,1,FLPS
Q96IZ6,tRNA,378.0,1,5,0.013227513227513227,1,FLPS
Q96IZ7,mRNA,334.0,4,216,0.6467065868263473,3+,FLPS
Q96J01,mRNA,351.0,1,22,0.06267806267806268,1,FLPS
Q96J87,mRNA,481.0,3,128,0.2661122661122661,3+,FLPS
Q96J94,ncRNA,861.0,5,70,0.08130081300813008,3+,FLPS
Q96JM7,unknown,780.0,7,124,0.15897435897435896,3+,FLPS
Q96JY0,ncRNA,434.0,3,78,0.17972350230414746,3+,FLPS
Q96K58,unknown,619.0,5,115,0.18578352180936994,3+,FLPS
Q96K80,unknown,434.0,7,182,0.41935483870967744,3+,FLPS
Q96KR1,unknown,1074.0,19,371,0.34543761638733705,3+,FLPS
Q96L12,unknown,384.0,1,6,0.015625,1,FLPS
Q96L91,unknown,3159.0,34,1101,0.34852801519468185,3+,FLPS
Q96LB4,unknown,118.0,1,22,0.1864406779661017,1,FLPS
Q96LT9,snRNA,517.0,5,128,0.24758220502901354,3+,FLPS
Q96M93,mRNA,576.0,4,63,0.109375,3+,FLPS
Q96MH2,ncRNA,286.0,3,45,0.15734265734265734,3+,FLPS
Q96MP5,unknown,696.0,3,39,0.05603448275862069,3+,FLPS
Q96MT3,unknown,831.0,10,248,0.29843561973525873,3+,FLPS
Q96MU7,mRNA,727.0,10,371,0.5103163686382394,3+,FLPS
Q96MX3,unknown,618.0,5,156,0.2524271844660194,3+,FLPS
Q96N16,mRNA,626.0,2,41,0.06549520766773163,2,FLPS
Q96N46,unknown,770.0,8,219,0.2844155844155844,3+,FLPS
Q96N77,unknown,438.0,4,39,0.08904109589041095,3+,FLPS
Q96NC0,snRNA,199.0,2,66,0.3316582914572864,2,FLPS
Q96P11,pre-rRNA,429.0,1,9,0.02097902097902098,1,FLPS
Q96P70,mRNA,1041.0,5,62,0.059558117195004805,3+,FLPS
Q96PK6,mRNA,669.0,4,289,0.4319880418535127,3+,FLPS
Q96PU8,mRNA,341.0,2,84,0.24633431085043989,2,FLPS
Q96PZ0,pre-rRNA,661.0,1,21,0.03177004538577912,1,FLPS
Q96Q15,mRNA,3661.0,16,218,0.059546571974870253,3+,FLPS
Q96Q83,mRNA,286.0,1,26,0.09090909090909091,1,FLPS
Q96QC0,unknown,940.0,9,455,0.48404255319148937,3+,FLPS
Q96QD9,mRNA,318.0,1,50,0.15723270440251572,1,FLPS
Q96QR8,mRNA,312.0,5,70,0.22435897435897437,3+,FLPS
Q96QU8,mRNA,1125.0,3,43,0.03822222222222222,3+,FLPS
Q96RP9,mRNA,751.0,1,6,0.007989347536617843,1,FLPS
Q96RS0,snRNA,853.0,6,110,0.12895662368112543,3+,FLPS
Q96S44,tRNA,253.0,2,74,0.2924901185770751,2,FLPS
Q96SI9,mRNA,672.0,5,117,0.17410714285714285,3+,FLPS
Q96SR6,unknown,550.0,2,10,0.01818181818181818,2,FLPS
Q96SZ4,unknown,780.0,10,285,0.36538461538461536,3+,FLPS
Q96SZ6,tRNA,601.0,2,15,0.024958402662229616,2,FLPS
Q96T21,mRNA,854.0,7,127,0.148711943793911,3+,FLPS
Q96T37,mRNA,977.0,12,429,0.4390992835209826,3+,FLPS
Q96T58,mRNA,3664.0,37,1233,0.3365174672489083,3+,FLPS
Q99459,mRNA,802.0,6,133,0.1658354114713217,3+,FLPS
Q99575,ncRNA,1024.0,5,98,0.095703125,3+,FLPS
Q99590,mRNA,1463.0,17,516,0.35269993164730007,3+,FLPS
Q99608,unknown,321.0,2,65,0.20249221183800623,2,FLPS
Q99613,mRNA,913.0,8,148,0.16210295728368018,3+,FLPS
Q99633,mRNA,342.0,3,93,0.2719298245614035,3+,FLPS
Q99717,ncRNA,465.0,3,77,0.16559139784946236,3+,FLPS
Q99728,ncRNA,777.0,6,130,0.16731016731016732,3+,FLPS
Q99729,mRNA,332.0,4,155,0.46686746987951805,3+,FLPS
Q99848,pre-rRNA,306.0,1,35,0.11437908496732026,1,FLPS
Q99973,ncRNA,2627.0,8,143,0.054434716406547394,3+,FLPS
Q9BPZ3,mRNA,127.0,2,43,0.33858267716535434,2,FLPS
Q9BQ04,mRNA,359.0,2,68,0.1894150417827298,2,FLPS
Q9BQ39,pre-rRNA,737.0,3,83,0.11261872455902307,3+,FLPS
Q9BQ52,tRNA,826.0,3,61,0.07384987893462469,3+,FLPS
Q9BQ67,pre-rRNA,446.0,3,24,0.053811659192825115,3+,FLPS
Q9BQ75,pre-rRNA,279.0,1,30,0.10752688172043011,1,FLPS
Q9BQC6,ribosomal protein,102.0,2,49,0.4803921568627451,2,FLPS
Q9BQG2,mRNA,462.0,1,28,0.06060606060606061,1,FLPS
Q9BQI3,mRNA,630.0,4,51,0.08095238095238096,3+,FLPS
Q9BRA0,snoRNA,125.0,1,12,0.096,1,FLPS
Q9BRD0,mRNA,619.0,8,283,0.45718901453957994,3+,FLPS
Q9BRP8,mRNA,204.0,3,44,0.21568627450980393,3+,FLPS
Q9BRR8,mRNA,931.0,9,178,0.19119226638023631,3+,FLPS
Q9BRS2,pre-rRNA,568.0,5,100,0.176056338028169,3+,FLPS
Q9BRS8,mRNA,491.0,6,83,0.1690427698574338,3+,FLPS
Q9BRX9,mRNA,315.0,1,11,0.03492063492063492,1,FLPS
Q9BRZ2,unknown,755.0,7,187,0.247682119205298,3+,FLPS
Q9BSC4,pre-rRNA,688.0,8,137,0.19912790697674418,3+,FLPS
Q9BSV6,tRNA,310.0,2,44,0.14193548387096774,2,FLPS
Q9BTD8,mRNA,480.0,11,280,0.5833333333333334,3+,FLPS
Q9BTF0,tRNA,503.0,1,6,0.011928429423459244,1,FLPS
Q9BTL3,mRNA,118.0,3,74,0.6271186440677966,3+,FLPS
Q9BUJ2,mRNA,856.0,8,339,0.39602803738317754,3+,FLPS
Q9BUL9,ncRNA,199.0,2,70,0.35175879396984927,2,FLPS
Q9BUQ8,snRNA,820.0,5,290,0.35365853658536583,3+,FLPS
Q9BUR4,ncRNA,548.0,4,140,0.25547445255474455,3+,FLPS
Q9BV44,tRNA,507.0,2,21,0.04142011834319527,2,FLPS
Q9BVP2,pre-rRNA,549.0,7,204,0.37158469945355194,3+,FLPS
Q9BVS4,pre-rRNA,552.0,4,94,0.17028985507246377,3+,FLPS
Q9BW92,tRNA,718.0,4,33,0.04596100278551532,3+,FLPS
Q9BWE0,unknown,567.0,6,126,0.2222222222222222,3+,FLPS
Q9BWF3,mRNA,364.0,3,64,0.17582417582417584,3+,FLPS
Q9BWT3,mRNA,736.0,5,83,0.11277173913043478,3+,FLPS
Q9BWU0,unknown,742.0,9,188,0.25336927223719674,3+,FLPS
Q9BX10,mRNA,602.0,2,48,0.07973421926910298,2,FLPS
Q9BX46,mRNA,236.0,3,98,0.4152542372881356,3+,FLPS
Q9BX63,unknown,1249.0,4,43,0.0344275420336269,3+,FLPS
Q9BXP5,ncRNA,876.0,12,426,0.4863013698630137,3+,FLPS
Q9BXR0,tRNA,403.0,2,30,0.07444168734491315,2,FLPS
Q9BXT6,ncRNA,1211.0,2,36,0.02972749793559042,2,FLPS
Q9BXT8,mRNA,1623.0,6,139,0.08564386937769562,3+,FLPS
Q9BXU2,mRNA,312.0,1,81,0.25961538461538464,1,FLPS
Q9BXV9,tRNA,100.0,1,14,0.14,1,FLPS
Q9BXY0,pre-rRNA,300.0,2,96,0.32,2,FLPS
Q9BY44,tRNA,585.0,2,30,0.05128205128205128,2,FLPS
Q9BY77,mRNA,421.0,3,37,0.08788598574821853,3+,FLPS
Q9BYC8,ribosomal protein,188.0,3,61,0.324468085106383,3+,FLPS
Q9BYC9,ribosomal protein,149.0,1,38,0.2550335570469799,1,FLPS
Q9BYD2,ribosomal protein,267.0,1,10,0.03745318352059925,1,FLPS
Q9BYG3,pre-rRNA,293.0,4,50,0.17064846416382254,3+,FLPS
Q9BYJ9,mRNA,559.0,7,211,0.3774597495527728,3+,FLPS
Q9BYN8,ribosomal protein,205.0,1,54,0.2634146341463415,1,FLPS
Q9BYX4,ncRNA,1025.0,4,89,0.08682926829268292,3+,FLPS
Q9BZB8,mRNA,566.0,4,103,0.18197879858657243,3+,FLPS
Q9BZC1,mRNA,486.0,5,193,0.39711934156378603,3+,FLPS
Q9BZE1,ribosomal protein,423.0,2,56,0.13238770685579196,2,FLPS
Q9BZE4,pre-rRNA,634.0,7,132,0.2082018927444795,3+,FLPS
Q9BZI7,mRNA,483.0,6,244,0.505175983436853,3+,FLPS
Q9BZJ0,mRNA,848.0,5,91,0.10731132075471699,3+,FLPS
Q9C0B0,unknown,810.0,8,218,0.2691358024691358,3+,FLPS
Q9C0B1,mRNA,505.0,3,32,0.06336633663366337,3+,FLPS
Q9C0B9,unknown,1178.0,12,353,0.299660441426146,3+,FLPS
Q9C0D7,unknown,883.0,7,231,0.26160815402038506,3+,FLPS
Q9GZL7,pre-rRNA,423.0,2,25,0.0591016548463357,2,FLPS
Q9GZR2,pre-rRNA,422.0,4,70,0.16587677725118483,3+,FLPS
Q9GZS3,mRNA,305.0,2,17,0.05573770491803279,2,FLPS
Q9GZT3,ncRNA,109.0,1,10,0.09174311926605505,1,FLPS
Q9GZY0,mRNA,626.0,2,45,0.07188498402555911,2,FLPS
Q9H000,mRNA,416.0,3,67,0.16105769230769232,3+,FLPS
Q9H089,pre-rRNA,658.0,3,63,0.09574468085106383,3+,FLPS
Q9H0A0,pre-rRNA,1025.0,5,86,0.08390243902439025,3+,FLPS
Q9H0A6,unknown,362.0,3,40,0.11049723756906077,3+,FLPS
Q9H0H0,snRNA,1196.0,4,45,0.03762541806020067,3+,FLPS
Q9H0J9,unknown,701.0,5,130,0.18544935805991442,3+,FLPS
Q9H0K6,pre-rRNA,701.0,2,43,0.06134094151212553,2,FLPS
Q9H0L4,mRNA,616.0,5,383,0.6217532467532467,3+,FLPS
Q9H0S4,pre-rRNA,455.0,2,23,0.05054945054945055,2,FLPS
Q9H0U6,ribosomal protein,180.0,1,27,0.15,1,FLPS
Q9H0W8,mRNA,520.0,5,122,0.23461538461538461,3+,FLPS
Q9H0Z9,mRNA,239.0,2,97,0.40585774058577406,2,FLPS
Q9H1E1,diverse,156.0,1,9,0.057692307692307696,1,FLPS
Q9H1J1,mRNA,476.0,7,224,0.47058823529411764,3+,FLPS
Q9H1K1,unknown,167.0,1,32,0.19161676646706588,1,FLPS
Q9H2K0,mRNA,278.0,2,30,0.1079136690647482,2,FLPS
Q9H2T7,mRNA,1088.0,4,44,0.04044117647058824,3+,FLPS
Q9H2U1,mRNA,1008.0,3,54,0.05357142857142857,3+,FLPS
Q9H307,mRNA,717.0,8,440,0.6136680613668062,3+,FLPS
Q9H361,mRNA,631.0,3,81,0.12836767036450078,3+,FLPS
Q9H3H1,tRNA,467.0,1,7,0.014989293361884369,1,FLPS
Q9H3H3,unknown,292.0,4,56,0.1917808219178082,3+,FLPS
Q9H3J6,mRNA,166.0,1,36,0.21686746987951808,1,FLPS
Q9H4L7,unknown,1026.0,9,149,0.145224171539961,3+,FLPS
Q9H4T2,unknown,348.0,2,14,0.040229885057471264,2,FLPS
Q9H4Z3,mRNA,704.0,3,71,0.10085227272727272,3+,FLPS
Q9H501,pre-rRNA,851.0,8,249,0.2925969447708578,3+,FLPS
Q9H583,snoRNA,2144.0,6,51,0.02378731343283582,3+,FLPS
Q9H5H4,unknown,540.0,3,157,0.29074074074074074,3+,FLPS
Q9H5U6,pre-rRNA,513.0,6,168,0.32748538011695905,3+,FLPS
Q9H5Z1,mRNA,703.0,1,5,0.007112375533428165,1,FLPS
Q9H633,ncRNA,154.0,1,53,0.34415584415584416,1,FLPS
Q9H694,mRNA,974.0,7,112,0.11498973305954825,3+,FLPS
Q9H6E5,snRNA,874.0,10,202,0.2311212814645309,3+,FLPS
Q9H6F5,unknown,360.0,7,262,0.7277777777777777,3+,FLPS
Q9H6R0,mRNA,707.0,3,53,0.07496463932107496,3+,FLPS
Q9H6S0,mRNA,1430.0,7,171,0.11958041958041958,3+,FLPS
Q9H6T0,mRNA,727.0,4,142,0.1953232462173315,3+,FLPS
Q9H7B2,pre-rRNA,306.0,3,86,0.28104575163398693,3+,FLPS
Q9H7N4,mRNA,1312.0,28,663,0.5053353658536586,3+,FLPS
Q9H7Z6,ncRNA,458.0,2,50,0.1091703056768559,2,FLPS
Q9H814,snRNA,394.0,4,58,0.14720812182741116,3+,FLPS
Q9H825,tRNA,291.0,1,20,0.06872852233676977,1,FLPS
Q9H840,snRNA,131.0,1,36,0.2748091603053435,1,FLPS
Q9H898,unknown,229.0,2,10,0.043668122270742356,2,FLPS
Q9H974,tRNA,415.0,2,34,0.0819277108433735,2,FLPS
Q9H9A5,mRNA,744.0,2,27,0.036290322580645164,2,FLPS
Q9H9G7,ncRNA,860.0,1,5,0.005813953488372093,1,FLPS
Q9H9J2,ribosomal protein,332.0,1,46,0.13855421686746988,1,FLPS
Q9H9L3,pre-rRNA,353.0,1,18,0.05099150141643059,1,FLPS
Q9H9Y2,pre-rRNA,349.0,4,63,0.18051575931232092,3+,FLPS
Q9H9Z2,mRNA,209.0,3,64,0.3062200956937799,3+,FLPS
Q9HA38,ncRNA,289.0,5,92,0.31833910034602075,3+,FLPS
Q9HA77,tRNA,564.0,3,77,0.13652482269503546,3+,FLPS
Q9HAU5,mRNA,1272.0,9,359,0.28223270440251574,3+,FLPS
Q9HAV4,ncRNA,1204.0,8,127,0.10548172757475083,3+,FLPS
Q9HAZ1,mRNA,481.0,4,132,0.27442827442827444,3+,FLPS
Q9HBD1,mRNA,1191.0,4,129,0.10831234256926953,3+,FLPS
Q9HBD4,unknown,1679.0,19,627,0.37343656938653963,3+,FLPS
Q9HC10,unknown,1997.0,16,277,0.1387080620931397,3+,FLPS
Q9HC16,mRNA,384.0,1,7,0.018229166666666668,1,FLPS
Q9HC36,pre-rRNA,420.0,2,16,0.0380952380952381,2,FLPS
Q9HC44,unknown,474.0,7,210,0.4430379746835443,3+,FLPS
Q9HCE1,mRNA,1003.0,2,30,0.02991026919242273,2,FLPS
Q9HCE5,mRNA,456.0,5,130,0.2850877192982456,3+,FLPS
Q9HCJ0,mRNA,1936.0,27,770,0.3977272727272727,3+,FLPS
Q9HCJ3,mRNA,691.0,4,44,0.06367583212735166,3+,FLPS
Q9HCK5,ncRNA,861.0,2,19,0.022067363530778164,2,FLPS
Q9HCK8,mRNA,2581.0,26,699,0.2708252615265401,3+,FLPS
Q9HCS7,mRNA,855.0,4,107,0.12514619883040937,3+,FLPS
Q9HD33,ribosomal protein,250.0,2,96,0.384,2,FLPS
Q9NP64,unknown,241.0,4,84,0.34854771784232363,3+,FLPS
Q9NP77,mRNA,194.0,2,22,0.1134020618556701,2,FLPS
Q9NP92,ribosomal protein,439.0,4,67,0.15261958997722094,3+,FLPS
Q9NPD3,diverse,245.0,1,6,0.024489795918367346,1,FLPS
Q9NPF4,tRNA,335.0,1,5,0.014925373134328358,1,FLPS
Q9NPJ4,mRNA,139.0,3,65,0.4676258992805755,3+,FLPS
Q9NQ29,mRNA,371.0,3,123,0.33153638814016173,3+,FLPS
Q9NQ50,ribosomal protein,206.0,2,49,0.23786407766990292,2,FLPS
Q9NQ94,mRNA,594.0,4,67,0.1127946127946128,3+,FLPS
Q9NQE9,tRNA,182.0,1,5,0.027472527472527472,1,FLPS
Q9NQI0,mRNA,724.0,4,103,0.14226519337016574,3+,FLPS
Q9NQM4,unknown,214.0,1,42,0.19626168224299065,1,FLPS
Q9NQT5,diverse,275.0,3,63,0.2290909090909091,3+,FLPS
Q9NQZ2,snoRNA,479.0,8,159,0.33194154488517746,3+,FLPS
Q9NQZ3,mRNA,744.0,8,134,0.18010752688172044,3+,FLPS
Q9NR30,pre-rRNA,783.0,4,223,0.2848020434227331,3+,FLPS
Q9NR48,ncRNA,2969.0,32,837,0.2819131020545638,3+,FLPS
Q9NR50,mRNA,452.0,2,10,0.022123893805309734,2,FLPS
Q9NR56,mRNA,388.0,7,168,0.4329896907216495,3+,FLPS
Q9NR90,mRNA,486.0,4,90,0.18518518518518517,3+,FLPS
Q9NR97,ncRNA,1041.0,5,172,0.16522574447646493,3+,FLPS
Q9NRA8,mRNA,985.0,11,283,0.28730964467005077,3+,FLPS
Q9NRJ5,mRNA,637.0,7,136,0.21350078492935637,3+,FLPS
Q9NRN9,unknown,209.0,1,6,0.028708133971291867,1,FLPS
Q9NRX2,ribosomal protein,175.0,1,31,0.17714285714285713,1,FLPS
Q9NS39,mRNA,739.0,6,55,0.07442489851150202,3+,FLPS
Q9NSD9,tRNA,589.0,2,57,0.0967741935483871,2,FLPS
Q9NTZ6,mRNA,932.0,6,329,0.3530042918454936,3+,FLPS
Q9NUK0,mRNA,354.0,4,145,0.4096045197740113,3+,FLPS
Q9NUL7,pre-rRNA,540.0,4,67,0.12407407407407407,3+,FLPS
Q9NUM4,unknown,274.0,3,23,0.08394160583941605,3+,FLPS
Q9NUP7,tRNA,481.0,2,33,0.06860706860706861,2,FLPS
Q9NV31,snoRNA,184.0,1,43,0.23369565217391305,1,FLPS
Q9NV66,tRNA,732.0,4,79,0.10792349726775956,3+,FLPS
Q9NV88,snRNA,658.0,2,14,0.02127659574468085,2,FLPS
Q9NVH2,snRNA,962.0,4,38,0.0395010395010395,3+,FLPS
Q9NVM6,unknown,304.0,6,121,0.3980263157894737,3+,FLPS
Q9NVN8,pre-rRNA,582.0,4,112,0.19243986254295534,3+,FLPS
Q9NVP1,pre-rRNA,670.0,7,108,0.16119402985074627,3+,FLPS
Q9NVR2,snRNA,710.0,2,18,0.02535211267605634,2,FLPS
Q9NVR5,unknown,837.0,6,225,0.26881720430107525,3+,FLPS
Q9NVS2,ribosomal protein,196.0,1,15,0.07653061224489796,1,FLPS
Q9NW07,unknown,568.0,7,336,0.5915492957746479,3+,FLPS
Q9NW13,snRNA,759.0,8,212,0.27931488801054016,3+,FLPS
Q9NW64,mRNA,420.0,2,95,0.2261904761904762,2,FLPS
Q9NWB1,mRNA,397.0,4,137,0.345088161209068,3+,FLPS
Q9NWH9,mRNA,1034.0,10,566,0.5473887814313346,3+,FLPS
Q9NWK9,snoRNA,470.0,3,163,0.3468085106382979,3+,FLPS
Q9NWX6,tRNA,298.0,1,6,0.020134228187919462,1,FLPS
Q9NWZ8,snRNA,242.0,3,79,0.32644628099173556,3+,FLPS
Q9NX05,unknown,1096.0,10,295,0.26916058394160586,3+,FLPS
Q9NX07,tRNA,287.0,1,43,0.14982578397212543,1,FLPS
Q9NXG2,tRNA,353.0,1,6,0.0169971671388102,1,FLPS
Q9NXH9,tRNA,659.0,4,117,0.17754172989377845,3+,FLPS
Q9NXL6,ncRNA,827.0,8,183,0.22128174123337363,3+,FLPS
Q9NXW9,unknown,302.0,4,39,0.1291390728476821,3+,FLPS
Q9NXZ2,mRNA,648.0,2,61,0.0941358024691358,2,FLPS
Q9NY12,snoRNA,217.0,3,122,0.5622119815668203,3+,FLPS
Q9NY93,pre-rRNA,547.0,4,88,0.16087751371115175,3+,FLPS
Q9NYF8,mRNA,920.0,10,409,0.44456521739130433,3+,FLPS
Q9NYH9,snoRNA,597.0,2,45,0.07537688442211055,2,FLPS
Q9NYK1,ncRNA,1049.0,7,109,0.10390848427073403,3+,FLPS
Q9NYK5,ribosomal protein,338.0,1,5,0.014792899408284023,1,FLPS
Q9NYY8,mRNA,710.0,2,16,0.022535211267605635,2,FLPS
Q9NZB2,mRNA,1118.0,10,236,0.2110912343470483,3+,FLPS
Q9NZE8,ribosomal protein,188.0,2,29,0.15425531914893617,2,FLPS
Q9NZI8,mRNA,577.0,3,85,0.14731369150779897,3+,FLPS
Q9NZJ5,mRNA,1116.0,8,171,0.1532258064516129,3+,FLPS
Q9P031,unknown,241.0,2,78,0.3236514522821577,2,FLPS
Q9P0J6,ribosomal protein,103.0,1,14,0.13592233009708737,1,FLPS
Q9P0L1,unknown,754.0,4,86,0.11405835543766578,3+,FLPS
Q9P1Y6,mRNA,1649.0,17,646,0.3917525773195876,3+,FLPS
Q9P2E3,unknown,1918.0,10,468,0.2440041710114703,3+,FLPS
Q9P2E9,mRNA,1410.0,12,610,0.4326241134751773,3+,FLPS
Q9P2I0,mRNA,782.0,2,56,0.07161125319693094,2,FLPS
Q9P2J5,tRNA,1176.0,4,51,0.04336734693877551,3+,FLPS
Q9P2K5,mRNA,600.0,3,195,0.325,3+,FLPS
Q9P2K8,tRNA,1649.0,10,186,0.11279563371740449,3+,FLPS
Q9P2N5,mRNA,1060.0,13,375,0.35377358490566035,3+,FLPS
Q9P2P1,unknown,1898.0,9,244,0.1285563751317176,3+,FLPS
Q9UBB9,mRNA,837.0,5,84,0.1003584229390681,3+,FLPS
Q9UBC3,diverse,853.0,9,203,0.23798358733880423,3+,FLPS
Q9UBK2,unknown,798.0,7,271,0.33959899749373434,3+,FLPS
Q9UBP6,tRNA,276.0,1,19,0.06884057971014493,1,FLPS
Q9UBS3,unknown,223.0,3,61,0.273542600896861,3+,FLPS
Q9UBU9,mRNA,619.0,5,104,0.1680129240710824,3+,FLPS
Q9UDW3,snRNA,170.0,2,63,0.37058823529411766,2,FLPS
Q9UEG4,unknown,869.0,4,77,0.08860759493670886,3+,FLPS
Q9UET6,tRNA,329.0,1,10,0.030395136778115502,1,FLPS
Q9UFF9,mRNA,292.0,1,5,0.017123287671232876,1,FLPS
Q9UGC7,mRNA,380.0,2,50,0.13157894736842105,2,FLPS
Q9UGR2,ncRNA,977.0,4,86,0.08802456499488229,3+,FLPS
Q9UGY1,pre-rRNA,213.0,3,101,0.47417840375586856,3+,FLPS
Q9UH17,unknown,382.0,1,16,0.041884816753926704,1,FLPS
Q9UHB9,ncRNA,627.0,3,52,0.08293460925039872,3+,FLPS
Q9UHC7,mRNA,482.0,10,188,0.3900414937759336,3+,FLPS
Q9UHI6,snRNA,824.0,7,146,0.17718446601941748,3+,FLPS
Q9UHK0,snoRNA,495.0,5,153,0.3090909090909091,3+,FLPS
Q9UHX1,mRNA,559.0,6,124,0.22182468694096602,3+,FLPS
Q9UI10,mRNA,523.0,4,87,0.16634799235181644,3+,FLPS
Q9UI30,tRNA,125.0,2,13,0.104,2,FLPS
Q9UI43,pre-rRNA,246.0,1,6,0.024390243902439025,1,FLPS
Q9UIF8,ncRNA,2168.0,29,869,0.400830258302583,3+,FLPS
Q9UIF9,ncRNA,1905.0,19,617,0.32388451443569555,3+,FLPS
Q9UJA5,tRNA,497.0,5,90,0.18108651911468812,3+,FLPS
Q9UJJ7,unknown,312.0,1,33,0.10576923076923077,1,FLPS
Q9UJK0,pre-rRNA,312.0,4,94,0.30128205128205127,3+,FLPS
Q9UJV8,mRNA,347.0,3,57,0.1642651296829971,3+,FLPS
Q9UJV9,mRNA,622.0,4,90,0.14469453376205788,3+,FLPS
Q9UK39,mRNA,431.0,2,51,0.11832946635730858,2,FLPS
Q9UK45,snRNA,103.0,1,6,0.05825242718446602,1,FLPS
Q9UK59,mRNA,544.0,3,52,0.09558823529411764,3+,FLPS
Q9UKA9,mRNA,531.0,3,31,0.0583804143126177,3+,FLPS
Q9UKD2,mRNA,239.0,1,21,0.08786610878661087,1,FLPS
Q9UKF6,mRNA,684.0,2,33,0.04824561403508772,2,FLPS
Q9UKJ3,unknown,1502.0,15,744,0.49533954727030627,3+,FLPS
Q9UKK3,ncRNA,1724.0,4,67,0.0388631090487239,3+,FLPS
Q9UKM9,mRNA,306.0,4,91,0.2973856209150327,3+,FLPS
Q9UKT8,unknown,454.0,1,42,0.09251101321585903,1,FLPS
Q9UKV3,mRNA,1341.0,18,662,0.4936614466815809,3+,FLPS
Q9UKV8,ncRNA,859.0,1,23,0.02677532013969732,1,FLPS
Q9UKZ1,mRNA,510.0,4,118,0.23137254901960785,3+,FLPS
Q9UL03,snRNA,887.0,3,65,0.07328072153325817,3+,FLPS
Q9UL18,ncRNA,857.0,1,5,0.005834305717619603,1,FLPS
Q9UL40,unknown,294.0,3,26,0.08843537414965986,3+,FLPS
Q9ULG1,unknown,1556.0,13,317,0.2037275064267352,3+,FLPS
Q9ULM6,mRNA,557.0,1,34,0.06104129263913824,1,FLPS
Q9ULR0,mRNA,285.0,2,61,0.21403508771929824,2,FLPS
Q9ULR5,mRNA,123.0,2,52,0.42276422764227645,2,FLPS
Q9ULW3,mRNA,272.0,4,74,0.27205882352941174,3+,FLPS
Q9ULX3,pre-rRNA,412.0,2,16,0.038834951456310676,2,FLPS
Q9ULX6,mRNA,646.0,13,251,0.38854489164086686,3+,FLPS
Q9UMY1,unknown,257.0,3,160,0.622568093385214,3+,FLPS
Q9UN86,mRNA,482.0,5,291,0.6037344398340249,3+,FLPS
Q9UNP9,mRNA,301.0,2,27,0.08970099667774087,2,FLPS
Q9UNQ2,pre-rRNA,313.0,4,62,0.19808306709265175,3+,FLPS
Q9UNW9,mRNA,492.0,2,113,0.22967479674796748,2,FLPS
Q9UNX3,ribosomal protein,145.0,1,27,0.18620689655172415,1,FLPS
Q9UNX4,snoRNA,943.0,3,44,0.04665959703075292,3+,FLPS
Q9UNY4,mRNA,1162.0,9,216,0.18588640275387264,3+,FLPS
Q9UPN6,mRNA,1271.0,15,564,0.4437450826121164,3+,FLPS
Q9UPQ9,mRNA,1833.0,22,671,0.36606655755591927,3+,FLPS
Q9UPR3,mRNA,1016.0,10,222,0.21850393700787402,3+,FLPS
Q9UPR6,unknown,939.0,9,296,0.3152289669861555,3+,FLPS
Q9UPS6,ncRNA,1966.0,29,979,0.4979654120040692,3+,FLPS
Q9UPT8,unknown,1303.0,25,767,0.5886415963161934,3+,FLPS
Q9UPU9,mRNA,718.0,6,80,0.11142061281337047,3+,FLPS
Q9UPY3,ncRNA,1922.0,11,155,0.08064516129032258,3+,FLPS
Q9UQ35,mRNA,2752.0,23,2270,0.8248546511627907,3+,FLPS
Q9UQ80,pre-rRNA,394.0,2,17,0.04314720812182741,2,FLPS
Q9UQ84,diverse,846.0,5,175,0.20685579196217493,3+,FLPS
Q9Y230,mRNA,463.0,1,17,0.0367170626349892,1,FLPS
Q9Y235,mRNA,224.0,1,6,0.026785714285714284,1,FLPS
Q9Y237,pre-rRNA,131.0,1,31,0.2366412213740458,1,FLPS
Q9Y291,ribosomal protein,106.0,1,24,0.22641509433962265,1,FLPS
Q9Y295,mRNA,367.0,4,41,0.11171662125340599,3+,FLPS
Q9Y2L1,diverse,958.0,6,95,0.09916492693110647,3+,FLPS
Q9Y2P0,unknown,537.0,3,95,0.17690875232774675,3+,FLPS
Q9Y2R4,pre-rRNA,599.0,2,61,0.1018363939899833,2,FLPS
Q9Y2T7,mRNA,364.0,7,207,0.5686813186813187,3+,FLPS
Q9Y2U8,snRNA,911.0,18,152,0.1668496158068057,3+,FLPS
Q9Y2V2,mRNA,147.0,2,13,0.08843537414965986,2,FLPS
Q9Y2W1,mRNA,955.0,15,532,0.5570680628272251,3+,FLPS
Q9Y2W6,ncRNA,561.0,3,57,0.10160427807486631,3+,FLPS
Q9Y2X3,snoRNA,529.0,4,114,0.21550094517958412,3+,FLPS
Q9Y2Z2,tRNA,717.0,1,6,0.008368200836820083,1,FLPS
Q9Y2Z4,tRNA,477.0,2,59,0.12368972746331237,2,FLPS
Q9Y388,mRNA,322.0,4,127,0.3944099378881988,3+,FLPS
Q9Y3A2,snoRNA,253.0,3,74,0.2924901185770751,3+,FLPS
Q9Y3A4,pre-rRNA,280.0,2,44,0.15714285714285714,2,FLPS
Q9Y3A5,pre-rRNA,250.0,1,12,0.048,1,FLPS
Q9Y3B4,mRNA,125.0,1,17,0.136,1,FLPS
Q9Y3B7,ribosomal protein,192.0,1,26,0.13541666666666666,1,FLPS
Q9Y3B9,pre-rRNA,282.0,4,126,0.44680851063829785,3+,FLPS
Q9Y3F4,mRNA,350.0,2,18,0.05142857142857143,2,FLPS
Q9Y3I0,tRNA,505.0,2,29,0.05742574257425743,2,FLPS
Q9Y3T9,pre-rRNA,749.0,3,70,0.09345794392523364,3+,FLPS
Q9Y3U8,ribosomal protein,105.0,2,33,0.3142857142857143,2,FLPS
Q9Y3Y2,mRNA,248.0,2,125,0.5040322580645161,2,FLPS
Q9Y473,unknown,711.0,4,87,0.12236286919831224,3+,FLPS
Q9Y4B4,unknown,1467.0,13,229,0.15610088616223586,3+,FLPS
Q9Y4C8,pre-rRNA,960.0,10,155,0.16145833333333334,3+,FLPS
Q9Y4F3,ncRNA,1742.0,14,247,0.1417910447761194,3+,FLPS
Q9Y4Z0,snRNA,139.0,1,41,0.2949640287769784,1,FLPS
Q9Y534,mRNA,153.0,2,29,0.1895424836601307,2,FLPS
Q9Y580,mRNA,266.0,5,153,0.575187969924812,3+,FLPS
Q9Y5A9,mRNA,579.0,6,175,0.3022452504317789,3+,FLPS
Q9Y5J1,snoRNA,556.0,7,116,0.20863309352517986,3+,FLPS
Q9Y606,tRNA,427.0,1,23,0.053864168618266976,1,FLPS
Q9Y676,ribosomal protein,258.0,3,67,0.2596899224806202,3+,FLPS
Q9Y697,unknown,457.0,2,28,0.061269146608315096,2,FLPS
Q9Y6K5,ncRNA,1087.0,3,96,0.08831646734130635,3+,FLPS
Q9Y6M1,mRNA,599.0,2,71,0.11853088480801335,2,FLPS
R4GMQ7,diverse,143.0,1,5,0.03496503496503497,1,FLPS
R4GMX9,snRNA,53.0,1,6,0.11320754716981132,1,FLPS
R4GNH1,unknown,168.0,1,24,0.14285714285714285,1,FLPS
S4R469,mRNA,234.0,2,25,0.10683760683760683,2,FLPS
X6R7H2,mRNA,631.0,7,262,0.4152139461172742,3+,FLPS
X6RAY8,ribosomal protein,357.0,2,52,0.14565826330532214,2,FLPS
X6RDA4,ncRNA,248.0,2,35,0.14112903225806453,2,FLPS
X6RDS5,ribosomal protein,153.0,1,8,0.05228758169934641,1,FLPS
X6RJ73,ribosomal protein,173.0,2,46,0.2658959537572254,2,FLPS
X6RJY0,snoRNA,320.0,4,91,0.284375,3+,FLPS
