protein_id,protein_length,cluster_id,n_lcr,lcr_residues,mean_lcr_length,coverage,multiplicity_cat,pos__domain_intrinsic,pos__domain_edge,pos__domain_adjacent,pos__interdomain_linker,pos__distal_terminal,sig__acidic_region,sig__arginine_rich_rna_contact_region,sig__aromatic_aggregation_prone_region,sig__aromatic_sticker_region,sig__basic_enriched_region,sig__cation_pi_rich_neighborhood,sig__disorder_rich_spacer_region,sig__glutamine_rich_region,sig__gs_rich_neutral_region,sig__hydrophobic_region,sig__polar_linker,sig__proline_rich_disordered_region,sig__rg_rgg_repeat_region,sig__serine_rich_region,sig__sr_rs_repeat_region,sig__unmapped_physicochemical_properties,ncpr,fcr,is_medoid
Q9Y2T7,364.0,3,1,17,17.0,0.046703296703296704,1,0,0,1,0,0,0,0,0,0,0,0,1,0,0,0,0,0,0,0,0,0,0.058823529411764705,0.058823529411764705,False
Q9H6S0,1430.0,3,1,18,18.0,0.012587412587412588,1,0,0,1,0,0,0,0,0,0,0,0,1,0,0,0,0,0,0,0,0,0,0.0,0.0,False
Q8N1G1,1221.0,0,1,22,22.0,0.018018018018018018,1,0,0,0,0,0,0,0,0,0,0,0,0,0,0,0,1,0,0,0,0,0,0.04545454545454546,0.04545454545454546,False
Q9BRR8,931.0,1,1,17,17.0,0.018259935553168637,1,0,0,0,0,1,1,0,0,0,0,0,0,0,0,0,0,0,0,0,0,0,-0.2352941176470588,0.3529411764705883,False
Q9H501,851.0,1,1,31,31.0,0.036427732079905996,1,0,0,0,0,1,1,0,0,0,0,0,0,0,0,0,0,0,0,0,0,0,-0.7741935483870968,0.8387096774193549,False
Q8N8D1,485.0,4,1,17,17.0,0.03505154639175258,1,0,0,0,0,0,0,1,0,0,0,0,0,0,0,0,0,0,0,0,0,0,0.4705882352941176,0.7058823529411765,False
O15371,548.0,1,1,18,18.0,0.032846715328467155,1,0,0,1,0,0,1,0,0,0,0,0,0,0,0,0,0,0,0,0,0,0,-0.9444444444444444,0.9444444444444444,False
Q86U42,306.0,0,2,47,23.5,0.15359477124183007,2,0,0,0,0,1,1,0,0,0,0,0,1,0,0,0,0,0,0,0,0,0,-0.23404255319148937,0.3191489361702128,False
Q9H307,717.0,4,1,69,69.0,0.09623430962343096,1,0,0,0,0,0,0,0,0,0,0,0,0,0,0,0,0,0,0,0,1,0,0.1014492753623188,0.1594202898550725,False
P14866,589.0,3,2,37,18.5,0.06281833616298811,2,0,0,1,0,0,0,0,0,1,0,0,1,0,0,0,0,0,0,0,0,0,0.0,0.05405405405405406,False
Q15428,464.0,3,1,16,16.0,0.034482758620689655,1,0,0,1,0,0,0,0,0,0,0,0,1,0,0,0,0,0,0,0,0,0,0.0,0.0,False
Q9NW13,759.0,1,1,21,21.0,0.02766798418972332,1,0,0,0,1,0,1,0,0,0,0,0,0,0,0,0,0,0,0,0,0,0,-0.8095238095238095,0.9047619047619048,False
Q7Z417,695.0,0,2,43,21.5,0.0618705035971223,2,1,0,0,0,1,0,0,0,1,0,0,1,0,0,0,0,0,0,0,0,0,0.0,0.0,False
Q9NY12,217.0,2,3,101,33.666666666666664,0.46543778801843316,3+,0,0,1,0,0,0,0,0,0,0,0,0,0,0,0,0,0,1,0,0,0,0.2079207920792079,0.2079207920792079,False
Q5XG87,792.0,0,1,13,13.0,0.016414141414141416,1,0,0,0,0,1,0,0,0,0,0,0,1,0,0,0,0,0,0,0,0,0,0.07692307692307693,0.07692307692307693,False
Q4ZG55,1949.0,3,1,16,16.0,0.008209338122113904,1,1,0,0,0,0,0,0,0,0,0,0,1,0,0,0,0,0,0,0,0,0,0.0,0.0,False
Q13247,344.0,4,2,63,31.5,0.18313953488372092,2,0,0,1,0,1,0,0,0,0,0,0,0,0,0,0,0,0,0,0,1,0,0.44444444444444436,0.44444444444444436,False
Q8WVK2,155.0,4,3,74,24.666666666666668,0.4774193548387097,3+,0,0,1,0,1,0,0,0,0,0,0,0,0,0,0,0,0,0,0,1,0,0.4594594594594595,0.6756756756756757,False
P09234,159.0,0,1,22,22.0,0.13836477987421383,1,0,0,0,0,1,0,0,0,0,0,0,0,0,0,0,0,1,0,0,0,0,0.0,0.0,False
Q9BQ67,446.0,1,1,14,14.0,0.03139013452914798,1,0,0,0,0,0,1,0,0,0,0,0,0,0,0,0,0,0,0,0,0,0,-0.9285714285714286,0.9285714285714286,False
Q96EY7,689.0,1,1,17,17.0,0.02467343976777939,1,0,0,0,0,0,1,0,0,0,0,0,0,0,0,0,0,0,0,0,0,0,-0.3529411764705883,0.3529411764705883,False
Q9NQZ2,479.0,1,1,19,19.0,0.03966597077244259,1,0,0,0,0,1,1,0,0,0,0,0,0,0,0,0,0,0,0,0,0,0,-0.47368421052631576,0.5789473684210527,False
O95218,330.0,4,2,73,36.5,0.22121212121212122,2,0,0,0,0,1,0,0,0,0,0,0,0,0,1,0,0,0,0,0,1,0,0.273972602739726,0.32876712328767127,False
Q8NAV1,312.0,4,1,23,23.0,0.07371794871794872,1,0,0,0,0,1,0,0,0,0,0,0,0,0,0,0,0,0,0,0,1,0,0.5217391304347826,0.5217391304347826,True
Q96K80,434.0,0,1,20,20.0,0.04608294930875576,1,0,0,0,0,1,0,0,0,0,0,0,1,0,0,0,0,0,0,0,0,0,0.0,0.0,False
Q07955,248.0,2,2,48,24.0,0.1935483870967742,2,0,0,1,1,0,0,0,0,0,0,0,1,0,0,0,0,0,0,0,1,0,0.3125,0.3125,False
O60563,726.0,3,2,37,18.5,0.05096418732782369,2,0,0,0,0,0,0,0,0,1,0,0,1,0,0,0,0,0,0,0,0,0,0.05405405405405406,0.10810810810810813,False
O15105,426.0,2,1,22,22.0,0.051643192488262914,1,0,0,0,0,0,1,0,0,0,0,0,0,0,0,0,0,0,0,0,0,0,-0.2727272727272727,0.3636363636363636,False
Q8TDI0,1954.0,0,2,32,16.0,0.016376663254861822,2,0,0,0,0,1,0,0,0,0,1,0,1,0,0,0,0,0,0,0,0,0,0.40625,0.53125,False
Q6ZRS2,3230.0,3,1,17,17.0,0.005263157894736842,1,0,0,0,1,0,0,0,0,0,0,0,0,0,0,0,0,0,0,0,0,1,0.0,0.0,False
O15047,1707.0,0,8,198,24.75,0.11599297012302284,3+,0,0,0,0,1,1,1,0,0,0,0,1,0,0,0,0,0,0,0,0,0,-0.1919191919191919,0.2727272727272727,False
Q8IXZ2,948.0,0,1,22,22.0,0.023206751054852322,1,0,0,0,0,1,0,0,0,0,0,0,1,0,0,0,0,0,0,0,0,0,0.04545454545454546,0.04545454545454546,False
Q9UKV3,1341.0,4,3,87,29.0,0.06487695749440715,3+,0,0,0,0,1,1,0,0,0,0,0,1,0,0,0,0,0,0,0,1,0,-0.1724137931034483,0.7011494252873564,False
Q92900,1129.0,3,1,26,26.0,0.023029229406554472,1,0,0,1,0,0,0,0,0,0,0,0,1,0,0,0,0,0,0,0,0,0,0.0,0.0,False
Q9UPR6,939.0,3,1,22,22.0,0.023429179978700747,1,0,0,1,0,0,0,0,0,0,0,0,1,0,0,0,0,0,0,0,0,0,0.0,0.0,False
Q9UNW9,492.0,3,3,47,15.666666666666666,0.09552845528455285,3+,0,0,0,1,0,0,0,0,0,0,0,1,0,0,0,0,0,0,0,0,0,-0.02127659574468085,0.02127659574468085,False
O60583,730.0,0,1,19,19.0,0.026027397260273973,1,0,0,0,0,0,0,0,0,0,0,0,1,0,0,0,0,0,0,0,0,0,0.1578947368421053,0.1578947368421053,False
Q15032,1099.0,0,1,25,25.0,0.022747952684258416,1,0,0,0,0,1,0,0,0,0,0,0,1,0,0,0,0,0,0,0,0,0,0.0,0.0,False
Q9Y2X3,529.0,1,1,17,17.0,0.03213610586011342,1,0,0,0,0,1,1,0,0,0,0,0,0,0,0,0,0,0,0,0,0,0,-0.3529411764705883,0.7058823529411765,False
O15234,703.0,0,1,16,16.0,0.02275960170697013,1,0,0,0,0,1,0,0,0,0,0,0,0,0,1,0,0,0,0,0,0,0,0.0625,0.0625,False
Q96KR1,1074.0,3,1,22,22.0,0.020484171322160148,1,0,0,1,0,0,0,0,0,0,0,0,1,0,0,0,0,0,0,0,0,0,0.04545454545454546,0.04545454545454546,False
Q9P2N5,1060.0,0,3,71,23.666666666666668,0.0669811320754717,3+,0,0,0,1,1,1,0,0,0,0,0,1,0,0,0,0,0,1,0,0,0,-0.028169014084507053,0.22535211267605634,False
P51531,1590.0,1,2,62,31.0,0.0389937106918239,2,0,0,0,0,1,1,0,0,0,0,0,0,0,0,0,1,0,0,0,0,0,-0.25806451612903225,0.2903225806451613,False
P31942,346.0,2,2,35,17.5,0.10115606936416185,2,0,0,1,0,0,0,0,0,1,0,0,0,0,1,0,0,0,0,0,0,0,0.0,0.05714285714285714,False
A7MD48,611.0,4,2,79,39.5,0.12929623567921442,2,0,0,1,0,0,0,0,0,0,0,0,0,0,0,0,0,0,0,0,1,0,0.27848101265822783,0.27848101265822783,False
Q5VZF2,373.0,3,1,20,20.0,0.05361930294906166,1,0,0,1,0,0,0,0,0,0,0,0,1,0,0,0,0,0,0,0,0,0,0.05,0.05,False
P37108,136.0,3,1,34,34.0,0.25,1,0,0,1,0,0,0,0,0,0,0,0,1,0,0,0,0,0,0,0,0,0,0.1176470588235294,0.1176470588235294,False
Q9H0W8,520.0,3,1,15,15.0,0.028846153846153848,1,0,0,0,0,0,0,0,0,0,0,0,1,0,0,0,0,0,0,0,0,0,0.0,0.0,False
Q9HC10,1997.0,3,1,19,19.0,0.009514271407110666,1,0,0,0,0,1,0,0,0,0,0,0,0,0,0,1,0,0,0,0,0,0,0.05263157894736842,0.05263157894736842,False
Q96HR8,494.0,0,2,56,28.0,0.11336032388663968,2,0,0,0,0,1,0,0,0,1,0,0,1,0,0,0,0,0,0,0,0,0,-0.125,0.125,False
Q8IZD4,617.0,3,1,10,10.0,0.01620745542949757,1,0,0,0,1,0,0,0,0,1,0,0,0,0,0,0,0,0,0,0,0,0,0.0,0.0,False
Q5T200,1668.0,4,2,84,42.0,0.050359712230215826,2,0,0,0,0,1,0,0,0,0,0,0,1,0,0,0,0,0,0,0,0,0,-0.011904761904761908,0.9642857142857143,False
Q2TBE0,894.0,4,1,25,25.0,0.02796420581655481,1,0,0,0,0,1,0,0,0,0,1,0,0,0,0,0,0,0,0,0,0,0,0.6,0.76,False
P47974,494.0,0,1,29,29.0,0.058704453441295545,1,0,0,0,0,1,0,0,0,0,0,0,1,0,0,0,0,0,0,0,0,0,0.0,0.0,False
O95104,1147.0,0,4,108,27.0,0.09415867480383609,3+,0,0,1,0,1,0,0,0,0,0,0,1,0,0,0,1,0,0,0,1,0,0.16666666666666666,0.18518518518518517,False
O60841,1220.0,1,2,62,31.0,0.05081967213114754,2,0,0,0,0,1,1,0,0,0,1,0,0,0,0,0,0,0,0,0,0,0,-0.3548387096774194,0.8387096774193549,False
Q86SE8,214.0,1,1,22,22.0,0.102803738317757,1,0,0,1,0,0,1,0,0,0,0,0,0,0,0,0,0,0,0,0,0,0,-0.9090909090909091,0.9090909090909091,False
Q5SZQ8,465.0,0,1,22,22.0,0.047311827956989246,1,0,0,0,1,0,0,0,0,0,0,0,1,0,0,0,0,0,0,0,0,0,0.0,0.0,False
Q9NQ29,371.0,4,1,27,27.0,0.07277628032345014,1,0,0,1,0,0,0,0,0,0,0,0,0,0,0,0,0,0,0,0,1,0,0.4444444444444444,0.6666666666666666,False
A0AV96,593.0,3,1,16,16.0,0.026981450252951095,1,0,0,0,0,1,0,0,0,0,0,0,1,0,0,0,0,0,0,0,0,0,0.0,0.0,False
O14776,1098.0,3,2,100,50.0,0.09107468123861566,2,0,0,0,0,0,0,0,0,0,0,0,1,0,0,0,0,0,0,1,0,0,0.0,0.0,False
O95391,586.0,4,1,16,16.0,0.027303754266211604,1,0,0,0,0,1,0,0,0,0,1,0,0,0,0,0,0,0,0,0,0,0,0.5,0.875,False
Q8TA86,221.0,4,1,33,33.0,0.1493212669683258,1,0,0,0,0,0,0,0,0,0,1,0,0,0,0,0,0,0,0,0,0,0,0.6363636363636364,0.8181818181818182,False
P62314,119.0,2,1,23,23.0,0.19327731092436976,1,0,0,1,0,0,0,0,0,0,0,0,0,0,0,0,0,0,1,0,0,0,0.4347826086956523,0.4347826086956523,False
Q15287,305.0,2,1,66,66.0,0.21639344262295082,1,0,0,1,0,0,0,0,0,0,0,0,0,0,0,0,0,0,0,0,1,0,0.1363636363636364,0.1363636363636364,False
Q1KMD3,747.0,1,1,23,23.0,0.030789825970548863,1,0,0,1,0,0,1,0,0,0,0,0,0,0,0,0,0,0,0,0,0,0,-0.8260869565217391,0.8260869565217391,False
P51608,486.0,0,1,17,17.0,0.03497942386831276,1,0,0,0,0,1,0,0,0,0,0,0,1,0,0,0,0,0,0,0,0,0,-0.1176470588235294,0.1176470588235294,False
P17480,764.0,1,3,70,23.333333333333332,0.09162303664921466,3+,0,0,0,0,0,1,0,0,0,0,0,0,0,0,0,0,0,0,0,0,0,-0.7,0.7,False
Q15696,482.0,4,1,44,44.0,0.0912863070539419,1,0,0,0,0,1,0,0,0,0,0,0,0,0,0,0,0,0,0,0,1,0,0.4318181818181818,0.5227272727272727,False
Q7Z570,1209.0,3,1,13,13.0,0.010752688172043012,1,0,0,0,0,1,0,0,0,0,0,0,1,0,0,0,0,0,0,0,0,0,0.0,0.0,False
Q9NZJ5,1116.0,3,1,19,19.0,0.017025089605734768,1,0,0,0,0,0,0,0,0,0,0,0,0,0,0,1,0,0,0,0,0,0,0.05263157894736842,0.05263157894736842,False
Q9BWF3,364.0,3,1,18,18.0,0.04945054945054945,1,0,0,0,0,1,0,0,0,0,0,0,1,0,0,0,0,0,0,0,0,0,0.0,0.0,False
Q32MZ4,808.0,4,1,14,14.0,0.017326732673267328,1,0,0,0,0,1,0,0,0,0,1,0,0,0,0,0,0,0,0,0,0,0,0.7142857142857143,0.7142857142857143,False
Q9BQ04,359.0,3,1,17,17.0,0.04735376044568245,1,0,0,0,0,1,0,0,0,0,0,0,1,0,0,0,0,0,0,0,0,0,0.0,0.0,False
Q8IY37,1157.0,1,1,23,23.0,0.019878997407087293,1,0,0,0,0,1,1,0,0,0,0,0,0,0,0,0,0,0,0,0,0,0,-0.7391304347826086,0.7391304347826086,False
Q9UHB9,627.0,3,1,27,27.0,0.0430622009569378,1,0,0,0,0,0,0,0,0,0,0,0,0,0,1,0,0,0,0,0,0,0,0.03703703703703703,0.03703703703703703,False
Q86YN6,1023.0,1,2,39,19.5,0.03812316715542522,2,0,0,0,0,1,1,0,0,0,0,0,0,0,0,0,0,0,0,0,0,0,-0.8717948717948718,0.9230769230769231,False
Q13151,305.0,2,4,91,22.75,0.2983606557377049,3+,0,0,1,0,1,0,0,0,1,0,0,0,0,1,0,0,0,1,0,0,0,0.09890109890109888,0.09890109890109888,False
Q15022,739.0,3,3,60,20.0,0.08119079837618404,3+,0,0,0,0,0,0,0,0,0,0,0,0,0,1,0,0,0,0,0,0,0,0.016666666666666666,0.016666666666666666,False
Q7Z6E9,1792.0,0,2,42,21.0,0.0234375,2,0,0,0,0,1,0,0,0,0,1,0,1,0,0,0,0,0,0,0,0,0,0.4523809523809524,0.5,False
P19338,710.0,1,4,139,34.75,0.19577464788732393,3+,0,0,1,0,1,1,0,0,0,0,0,0,0,0,0,0,0,1,0,0,0,-0.5323741007194245,0.6906474820143885,False
Q13435,895.0,0,2,51,25.5,0.05698324022346369,2,0,0,0,1,1,1,0,0,0,0,0,1,0,0,0,0,0,0,0,0,0,-0.27450980392156865,0.27450980392156865,False
Q7KZ85,1726.0,1,1,12,12.0,0.006952491309385863,1,0,0,0,0,1,1,0,0,0,0,0,0,0,0,0,0,0,0,0,0,0,-0.9166666666666666,0.9166666666666666,False
Q8NAF0,562.0,2,1,21,21.0,0.037366548042704624,1,0,0,1,0,0,0,0,0,0,0,0,0,0,0,0,0,0,1,0,0,0,0.47619047619047616,0.47619047619047616,False
Q9BWU0,742.0,1,1,29,29.0,0.03908355795148248,1,0,0,0,0,1,1,0,0,0,0,0,0,0,0,0,0,0,0,0,0,0,-0.4137931034482759,0.8275862068965517,False
Q8NDV7,1962.0,0,1,35,35.0,0.01783893985728848,1,0,0,0,0,1,0,0,0,0,0,0,0,0,0,0,1,0,0,0,0,0,0.0,0.0,False
Q6P9B9,1019.0,3,1,15,15.0,0.014720314033366046,1,0,0,0,1,0,0,0,0,0,0,0,0,0,1,0,0,0,0,0,0,0,0.0,0.0,False
P98175,930.0,1,1,13,13.0,0.013978494623655914,1,0,0,1,0,0,1,0,0,0,0,0,0,0,0,0,0,0,0,0,0,0,-0.9230769230769231,0.9230769230769231,False
Q6ZN04,569.0,0,3,48,16.0,0.0843585237258348,3+,0,0,1,0,1,0,0,0,0,0,0,1,0,1,0,0,0,0,0,0,0,0.0,0.0,False
B0QYK0,618.0,2,3,61,20.333333333333332,0.09870550161812297,3+,0,0,1,1,0,0,0,0,0,0,0,1,0,0,0,0,0,1,0,0,0,0.16393442622950818,0.2295081967213115,False
Q00577,322.0,2,1,36,36.0,0.11180124223602485,1,0,0,1,0,0,0,0,0,0,0,0,0,0,1,0,0,0,0,0,0,0,0.0,0.0,False
F8W6I7,307.0,2,1,15,15.0,0.048859934853420196,1,0,0,1,0,0,0,0,0,0,0,0,0,0,1,0,0,0,0,0,0,0,0.0,0.0,False
Q8WXA9,508.0,4,2,43,21.5,0.08464566929133858,2,0,0,0,0,1,0,0,0,0,0,0,1,0,0,0,0,0,0,0,1,0,0.23255813953488372,0.6976744186046512,False
Q92973,898.0,1,1,19,19.0,0.021158129175946547,1,0,0,0,0,1,1,0,0,0,0,0,0,0,0,0,0,0,0,0,0,0,-0.7894736842105263,0.7894736842105263,False
Q6PKG0,1096.0,2,2,41,20.5,0.037408759124087594,2,0,0,1,0,1,0,0,0,0,0,0,1,0,0,0,0,0,1,0,0,0,0.12195121951219512,0.3170731707317073,False
Q13523,1007.0,4,4,92,23.0,0.0913604766633565,3+,0,0,0,0,0,0,0,0,0,1,0,0,0,0,0,0,0,0,0,1,0,0.5,0.6086956521739131,False
Q9Y388,322.0,4,1,19,19.0,0.059006211180124224,1,0,0,1,0,0,0,0,0,0,1,0,0,0,0,0,0,0,0,0,0,0,0.47368421052631576,0.8947368421052632,False
Q86U06,439.0,3,1,16,16.0,0.03644646924829157,1,0,0,1,0,0,0,0,0,0,0,0,1,0,0,0,0,0,0,0,0,0,0.0,0.0,False
P06748,294.0,1,1,30,30.0,0.10204081632653061,1,0,0,1,0,0,1,0,0,0,0,0,0,0,0,0,0,0,0,0,0,0,-0.8333333333333334,0.8333333333333334,False
Q13485,552.0,3,1,21,21.0,0.03804347826086957,1,0,0,0,0,0,0,0,0,0,0,0,1,0,0,0,0,0,0,0,0,0,0.047619047619047616,0.047619047619047616,False
Q04637,1599.0,1,1,24,24.0,0.0150093808630394,1,0,0,0,0,1,1,0,0,0,0,0,0,0,0,0,0,0,0,0,0,0,-0.625,0.625,False
Q96MT3,831.0,1,1,19,19.0,0.02286401925391095,1,0,0,0,0,0,1,0,0,0,0,0,0,0,0,0,0,0,0,0,0,0,-0.3684210526315789,0.3684210526315789,False
Q9UJV8,347.0,2,1,13,13.0,0.037463976945244955,1,0,0,1,0,0,0,0,0,0,0,0,0,0,0,0,0,0,1,0,0,0,0.38461538461538464,0.38461538461538464,False
Q14157,1087.0,2,1,19,19.0,0.017479300827966882,1,0,0,0,0,0,0,0,0,0,0,0,0,0,0,0,0,0,1,0,0,0,0.3684210526315789,0.47368421052631576,False
Q8WW36,166.0,2,1,15,15.0,0.09036144578313253,1,0,0,1,0,0,0,1,0,0,0,0,0,0,0,0,0,0,0,0,0,0,0.2666666666666667,0.2666666666666667,False
P22626,353.0,3,1,21,21.0,0.059490084985835696,1,0,0,0,1,0,0,0,0,1,0,0,0,0,0,0,0,0,0,0,0,0,0.047619047619047616,0.047619047619047616,False
P18583,2426.0,4,2,53,26.5,0.021846661170651278,2,0,0,0,0,1,0,0,0,0,1,0,0,0,0,0,0,0,0,0,1,0,0.5660377358490566,0.6415094339622641,False
P23246,707.0,0,2,66,33.0,0.09335219236209336,2,0,0,0,0,1,0,0,0,1,0,0,0,0,0,0,0,0,1,0,0,0,0.07575757575757576,0.07575757575757576,False
P78362,688.0,0,1,28,28.0,0.040697674418604654,1,0,0,0,0,0,0,0,0,0,0,0,1,0,0,0,0,0,0,0,0,0,-0.1428571428571428,0.1428571428571428,False
O75179,2603.0,1,2,51,25.5,0.019592777564348827,2,0,0,0,0,1,1,0,0,0,0,0,0,0,1,0,0,0,0,0,0,0,-0.3333333333333333,0.3333333333333333,False
Q6P2E9,1401.0,0,1,19,19.0,0.013561741613133477,1,0,0,0,0,0,0,0,0,0,0,0,1,0,0,0,0,0,0,0,0,0,0.0,0.0,False
Q9NTZ6,932.0,3,1,30,30.0,0.032188841201716736,1,0,0,0,1,0,0,0,0,0,0,0,1,0,0,0,0,0,0,0,0,0,0.0,0.0,False
Q9H7N4,1312.0,4,7,155,22.142857142857142,0.11814024390243902,3+,0,0,0,0,0,1,0,0,0,0,0,1,0,1,0,0,0,0,0,1,1,-0.10322580645161289,0.49032258064516127,False
Q8IWZ3,2542.0,4,2,40,20.0,0.015735641227380016,2,0,0,0,0,1,0,1,0,0,0,0,0,0,1,0,0,0,0,0,0,0,0.225,0.475,False
P49760,499.0,4,1,18,18.0,0.036072144288577156,1,0,0,0,0,0,0,0,0,0,0,0,0,0,0,0,0,0,0,0,1,0,0.6111111111111112,0.6111111111111112,False
Q9NVH2,962.0,3,1,14,14.0,0.014553014553014554,1,0,0,0,0,0,0,0,0,0,0,0,1,0,0,0,0,0,0,0,0,0,0.0,0.0,False
Q9UPN6,1271.0,0,1,25,25.0,0.01966955153422502,1,0,0,0,0,1,0,0,0,0,0,0,1,0,0,0,0,0,0,0,0,0,0.0,0.0,False
P12270,2363.0,1,1,18,18.0,0.00761743546339399,1,0,0,0,0,1,1,0,0,0,0,0,0,0,0,0,0,0,0,0,0,0,-0.8333333333333334,0.8333333333333334,False
Q08211,1270.0,0,1,27,27.0,0.02125984251968504,1,0,0,0,0,1,0,0,0,0,0,0,0,0,1,0,0,0,0,0,0,0,0.03703703703703703,0.03703703703703703,False
Q9Y3Y2,248.0,2,1,33,33.0,0.13306451612903225,1,0,0,0,0,0,0,0,0,0,0,0,0,0,0,0,0,0,1,0,0,0,0.303030303030303,0.303030303030303,False
Q14152,1382.0,4,1,37,37.0,0.026772793053545588,1,0,0,0,0,0,0,0,0,0,0,0,0,0,0,0,0,0,0,0,0,1,0.05405405405405406,0.8648648648648649,False
Q5T481,1227.0,3,1,14,14.0,0.011409942950285249,1,0,0,0,0,0,0,0,0,0,0,0,1,0,0,0,0,0,0,0,0,0,0.0,0.0,False
Q96IP4,442.0,2,1,27,27.0,0.06108597285067873,1,0,0,1,0,0,0,0,0,1,0,0,0,0,0,0,0,0,0,0,0,0,-0.1481481481481481,0.1481481481481481,False
A0A0A0MRM9,708.0,1,5,78,15.6,0.11016949152542373,3+,0,0,0,0,1,1,0,0,0,0,0,1,0,0,0,0,0,0,0,0,0,-0.3717948717948718,0.3974358974358974,False
X6R7H2,631.0,4,2,69,34.5,0.10935023771790808,2,0,0,1,0,1,0,0,0,0,0,0,0,0,0,0,0,0,0,0,1,0,0.2318840579710145,0.26086956521739124,False
Q5VTL8,546.0,4,1,18,18.0,0.03296703296703297,1,0,0,0,0,1,0,0,0,0,0,0,0,0,0,0,0,0,0,0,1,0,0.3888888888888889,0.6111111111111112,False
O75607,178.0,1,1,20,20.0,0.11235955056179775,1,0,0,1,0,0,1,0,0,0,0,0,0,0,0,0,0,0,0,0,0,0,-0.7,0.7,False
Q9UKA9,531.0,3,1,10,10.0,0.018832391713747645,1,0,1,0,0,0,0,0,0,0,0,0,1,0,0,0,0,0,0,0,0,0,0.0,0.0,False
Q06787,632.0,2,1,23,23.0,0.03639240506329114,1,0,1,0,0,0,0,0,0,0,0,0,0,0,0,0,0,0,1,0,0,0,0.3043478260869565,0.391304347826087,False
Q8NC51,408.0,2,2,45,22.5,0.11029411764705882,2,0,0,1,0,0,0,0,0,0,0,0,0,0,0,0,0,0,1,0,0,0,0.31111111111111106,0.35555555555555546,False
P46100,2492.0,1,1,38,38.0,0.015248796147672551,1,0,0,0,0,1,1,0,0,0,0,0,0,0,0,0,0,0,0,0,0,0,-0.6578947368421053,0.7631578947368421,False
Q08170,494.0,4,1,30,30.0,0.06072874493927125,1,0,0,1,0,0,0,0,0,0,0,0,0,0,0,0,0,0,0,0,1,0,0.4666666666666667,0.4666666666666667,False
Q6BEB4,398.0,3,1,12,12.0,0.03015075376884422,1,0,0,0,0,1,0,0,0,0,0,0,1,0,0,0,0,0,0,0,0,0,0.0,0.0,False
Q96T58,3664.0,4,1,43,43.0,0.011735807860262008,1,0,0,0,1,0,0,0,0,0,0,0,0,0,0,0,0,0,0,0,1,0,-0.02325581395348837,0.2093023255813954,False
Q5VYS8,1495.0,1,1,15,15.0,0.010033444816053512,1,0,0,0,1,0,1,0,0,0,0,0,0,0,0,0,0,0,0,0,0,0,-0.9333333333333333,0.9333333333333333,False
P05388,317.0,3,1,21,21.0,0.06624605678233439,1,1,0,0,0,0,0,0,0,0,0,0,1,0,0,0,0,0,0,0,0,0,0.0,0.0,False
O60293,1989.0,0,2,36,18.0,0.01809954751131222,2,0,0,0,0,1,0,0,0,0,0,0,1,0,1,0,0,0,0,0,0,0,-0.05555555555555558,0.11111111111111113,False
Q9BX46,236.0,0,2,45,22.5,0.1906779661016949,2,0,0,0,0,1,0,0,0,1,0,0,1,0,0,0,0,0,0,0,0,0,-0.02222222222222222,0.02222222222222222,False
Q01081,240.0,2,1,29,29.0,0.12083333333333333,1,0,0,1,0,0,0,1,0,0,0,0,0,0,0,0,0,0,0,0,0,0,0.2068965517241379,0.4827586206896552,False
Q9NWH9,1034.0,4,1,21,21.0,0.020309477756286266,1,0,0,0,0,1,0,0,0,0,0,0,1,0,0,0,0,0,0,0,0,0,0.047619047619047616,0.8095238095238095,False
Q16594,264.0,1,1,13,13.0,0.04924242424242424,1,0,0,0,0,0,1,0,0,0,0,0,0,0,0,0,0,0,0,0,0,0,-0.9230769230769231,0.9230769230769231,False
P62995,288.0,4,2,43,21.5,0.14930555555555555,2,0,0,1,0,1,0,0,0,0,0,0,0,0,0,0,0,0,0,0,1,0,0.3953488372093023,0.4883720930232558,False
A0A5K1VW79,999.0,0,3,66,22.0,0.06606606606606606,3+,0,0,0,0,1,0,0,0,0,0,0,1,0,0,0,0,0,0,0,0,0,0.0,0.0,False
A0A140T8Y2,407.0,1,1,19,19.0,0.04668304668304668,1,0,0,0,0,1,1,0,0,0,0,0,0,0,0,0,0,0,0,0,0,0,-0.6842105263157895,0.6842105263157895,False
Q53F19,620.0,1,1,20,20.0,0.03225806451612903,1,0,0,0,0,0,1,0,0,0,0,0,0,0,0,0,0,0,0,0,0,0,-0.85,0.85,False
Q96L91,3159.0,0,3,74,24.666666666666668,0.02342513453624565,3+,0,0,0,0,1,1,0,0,0,0,0,1,0,0,0,0,0,0,0,0,0,-0.12162162162162163,0.17567567567567569,False
Q7Z6M4,381.0,1,1,42,42.0,0.11023622047244094,1,0,0,1,0,0,1,0,0,0,0,0,0,0,0,0,0,0,0,0,0,0,-0.8809523809523809,0.8809523809523809,False
Q9BUJ2,856.0,0,2,39,19.5,0.0455607476635514,2,0,0,0,0,1,0,0,0,0,0,0,1,0,0,0,0,0,1,0,0,0,0.07692307692307693,0.07692307692307693,False
Q9NYF8,920.0,4,3,73,24.333333333333332,0.07934782608695652,3+,1,1,0,0,1,0,0,0,0,0,0,0,0,0,0,1,0,0,0,1,0,0.2465753424657534,0.2465753424657534,False
Q66PJ3,237.0,4,2,53,26.5,0.22362869198312235,2,1,0,0,0,0,0,1,0,0,0,0,1,0,0,0,0,0,0,0,0,0,0.37735849056603776,0.4528301886792453,False
Q13595,282.0,3,1,16,16.0,0.05673758865248227,1,0,0,1,0,0,0,0,0,0,0,0,1,0,0,0,0,0,0,0,0,0,0.0,0.0,False
Q9UIF8,2168.0,1,2,59,29.5,0.0272140221402214,2,0,0,0,0,1,1,0,0,0,0,0,0,0,0,0,0,0,0,0,0,0,-0.6949152542372882,0.7627118644067796,False
J3KPP4,489.0,4,2,60,30.0,0.12269938650306748,2,0,0,1,0,1,0,0,0,0,0,0,1,0,0,0,0,0,0,0,1,0,0.18333333333333332,0.85,False
O14647,1828.0,1,1,20,20.0,0.010940919037199124,1,0,0,0,0,1,1,0,0,0,0,0,0,0,0,0,0,0,0,0,0,0,-0.3,0.3,False
P35269,517.0,1,1,20,20.0,0.03868471953578337,1,0,0,0,0,0,1,0,0,0,0,0,0,0,0,0,0,0,0,0,0,0,-0.5,0.8,False
Q5T760,491.0,4,3,62,20.666666666666668,0.12627291242362526,3+,0,0,1,0,1,0,0,0,0,0,0,1,0,0,0,0,0,0,0,1,0,0.3709677419354839,0.3709677419354839,False
P51825,1210.0,1,1,25,25.0,0.02066115702479339,1,1,0,0,0,0,1,0,0,0,0,0,0,0,0,0,0,0,0,0,0,0,-0.36,0.36,False
Q99613,913.0,1,1,15,15.0,0.01642935377875137,1,1,0,0,0,0,1,0,0,0,0,0,0,0,0,0,0,0,0,0,0,0,-0.8,0.8,False
Q96QR8,312.0,3,1,14,14.0,0.04487179487179487,1,1,0,0,0,0,0,0,0,0,0,0,1,0,0,0,0,0,0,0,0,0,0.0,0.0,False
P50914,215.0,3,1,23,23.0,0.10697674418604651,1,0,0,1,0,0,0,0,0,0,0,0,1,0,0,0,0,0,0,0,0,0,0.17391304347826092,0.17391304347826092,False
Q52LJ0,433.0,2,3,111,37.0,0.25635103926096997,3+,0,1,0,0,1,0,0,0,1,0,1,0,0,0,0,0,0,1,0,0,0,0.08108108108108109,0.13513513513513514,False
Q92945,711.0,0,3,80,26.666666666666668,0.11251758087201125,3+,0,0,0,1,1,0,0,0,0,0,0,1,0,0,0,0,0,0,0,0,0,0.037499999999999985,0.06249999999999998,False
Q3L8U1,2897.0,2,1,65,65.0,0.02243700379703141,1,0,0,0,1,0,0,0,0,0,0,0,0,0,0,0,1,0,0,0,0,0,-0.06153846153846154,0.1538461538461539,False
Q6P6C2,394.0,3,1,19,19.0,0.048223350253807105,1,0,0,0,0,1,0,0,0,0,0,0,1,0,0,0,0,0,0,0,0,0,-0.05263157894736842,0.05263157894736842,False
Q86XN8,651.0,0,2,34,17.0,0.05222734254992319,2,0,0,0,0,1,0,0,0,0,0,0,1,0,0,0,0,0,0,0,0,0,-0.11764705882352944,0.11764705882352944,False
Q12906,894.0,0,2,43,21.5,0.04809843400447427,2,0,0,0,0,1,0,0,0,0,0,0,0,0,1,0,0,0,0,0,0,0,0.0,0.0,False
Q9UPQ9,1833.0,0,2,36,18.0,0.019639934533551555,2,0,0,0,0,1,0,0,0,0,0,0,1,1,0,0,0,0,0,0,0,0,0.0,0.0,False
Q5U5Q3,659.0,0,1,29,29.0,0.04400606980273141,1,0,0,0,0,1,0,0,0,0,0,0,1,0,0,0,0,0,0,0,0,0,0.0,0.0,False
B5MCU0,990.0,0,1,10,10.0,0.010101010101010102,1,0,0,0,0,1,0,0,0,0,0,0,1,0,0,0,0,0,0,0,0,0,0.0,0.0,False
A0A7N4I394,994.0,3,1,27,27.0,0.02716297786720322,1,0,0,0,0,0,0,0,0,0,0,0,1,0,0,0,0,0,0,0,0,0,-0.03703703703703703,0.03703703703703703,False
Q9Y4B4,1467.0,1,1,20,20.0,0.013633265167007498,1,0,0,0,0,1,1,0,0,0,0,0,0,0,0,0,0,0,0,0,0,0,-0.65,0.65,False
B8ZZ98,158.0,4,3,74,24.666666666666668,0.46835443037974683,3+,0,0,1,0,1,0,0,0,0,0,0,0,0,0,0,0,0,0,0,1,0,0.4594594594594595,0.6756756756756757,False
C9JAB2,235.0,4,1,22,22.0,0.09361702127659574,1,0,0,1,0,0,0,0,0,0,0,0,0,0,0,0,0,0,0,0,1,0,0.5,0.5,False
E7ETU5,370.0,0,1,18,18.0,0.04864864864864865,1,0,0,1,0,0,0,0,0,0,0,0,1,0,0,0,0,0,0,0,0,0,0.0,0.0,False
Q16630,551.0,0,4,112,28.0,0.20326678765880218,3+,0,0,0,0,1,0,0,0,1,0,0,1,0,0,0,0,0,0,0,0,0,0.02678571428571428,0.20535714285714285,False
O00571,662.0,0,1,20,20.0,0.030211480362537766,1,0,0,0,0,1,0,0,0,0,0,0,0,0,0,0,1,0,0,0,0,0,0.1,0.1,False
Q5GAN6,216.0,3,1,17,17.0,0.0787037037037037,1,0,0,0,0,1,0,0,0,0,0,0,0,0,0,1,0,0,0,0,0,0,0.0,0.0,False
Q00839,825.0,1,2,35,17.5,0.04242424242424243,2,0,0,1,0,1,1,0,0,0,0,0,0,0,0,0,1,0,0,0,0,0,-0.4,0.4,False
Q15637,639.0,0,4,73,18.25,0.11424100156494522,3+,0,0,0,0,1,0,0,0,0,0,0,1,0,0,0,0,0,0,0,0,0,0.0136986301369863,0.0136986301369863,False
Q8NE35,698.0,0,3,63,21.0,0.09025787965616046,3+,0,0,0,0,1,0,0,0,0,0,0,1,0,0,0,1,0,0,0,0,0,0.015873015873015872,0.015873015873015872,False
Q5RKV6,272.0,3,1,16,16.0,0.058823529411764705,1,0,1,0,0,0,0,0,0,0,0,0,1,0,0,0,0,0,0,0,0,0,-0.0625,0.0625,False
Q6P158,1386.0,3,1,15,15.0,0.010822510822510822,1,0,0,0,0,1,0,0,0,0,0,0,1,0,0,0,0,0,0,0,0,0,0.0,0.0,False
A0A0A0MSN9,333.0,4,1,48,48.0,0.14414414414414414,1,0,0,1,0,0,0,0,0,0,0,0,0,0,0,0,0,0,0,0,0,1,0.02083333333333333,0.9791666666666666,False
P51991,378.0,2,4,105,26.25,0.2777777777777778,3+,0,0,1,0,1,0,0,0,1,0,0,0,0,1,0,0,0,0,0,0,0,0.047619047619047616,0.10476190476190476,False
Q13428,1488.0,1,5,99,19.8,0.06653225806451613,3+,0,0,0,0,0,1,0,0,0,1,0,0,0,0,0,0,0,0,0,0,0,-0.1919191919191919,0.5757575757575758,False
Q5QJE6,756.0,1,1,17,17.0,0.022486772486772486,1,0,0,0,0,1,1,0,0,0,0,0,0,0,0,0,0,0,0,0,0,0,-0.5882352941176471,0.8235294117647058,False
Q8NE71,845.0,1,2,32,16.0,0.0378698224852071,2,0,0,0,0,0,1,0,0,0,0,0,1,0,0,0,0,0,0,0,0,0,-0.25,0.5,False
Q8WUQ7,758.0,4,1,31,31.0,0.040897097625329816,1,0,0,0,0,0,0,1,0,0,0,0,0,0,0,0,0,0,0,0,0,0,0.2580645161290323,0.7741935483870968,False
Q5QPL9,237.0,0,1,33,33.0,0.13924050632911392,1,0,0,0,0,1,0,0,0,0,0,0,0,0,1,0,0,0,0,0,0,0,0.0303030303030303,0.1515151515151515,False
P54253,815.0,0,1,30,30.0,0.03680981595092025,1,0,0,0,0,1,0,0,0,0,0,0,1,0,0,0,0,0,0,0,0,0,-0.03333333333333333,0.03333333333333333,False
Q9UHC7,482.0,2,1,15,15.0,0.03112033195020747,1,0,0,1,0,0,0,0,0,0,0,0,0,0,1,0,0,0,0,0,0,0,-0.06666666666666667,0.06666666666666667,False
A0A0C4DG89,1032.0,4,1,38,38.0,0.03682170542635659,1,0,0,0,0,1,0,0,0,0,0,0,0,0,0,0,0,0,0,0,1,0,0.4473684210526316,0.6578947368421053,False
C9JE40,543.0,1,1,26,26.0,0.04788213627992634,1,0,0,0,0,0,1,0,0,0,0,0,0,0,0,0,0,0,0,0,0,0,-0.6538461538461539,0.7307692307692307,False
Q9H2U1,1008.0,0,1,29,29.0,0.028769841269841268,1,0,0,0,0,1,0,0,0,0,0,0,1,0,0,0,0,0,0,0,0,0,0.1379310344827586,0.1379310344827586,False
Q86TG7,708.0,0,1,23,23.0,0.03248587570621469,1,0,0,0,0,0,0,0,0,0,0,0,1,0,0,0,0,0,0,0,0,0,0.04347826086956523,0.04347826086956523,False
Q5T7N2,865.0,1,1,17,17.0,0.019653179190751446,1,0,0,0,0,1,1,0,0,0,0,0,0,0,0,0,0,0,0,0,0,0,-0.7058823529411765,0.7058823529411765,False
C9JP00,348.0,3,1,18,18.0,0.05172413793103448,1,0,0,1,0,0,0,0,0,0,0,0,1,0,0,0,0,0,0,0,0,0,0.0,0.0,False
D6R9W6,518.0,4,1,16,16.0,0.03088803088803089,1,0,0,0,0,1,0,0,0,0,0,0,0,0,0,0,0,0,1,0,0,0,0.5,0.5,False
F6VAP0,555.0,3,1,16,16.0,0.02882882882882883,1,0,0,0,0,1,0,0,0,0,0,0,1,0,0,0,0,0,0,0,0,0,0.0,0.0,False
Q9NP92,439.0,1,1,18,18.0,0.04100227790432802,1,1,0,0,0,0,1,0,0,0,0,0,0,0,0,0,0,0,0,0,0,0,-0.3333333333333333,0.3333333333333333,False
Q99729,332.0,2,1,21,21.0,0.06325301204819277,1,0,0,1,0,0,0,0,0,0,0,0,0,0,0,0,0,0,1,0,0,0,0.19047619047619047,0.19047619047619047,True
P49756,843.0,1,4,119,29.75,0.14116251482799524,3+,0,0,0,1,0,1,0,0,0,0,0,1,0,0,0,0,0,0,0,0,0,-0.05882352941176469,0.9495798319327731,False
E9PIF2,835.0,1,1,15,15.0,0.017964071856287425,1,0,0,0,0,1,1,0,0,0,0,0,0,0,0,0,0,0,0,0,0,0,-0.8,0.8,False
A1L020,520.0,0,2,44,22.0,0.08461538461538462,2,0,0,1,0,1,0,0,0,1,0,0,1,0,0,0,0,0,0,0,0,0,0.0,0.0,False
E9PMM9,218.0,2,1,24,24.0,0.11009174311926606,1,0,0,1,0,0,0,0,0,0,0,0,0,0,0,0,0,0,1,0,0,0,0.375,0.375,False
Q9Y2W1,955.0,4,2,45,22.5,0.04712041884816754,2,1,0,0,0,1,0,0,0,0,0,0,0,0,0,0,0,0,0,0,1,0,0.2444444444444444,0.3333333333333333,False
H0YDK8,900.0,0,1,22,22.0,0.024444444444444446,1,0,0,0,0,1,0,0,0,0,0,0,1,0,0,0,0,0,0,0,0,0,0.0,0.0,True
P51513,507.0,3,1,20,20.0,0.03944773175542406,1,0,0,0,1,0,0,0,0,0,0,0,1,0,0,0,0,0,0,0,0,0,0.0,0.0,False
A0A0C4DGG8,1043.0,3,2,42,21.0,0.040268456375838924,2,0,0,1,1,0,0,1,0,0,0,0,1,0,0,0,0,0,0,0,0,0,0.09523809523809523,0.3333333333333333,False
Q8IWX8,916.0,0,3,78,26.0,0.0851528384279476,3+,1,1,0,1,0,0,0,0,0,0,0,1,0,0,0,0,0,0,0,1,0,0.2179487179487179,0.2179487179487179,False
Q15233,471.0,2,1,22,22.0,0.04670912951167728,1,0,0,1,0,0,0,0,0,1,0,0,0,0,0,0,0,0,0,0,0,0,0.04545454545454546,0.04545454545454546,False
Q9Y4C8,960.0,1,1,12,12.0,0.0125,1,0,0,0,1,0,1,0,0,0,0,0,0,0,0,0,0,0,0,0,0,0,-0.9166666666666666,0.9166666666666666,False
Q9UPS6,1966.0,0,10,257,25.7,0.13072227873855544,3+,0,0,0,0,1,1,0,0,0,0,0,1,0,0,0,0,1,0,0,0,0,-0.19455252918287938,0.24124513618677043,False
P56270,477.0,0,4,89,22.25,0.18658280922431866,3+,0,0,0,0,1,0,0,0,0,0,0,1,0,0,0,0,0,0,0,0,0,-0.033707865168539325,0.033707865168539325,False
Q7Z5Q1,589.0,0,1,15,15.0,0.025466893039049237,1,0,0,0,0,1,0,0,0,0,0,0,1,0,0,0,0,0,0,0,0,0,0.0,0.0,False
Q9NP64,241.0,4,1,17,17.0,0.07053941908713693,1,0,0,0,0,1,0,0,0,0,1,0,0,0,0,0,0,0,0,0,0,0,0.7058823529411765,0.7058823529411765,False
Q5JTH9,1297.0,1,1,11,11.0,0.008481110254433308,1,0,0,0,0,1,1,0,0,0,0,0,0,0,0,0,0,0,0,0,0,0,-0.9090909090909091,0.9090909090909091,False
F8VU11,892.0,3,2,36,18.0,0.04035874439461883,2,0,0,0,0,0,0,0,0,1,0,0,1,0,0,0,0,0,0,0,0,0,-0.027777777777777776,0.027777777777777776,False
Q13243,272.0,4,1,50,50.0,0.18382352941176472,1,0,0,1,0,0,0,0,0,0,0,0,0,0,0,0,0,0,0,0,1,0,0.44,0.44,False
Q9HCK8,2581.0,0,2,33,16.5,0.012785741960480435,2,0,0,0,1,1,0,0,1,0,0,0,1,0,0,0,0,0,0,0,0,0,0.0,0.0,False
Q9H6T0,727.0,0,1,21,21.0,0.02888583218707015,1,0,0,0,0,1,0,0,0,0,0,0,1,0,0,0,0,0,0,0,0,0,-0.1428571428571428,0.1428571428571428,False
H3BPE7,527.0,2,6,143,23.833333333333332,0.2713472485768501,3+,0,0,1,1,1,0,0,0,0,0,1,0,0,1,0,0,0,1,0,0,0,0.1258741258741259,0.1958041958041958,False
J3QL05,130.0,4,1,30,30.0,0.23076923076923078,1,0,0,1,0,0,0,0,0,0,0,0,0,0,0,0,0,0,0,0,1,0,0.4333333333333333,0.4333333333333333,False
Q9C0B9,1178.0,3,1,17,17.0,0.014431239388794566,1,0,0,1,0,0,0,0,0,0,0,0,1,0,0,0,0,0,0,0,0,0,0.0,0.0,False
Q15029,972.0,1,1,20,20.0,0.0205761316872428,1,0,0,0,0,1,1,0,0,0,0,0,0,0,0,0,0,0,0,0,0,0,-0.65,0.75,True
K7EJB9,349.0,1,1,32,32.0,0.09169054441260745,1,0,0,0,0,1,1,0,0,0,0,0,0,0,0,0,0,0,0,0,0,0,-0.65625,0.96875,False
D6W5Y5,297.0,2,1,21,21.0,0.0707070707070707,1,0,0,1,0,0,0,0,0,0,0,0,0,0,0,0,0,0,1,0,0,0,0.2857142857142857,0.2857142857142857,False
Q9UKJ3,1502.0,4,1,22,22.0,0.014647137150466045,1,0,0,0,0,1,0,0,0,0,1,0,0,0,0,0,0,0,0,0,0,0,0.5909090909090909,0.5909090909090909,False
O00267,1087.0,1,1,28,28.0,0.025758969641214352,1,0,0,0,0,1,1,0,0,0,0,0,0,0,0,0,0,0,0,0,0,0,-0.8214285714285714,0.8928571428571429,False
M0QY97,910.0,0,1,25,25.0,0.027472527472527472,1,0,0,0,0,1,0,0,0,0,0,0,1,0,0,0,0,0,0,0,0,0,0.04,0.04,False
M0R1H0,178.0,2,1,44,44.0,0.24719101123595505,1,0,0,1,0,0,0,0,0,0,0,0,0,0,0,0,0,0,1,0,0,0,0.1590909090909091,0.2045454545454546,False
Q9NW07,568.0,3,1,17,17.0,0.02992957746478873,1,0,0,1,0,0,0,0,0,0,0,0,1,0,0,0,0,0,0,0,0,0,0.0,0.0,False
P08621,437.0,4,2,37,18.5,0.08466819221967964,2,0,0,0,0,1,0,1,0,0,0,0,0,0,0,0,0,0,0,0,1,0,0.32432432432432434,0.8648648648648649,False
A6NHQ2,334.0,2,2,74,37.0,0.2215568862275449,2,0,0,1,0,0,0,0,0,0,0,1,0,0,0,0,0,0,1,0,0,0,0.13513513513513514,0.21621621621621623,False
A6NFI3,1004.0,1,3,68,22.666666666666668,0.06772908366533864,3+,0,0,0,0,1,1,0,0,0,0,0,0,0,0,0,0,0,0,0,0,0,-0.6911764705882353,0.75,False
A0A087WVF4,1798.0,1,2,56,28.0,0.03114571746384872,2,0,0,0,0,1,1,0,0,0,0,0,0,0,1,0,0,0,0,0,0,0,-0.25,0.25,False
A0A0D9SF53,733.0,0,1,20,20.0,0.027285129604365622,1,0,0,0,0,1,0,0,0,0,0,0,0,0,0,0,1,0,0,0,0,0,0.1,0.1,False
A0A2R8Y4L2,320.0,2,1,15,15.0,0.046875,1,0,0,1,0,0,0,0,0,0,0,0,0,0,1,0,0,0,0,0,0,0,0.0,0.0,False
Q9HBD4,1679.0,1,4,81,20.25,0.048243001786777845,3+,0,0,1,1,1,1,0,0,0,1,0,1,0,0,0,0,0,0,0,0,0,-0.2222222222222222,0.5185185185185185,False
Q14839,1912.0,0,1,18,18.0,0.009414225941422594,1,0,0,0,0,1,0,0,0,0,0,0,1,0,0,0,0,0,0,0,0,0,0.05555555555555555,0.05555555555555555,False
Q9ULG1,1556.0,0,1,27,27.0,0.017352185089974295,1,0,0,0,0,1,0,0,0,0,0,0,1,0,0,0,0,0,0,0,0,0,0.03703703703703703,0.03703703703703703,False
A0A8I5KSH6,925.0,1,1,15,15.0,0.016216216216216217,1,0,0,0,0,1,1,0,0,0,0,0,0,0,0,0,0,0,0,0,0,0,-0.8,0.8,False
A0A8V8TR54,2114.0,1,5,107,21.4,0.05061494796594134,3+,0,0,0,0,1,1,0,0,0,0,0,1,0,0,0,0,0,0,0,0,0,-0.4485981308411215,0.48598130841121495,False
A0ABB0MN55,322.0,2,4,91,22.75,0.2826086956521739,3+,0,0,1,0,1,0,0,0,1,0,0,0,0,1,0,0,0,1,0,0,0,0.09890109890109888,0.09890109890109888,False
A0ABB0MV08,369.0,3,1,21,21.0,0.056910569105691054,1,0,0,0,1,0,0,0,0,1,0,0,0,0,0,0,0,0,0,0,0,0,0.047619047619047616,0.047619047619047616,False
A0ACI8Q806,498.0,0,1,16,16.0,0.0321285140562249,1,0,0,0,0,1,0,0,0,0,0,0,1,0,0,0,0,0,0,0,0,0,0.0,0.0,False
A0ACI8PX57,378.0,2,2,37,18.5,0.09788359788359788,2,0,1,1,0,0,0,0,0,1,0,0,0,0,1,0,0,0,0,0,0,0,0.0,0.0,False
A0ACI8QLY8,321.0,2,2,38,19.0,0.11838006230529595,2,1,0,1,0,0,0,0,0,0,0,0,1,0,0,0,0,0,1,0,0,0,0.10526315789473684,0.10526315789473684,False
A0ACI8QUJ1,752.0,0,1,21,21.0,0.027925531914893616,1,0,0,0,0,1,0,0,0,0,0,0,1,0,0,0,0,0,0,0,0,0,-0.1428571428571428,0.1428571428571428,False
A0ACI8RX58,750.0,1,4,134,33.5,0.17866666666666667,3+,1,0,1,0,1,1,0,0,0,0,0,0,0,0,0,0,0,1,0,0,0,-0.5298507462686567,0.6940298507462687,False
A0ACI8RR28,918.0,4,1,16,16.0,0.017429193899782137,1,0,0,0,0,1,0,0,0,0,0,0,0,0,0,0,0,0,1,0,0,0,0.5,0.5,False
A0ACI8QY88,715.0,0,3,63,21.0,0.08811188811188811,3+,0,0,0,0,1,0,0,0,0,0,0,1,0,0,0,1,0,0,0,0,0,0.015873015873015872,0.015873015873015872,False
A0ACI8T9E2,234.0,2,2,35,17.5,0.14957264957264957,2,0,0,1,0,0,0,0,0,1,0,0,0,0,1,0,0,0,0,0,0,0,0.11428571428571428,0.11428571428571428,False
A0ACI8TMU3,1055.0,0,1,29,29.0,0.027488151658767772,1,0,0,0,0,1,0,0,0,0,0,0,1,0,0,0,0,0,0,0,0,0,0.1379310344827586,0.1379310344827586,False
A0ACI8TSY6,1461.0,3,1,18,18.0,0.012320328542094456,1,0,0,1,0,0,0,0,0,0,0,0,1,0,0,0,0,0,0,0,0,0,0.0,0.0,False
A0ACI8TXE9,1448.0,1,1,15,15.0,0.010359116022099447,1,0,0,0,1,0,1,0,0,0,0,0,0,0,0,0,0,0,0,0,0,0,-0.6,0.6,False
A0ACI8U1B9,902.0,0,2,43,21.5,0.04767184035476718,2,0,0,0,0,1,0,0,0,0,0,0,0,0,1,0,0,0,0,0,0,0,0.0,0.0,False
A0ACI8UMC2,837.0,1,1,17,17.0,0.02031063321385902,1,0,0,0,0,0,1,0,0,0,0,0,0,0,0,0,0,0,0,0,0,0,-0.5882352941176471,0.5882352941176471,False
A0ACI8VCM9,1180.0,3,1,17,17.0,0.01440677966101695,1,0,0,1,0,0,0,0,0,0,0,0,1,0,0,0,0,0,0,0,0,0,0.0,0.0,False
A0ACI8VQD2,1043.0,1,1,12,12.0,0.011505273250239693,1,0,0,0,1,0,1,0,0,0,0,0,0,0,0,0,0,0,0,0,0,0,-0.9166666666666666,0.9166666666666666,False
A0ACI8VSD4,674.0,3,1,10,10.0,0.01483679525222552,1,0,0,0,1,0,0,0,0,1,0,0,0,0,0,0,0,0,0,0,0,0,0.0,0.0,False
O43251,390.0,3,1,15,15.0,0.038461538461538464,1,1,0,0,0,0,0,0,0,0,0,0,1,0,0,0,0,0,0,0,0,0,0.0,0.0,False
P09651,372.0,2,2,36,18.0,0.0967741935483871,2,0,1,1,0,0,0,0,0,1,0,0,0,0,1,0,0,0,0,0,0,0,0.0,0.0,False
P18615,380.0,4,1,48,48.0,0.12631578947368421,1,0,0,1,0,0,0,0,0,0,0,0,0,0,0,0,0,0,0,0,0,1,0.02083333333333333,0.9791666666666666,False
P22087,321.0,2,1,57,57.0,0.17757009345794392,1,0,0,1,0,0,0,0,0,0,0,0,0,0,0,0,0,0,1,0,0,0,0.1754385964912281,0.21052631578947373,False
P26651,326.0,2,1,17,17.0,0.05214723926380368,1,0,0,1,0,0,0,0,0,0,0,0,0,0,0,0,1,0,0,0,0,0,0.0,0.0,False
P29558,406.0,0,1,18,18.0,0.04433497536945813,1,0,0,1,0,0,0,0,0,0,0,0,1,0,0,0,0,0,0,0,0,0,0.0,0.0,False
P35637,526.0,2,6,143,23.833333333333332,0.2718631178707224,3+,0,0,1,1,1,0,0,0,0,0,1,0,0,1,0,0,0,1,0,0,0,0.1258741258741259,0.1958041958041958,False
P84103,164.0,4,1,16,16.0,0.0975609756097561,1,0,0,1,0,0,0,1,0,0,0,0,0,0,0,0,0,0,0,0,0,0,0.5625,0.5625,False
Q01130,221.0,4,2,66,33.0,0.2986425339366516,2,0,0,1,0,1,0,0,0,0,0,0,0,0,0,0,0,0,0,0,1,0,0.45454545454545453,0.45454545454545453,False
Q01844,656.0,2,4,79,19.75,0.12042682926829268,3+,0,0,1,1,0,0,0,0,0,0,0,1,0,0,0,0,0,1,0,0,0,0.16455696202531647,0.24050632911392406,False
Q05519,484.0,4,4,80,20.0,0.1652892561983471,3+,0,0,1,0,1,0,0,0,0,0,0,1,0,0,0,0,0,0,0,1,0,0.4,0.425,False
Q14011,172.0,2,1,21,21.0,0.12209302325581395,1,0,0,1,0,0,0,0,0,0,0,0,0,0,0,0,0,0,1,0,0,0,0.2857142857142857,0.2857142857142857,False
Q14671,1186.0,0,1,22,22.0,0.01854974704890388,1,0,0,0,0,1,0,0,0,0,0,0,1,0,0,0,0,0,0,0,0,0,0.0,0.0,False
Q15459,793.0,1,1,15,15.0,0.018915510718789406,1,1,0,0,0,0,1,0,0,0,0,0,0,0,0,0,0,0,0,0,0,0,-0.1333333333333333,0.9333333333333333,False
Q16629,238.0,4,1,22,22.0,0.09243697478991597,1,0,0,1,0,0,0,0,0,0,0,0,0,0,0,0,0,0,0,0,1,0,0.5,0.5,False
Q5VV67,1664.0,4,2,69,34.5,0.04146634615384615,2,0,0,1,0,1,0,0,0,0,0,0,0,0,0,0,0,0,0,0,1,0,0.2318840579710145,0.26086956521739124,False
Q659C4,914.0,4,1,16,16.0,0.0175054704595186,1,0,0,0,0,1,0,0,0,0,0,0,0,0,0,0,0,0,1,0,0,0,0.5,0.5,False
Q69YN4,1812.0,1,3,59,19.666666666666668,0.032560706401766004,3+,0,0,0,0,0,1,0,0,0,0,0,1,0,0,0,0,0,0,0,0,0,-0.6101694915254238,0.6101694915254238,False
Q7Z739,585.0,0,1,28,28.0,0.04786324786324787,1,0,0,0,0,1,0,0,0,0,0,0,0,0,0,0,1,0,0,0,0,0,0.0,0.0,False
Q86VM9,953.0,4,5,146,29.2,0.15320041972717732,3+,0,0,0,0,1,0,1,0,0,0,0,1,0,1,0,0,0,0,0,1,0,0.10958904109589039,0.273972602739726,False
Q8IX12,1150.0,0,2,37,18.5,0.03217391304347826,2,0,0,0,1,1,0,1,0,0,0,0,1,0,0,0,0,0,0,0,0,0,0.10810810810810811,0.3783783783783784,False
Q8IYB3,904.0,0,5,122,24.4,0.13495575221238937,3+,0,0,0,0,1,0,1,0,0,1,0,1,0,0,0,0,0,0,0,0,0,0.36885245901639346,0.4016393442622951,False
Q8N2M8,674.0,4,3,70,23.333333333333332,0.10385756676557864,3+,0,0,0,0,1,0,0,0,0,0,0,1,0,0,0,0,0,0,0,1,0,0.2714285714285714,0.3,False
Q8TB72,1066.0,0,1,19,19.0,0.017823639774859287,1,0,0,0,0,1,0,0,0,0,0,0,1,0,0,0,0,0,0,0,0,0,0.0,0.0,False
Q96AE4,644.0,0,1,16,16.0,0.024844720496894408,1,0,0,0,0,1,0,0,0,0,0,0,0,0,1,0,0,0,0,0,0,0,0.0,0.0,False
Q96EV2,1170.0,0,2,83,41.5,0.07094017094017094,2,0,0,0,0,0,0,0,0,1,0,0,1,0,0,0,0,0,0,0,0,0,0.0,0.0,False
Q96MU7,727.0,1,2,69,34.5,0.09491059147180192,2,0,0,0,0,1,1,0,0,0,0,0,0,0,0,0,0,0,0,0,0,0,-0.7971014492753623,0.7971014492753623,False
Q96N46,770.0,2,1,21,21.0,0.02727272727272727,1,0,0,0,0,0,0,0,0,0,0,0,0,0,0,0,1,0,0,0,0,0,-0.09523809523809523,0.09523809523809523,False
Q9H4Z3,704.0,2,1,15,15.0,0.02130681818181818,1,0,0,0,0,0,0,0,0,0,0,0,0,0,1,0,0,0,0,0,0,0,0.06666666666666667,0.06666666666666667,False
Q9HCJ0,1936.0,4,2,34,17.0,0.01756198347107438,2,0,0,0,0,1,0,0,0,0,1,0,0,0,0,0,0,0,0,0,0,1,0.14705882352941177,0.38235294117647056,False
Q9NR56,388.0,3,1,18,18.0,0.04639175257731959,1,0,0,1,0,0,0,0,0,0,0,0,1,0,0,0,0,0,0,0,0,0,0.0,0.0,False
Q9UKM9,306.0,0,1,33,33.0,0.10784313725490197,1,0,0,0,0,1,0,0,0,0,0,0,0,0,1,0,0,0,0,0,0,0,0.0303030303030303,0.1515151515151515,False
Q9UPT8,1303.0,0,2,52,26.0,0.039907904834996163,2,0,0,0,0,1,0,0,0,0,0,0,1,0,0,0,0,0,0,0,0,0,4.270088556250602e-18,0.03846153846153846,False
Q9UQ35,2752.0,0,2,78,39.0,0.028343023255813952,2,0,0,0,0,1,0,0,0,0,0,0,1,0,0,0,0,0,0,0,0,0,0.0,0.05128205128205128,False
Q9Y2U8,911.0,3,1,16,16.0,0.01756311745334797,1,0,0,0,0,0,0,0,0,0,0,0,1,0,0,0,0,0,0,0,0,0,0.0,0.0,True
