protein_id,protein_length,cluster_id,n_lcr,lcr_residues,mean_lcr_length,coverage,multiplicity_cat,pos__domain_intrinsic,pos__domain_edge,pos__domain_adjacent,pos__interdomain_linker,pos__distal_terminal,sig__acidic_region,sig__arginine_rich_rna_contact_region,sig__aromatic_aggregation_prone_region,sig__aromatic_sticker_region,sig__basic_enriched_region,sig__cation_pi_rich_neighborhood,sig__disorder_rich_spacer_region,sig__glutamine_rich_region,sig__glycine_rich_region,sig__gs_rich_neutral_region,sig__hydrophobic_region,sig__mixed_charge_polyampholyte,sig__polar_linker,sig__proline_rich_disordered_region,sig__rg_rgg_repeat_region,sig__serine_rich_region,sig__sr_rs_repeat_region,sig__unmapped_physicochemical_properties,ncpr,fcr,is_medoid
Q9Y2T7,364.0,0,2,45,22.5,0.12362637362637363,2,0,0,1,0,1,0,1,0,0,0,0,1,0,0,0,0,0,0,0,0,0,0,0,0.19999999999999996,0.19999999999999996,False
Q9H6S0,1430.0,0,2,45,22.5,0.03146853146853147,2,0,0,1,1,0,0,0,0,0,0,0,1,0,0,0,0,0,0,0,0,0,0,0,0.044444444444444446,0.08888888888888886,False
Q8N1G1,1221.0,1,2,36,18.0,0.029484029484029485,2,0,0,0,0,0,1,0,0,0,0,0,0,0,0,0,0,0,1,0,0,0,0,0,-0.08333333333333333,0.1388888888888889,False
Q9BRR8,931.0,4,2,60,30.0,0.0644468313641246,2,0,0,0,0,1,1,0,0,0,1,0,0,0,0,0,0,0,0,0,0,0,0,0,0.2666666666666666,0.6,False
Q9NW64,420.0,0,1,29,29.0,0.06904761904761905,1,0,0,0,0,1,0,0,0,1,0,0,0,0,0,0,0,0,0,0,0,0,0,0,0.0,0.0,False
Q9H501,851.0,1,1,34,34.0,0.0399529964747356,1,0,0,0,0,1,1,0,0,0,0,0,0,0,0,0,0,0,0,0,0,0,0,0,-0.7058823529411765,0.7647058823529411,False
Q8N8D1,485.0,0,5,160,32.0,0.32989690721649484,3+,0,0,0,0,0,0,1,0,1,0,1,0,0,0,0,0,0,0,0,0,0,0,0,0.1,0.2625,False
O00178,669.0,0,1,10,10.0,0.014947683109118086,1,0,0,0,0,1,0,0,0,0,0,0,1,0,0,0,0,0,0,0,0,0,0,0,0.1,0.1,False
O15371,548.0,1,1,18,18.0,0.032846715328467155,1,0,0,1,0,0,1,0,0,0,0,0,0,0,0,0,0,0,0,0,0,0,0,0,-0.9444444444444444,0.9444444444444444,False
Q86U42,306.0,0,3,95,31.666666666666668,0.3104575163398693,3+,0,0,0,0,1,1,0,0,0,0,0,1,0,0,0,0,0,0,0,0,0,0,0,-0.15789473684210525,0.2631578947368421,False
Q9H307,717.0,3,5,191,38.2,0.26638772663877264,3+,0,0,0,0,0,1,0,0,0,0,0,0,0,0,0,0,0,1,0,0,0,1,0,-0.04188481675392674,0.34554973821989526,False
O60828,265.0,4,1,33,33.0,0.12452830188679245,1,0,0,0,0,0,0,0,0,0,0,0,0,0,0,0,0,1,0,0,0,0,0,0,0.0,0.7878787878787878,False
O43719,755.0,4,2,35,17.5,0.046357615894039736,2,0,0,0,1,1,1,0,0,0,1,0,0,0,0,0,0,0,0,0,0,0,0,0,-0.05714285714285714,0.6857142857142857,False
P14866,589.0,2,3,64,21.333333333333332,0.10865874363327674,3+,0,1,1,0,0,0,0,0,1,0,0,1,0,0,0,0,0,0,0,0,0,0,0,0.03125000000000001,0.09375,False
Q15428,464.0,0,1,86,86.0,0.1853448275862069,1,0,0,1,0,0,0,0,0,0,0,0,1,0,0,0,0,0,0,0,0,0,0,0,0.0,0.02325581395348837,False
Q9NW13,759.0,1,1,32,32.0,0.04216073781291173,1,0,0,0,1,0,1,0,0,0,0,0,0,0,0,0,0,0,0,0,0,0,0,0,-0.78125,0.84375,False
Q9H6R0,707.0,2,1,12,12.0,0.016973125884016973,1,0,0,1,0,0,0,0,0,0,0,0,1,0,0,0,0,0,0,0,0,0,0,0,0.1666666666666667,0.1666666666666667,False
Q9Y5J1,556.0,0,1,29,29.0,0.052158273381294966,1,0,0,0,0,0,0,0,0,0,0,0,1,0,0,0,0,0,0,0,0,0,0,0,0.1379310344827586,0.1379310344827586,False
Q7Z417,695.0,0,2,84,42.0,0.12086330935251799,2,1,0,1,0,0,0,0,0,1,0,0,1,0,0,0,0,0,0,0,0,0,0,0,0.0,0.023809523809523808,False
P84098,196.0,4,1,14,14.0,0.07142857142857142,1,1,0,0,0,0,0,1,0,0,0,0,0,0,0,0,0,0,0,0,0,0,0,0,0.5,0.5,False
Q9NY12,217.0,2,2,106,53.0,0.48847926267281105,2,0,0,1,0,0,0,0,0,0,0,0,0,0,0,0,0,0,0,0,1,0,0,0,0.19811320754716985,0.19811320754716985,False
P16989,372.0,0,3,66,22.0,0.1774193548387097,3+,0,0,1,0,1,0,1,0,0,0,0,1,0,0,0,0,0,0,0,0,0,0,0,0.18181818181818182,0.30303030303030304,False
A0A499FI31,981.0,0,2,57,28.5,0.0581039755351682,2,0,1,0,1,0,0,1,0,0,0,0,1,0,0,0,0,0,0,0,0,0,0,0,0.12280701754385968,0.40350877192982454,False
Q5XG87,792.0,0,4,125,31.25,0.15782828282828282,3+,0,0,0,0,1,0,0,0,0,0,0,1,0,0,1,0,0,0,0,0,0,0,0,-0.016,0.08,False
O43818,475.0,1,1,29,29.0,0.061052631578947365,1,0,0,0,0,0,1,0,0,0,0,0,0,0,0,0,0,0,0,0,0,0,0,0,-0.3103448275862069,0.5862068965517241,False
Q96EP5,407.0,0,2,60,30.0,0.14742014742014742,2,0,0,0,0,1,0,0,0,1,0,0,1,0,0,0,0,0,0,0,0,0,0,0,-3.7007434154171884e-18,0.03333333333333333,False
Q4ZG55,1949.0,0,4,88,22.0,0.04515135967162647,3+,1,0,0,0,1,1,0,0,0,0,0,1,0,0,1,0,0,0,0,0,0,0,0,-0.045454545454545456,0.1590909090909091,False
Q8NHQ9,600.0,4,1,26,26.0,0.043333333333333335,1,0,0,0,0,1,0,0,0,0,1,0,0,0,0,0,0,0,0,0,0,0,0,0,0.4230769230769231,0.6538461538461539,False
Q13148,414.0,2,1,31,31.0,0.0748792270531401,1,0,0,1,0,0,0,0,0,1,0,0,0,0,0,0,0,0,0,0,0,0,0,0,0.06451612903225806,0.1290322580645161,False
Q13247,344.0,3,3,126,42.0,0.36627906976744184,3+,0,0,1,1,1,0,0,0,0,0,0,0,0,0,1,0,0,0,0,0,0,1,0,0.365079365079365,0.4126984126984127,False
Q8WVK2,155.0,3,1,64,64.0,0.4129032258064516,1,0,0,1,0,0,0,0,0,0,0,0,0,0,0,0,0,0,0,0,0,0,1,0,0.390625,0.578125,False
O00566,681.0,1,1,32,32.0,0.04698972099853157,1,1,0,0,0,0,1,0,0,0,0,0,0,0,0,0,0,0,0,0,0,0,0,0,-0.53125,0.71875,False
Q96EU6,259.0,0,1,25,25.0,0.09652509652509653,1,0,0,0,0,1,0,0,0,0,0,0,1,0,0,0,0,0,0,0,0,0,0,0,0.08,0.4,False
P09234,159.0,0,2,84,42.0,0.5283018867924528,2,0,0,1,0,1,0,0,0,0,0,0,1,0,0,0,0,0,0,0,0,0,0,0,0.07142857142857141,0.07142857142857141,False
Q9BZI7,483.0,4,2,79,39.5,0.16356107660455488,2,0,1,0,0,1,0,1,0,0,0,0,1,0,0,0,0,0,0,0,0,0,0,0,0.16455696202531644,0.7974683544303798,False
Q92797,1274.0,0,1,25,25.0,0.019623233908948195,1,0,0,0,0,1,0,0,0,0,0,0,0,0,0,1,0,0,0,0,0,0,0,0,0.08,0.08,False
Q8IWZ8,645.0,0,1,23,23.0,0.03565891472868217,1,0,0,0,0,1,0,0,0,0,0,0,1,0,0,0,0,0,0,0,0,0,0,0,0.0,0.08695652173913043,True
P51116,673.0,3,3,62,20.666666666666668,0.09212481426448738,3+,1,0,1,0,1,0,1,0,1,0,0,0,0,0,0,0,0,0,0,0,0,0,0,0.2903225806451613,0.41935483870967744,False
Q7Z478,1369.0,0,1,8,8.0,0.005843681519357195,1,0,1,0,0,0,0,0,0,0,0,0,1,0,0,0,0,0,0,0,0,0,0,0,0.125,0.125,False
Q14151,953.0,4,3,106,35.333333333333336,0.11122770199370409,3+,0,0,1,0,1,0,0,0,0,0,0,1,0,0,0,0,1,0,0,0,0,0,0,0.0660377358490566,0.7075471698113207,False
Q9BQ67,446.0,1,1,14,14.0,0.03139013452914798,1,0,0,0,0,0,1,0,0,0,0,0,0,0,0,0,0,0,0,0,0,0,0,0,-0.9285714285714286,0.9285714285714286,False
Q8WUA2,492.0,4,1,18,18.0,0.036585365853658534,1,0,0,0,0,1,0,0,0,0,1,0,0,0,0,0,0,0,0,0,0,0,0,0,0.2777777777777778,0.3888888888888889,False
Q96EY7,689.0,1,1,17,17.0,0.02467343976777939,1,0,0,0,0,0,1,0,0,0,0,0,0,0,0,0,0,0,0,0,0,0,0,0,-0.3529411764705883,0.3529411764705883,False
Q12849,480.0,0,2,54,27.0,0.1125,2,0,0,1,0,1,0,0,0,0,0,0,1,0,0,0,0,0,0,0,0,0,0,0,0.11111111111111115,0.11111111111111115,False
Q9NQZ2,479.0,1,1,28,28.0,0.05845511482254697,1,0,0,0,0,1,1,0,0,0,0,0,0,0,0,0,0,0,0,0,0,0,0,0,-0.21428571428571427,0.5,False
O95218,330.0,3,3,165,55.0,0.5,3+,0,0,0,0,1,1,0,0,0,0,0,0,0,0,0,0,0,0,0,0,0,1,0,0.23030303030303031,0.4484848484848485,False
Q96MP5,696.0,0,1,16,16.0,0.022988505747126436,1,0,0,0,0,1,0,0,0,0,0,0,1,0,0,0,0,0,0,0,0,0,0,0,0.0,0.0,False
O15397,1037.0,1,1,17,17.0,0.01639344262295082,1,0,0,0,0,1,1,0,0,0,0,0,0,0,0,0,0,0,0,0,0,0,0,0,-0.7647058823529411,0.7647058823529411,False
Q8NAV1,312.0,3,2,106,53.0,0.33974358974358976,2,0,0,1,0,0,1,0,0,0,0,0,0,0,0,0,0,0,0,0,0,0,1,0,0.2169811320754717,0.5377358490566038,False
Q86YF9,867.0,0,1,32,32.0,0.03690888119953864,1,0,0,0,0,0,0,0,0,0,0,0,1,0,0,0,0,0,0,0,0,0,0,0,-0.0625,0.0625,False
O43347,362.0,0,1,8,8.0,0.022099447513812154,1,0,0,0,0,1,0,0,0,0,0,0,1,0,0,0,0,0,0,0,0,0,0,0,0.0,0.0,False
Q96K80,434.0,0,3,79,26.333333333333332,0.18202764976958524,3+,0,0,1,0,1,0,0,0,0,0,0,1,0,0,1,0,0,0,0,0,0,0,0,-0.02531645569620253,0.02531645569620253,False
Q07955,248.0,3,2,83,41.5,0.3346774193548387,2,0,0,1,1,0,0,0,0,0,0,1,0,0,0,0,0,0,0,0,0,0,1,0,0.2891566265060241,0.3132530120481928,False
Q96RS0,853.0,4,1,14,14.0,0.016412661195779603,1,0,0,0,0,1,0,0,0,0,1,0,0,0,0,0,0,0,0,0,0,0,0,0,0.5714285714285714,0.7142857142857143,False
O60563,726.0,0,3,55,18.333333333333332,0.07575757575757576,3+,0,0,0,0,0,0,0,0,1,0,0,1,0,0,0,0,0,0,0,0,0,0,0,0.05454545454545454,0.16363636363636366,False
P49790,1475.0,0,2,36,18.0,0.02440677966101695,2,0,0,1,0,1,0,0,0,1,0,0,1,0,0,0,0,0,0,0,0,0,0,0,0.027777777777777776,0.027777777777777776,False
O15105,426.0,2,2,43,21.5,0.10093896713615023,2,0,0,0,0,0,1,0,0,1,0,0,0,0,0,0,0,0,0,0,0,0,0,0,-0.09302325581395349,0.23255813953488372,False
Q14562,1220.0,3,2,73,36.5,0.05983606557377049,2,0,0,1,1,0,1,0,0,0,0,0,0,0,0,0,0,0,0,0,0,0,1,0,0.1232876712328767,0.6986301369863014,False
Q8TDI0,1954.0,4,6,128,21.333333333333332,0.06550665301944729,3+,0,0,0,0,1,1,0,0,0,1,0,1,0,0,0,0,1,0,0,0,0,0,0,0.140625,0.640625,False
Q6ZRS2,3230.0,0,9,266,29.555555555555557,0.08235294117647059,3+,0,0,0,1,1,1,1,0,0,0,0,1,0,0,1,0,0,0,1,0,0,0,0,-0.24060150375939848,0.2857142857142857,False
O15047,1707.0,0,9,296,32.888888888888886,0.17340363210310486,3+,0,0,0,0,1,1,1,0,0,0,0,1,0,0,0,0,0,0,0,0,0,0,0,-0.13513513513513514,0.2635135135135135,False
Q8IXZ2,948.0,0,1,22,22.0,0.023206751054852322,1,0,0,0,0,1,0,0,0,0,0,0,1,0,0,0,0,0,0,0,0,0,0,0,0.04545454545454546,0.04545454545454546,False
Q9UKV3,1341.0,3,9,295,32.77777777777778,0.21998508575689785,3+,0,0,1,0,1,1,0,0,1,0,0,1,0,0,0,0,1,0,0,0,0,1,0,-0.05423728813559322,0.5559322033898305,False
Q92900,1129.0,0,1,26,26.0,0.023029229406554472,1,0,0,1,0,0,0,0,0,0,0,0,1,0,0,0,0,0,0,0,0,0,0,0,0.0,0.0,False
Q9UPR6,939.0,2,1,35,35.0,0.03727369542066028,1,0,0,1,0,0,0,0,0,1,0,0,0,0,0,0,0,0,0,0,0,0,0,0,0.0,0.0,False
Q9NVP1,670.0,4,1,9,9.0,0.013432835820895522,1,0,0,0,0,1,0,0,0,0,1,0,0,0,0,0,0,0,0,0,0,0,0,0,0.8888888888888888,0.8888888888888888,False
Q9UNW9,492.0,0,3,158,52.666666666666664,0.32113821138211385,3+,0,0,0,1,0,0,0,0,0,0,0,1,0,0,0,0,0,0,0,0,0,0,0,-0.0189873417721519,0.03164556962025317,False
Q9BSC4,688.0,1,1,38,38.0,0.055232558139534885,1,0,0,1,0,0,1,0,0,0,0,0,0,0,0,0,0,0,0,0,0,0,0,0,-0.1052631578947368,0.5789473684210527,False
O60583,730.0,0,3,78,26.0,0.10684931506849316,3+,0,0,0,0,0,0,0,0,1,0,0,1,0,0,1,0,0,0,0,0,0,0,0,0.07692307692307693,0.15384615384615385,False
Q15032,1099.0,0,2,42,21.0,0.03821656050955414,2,0,0,0,0,1,0,0,0,0,0,0,1,0,0,0,0,0,0,0,0,0,0,0,0.0,0.0,False
O43432,1585.0,0,3,82,27.333333333333332,0.051735015772870666,3+,0,0,0,0,1,1,0,0,1,0,0,1,0,0,0,0,0,0,0,0,0,0,0,-0.0975609756097561,0.12195121951219512,False
Q8NC60,698.0,0,2,53,26.5,0.07593123209169055,2,0,0,0,0,1,1,0,0,0,0,0,1,0,0,0,0,0,0,0,0,0,0,0,-0.018867924528301886,0.4339622641509434,False
Q9Y2X3,529.0,4,2,63,31.5,0.11909262759924386,2,0,0,0,0,1,0,0,0,0,1,0,0,0,0,0,0,1,0,0,0,0,0,0,0.047619047619047616,0.6825396825396826,False
O15234,703.0,0,2,59,29.5,0.08392603129445235,2,0,0,0,0,1,0,0,0,0,0,0,1,0,0,1,0,0,0,0,0,0,0,0,-0.06779661016949151,0.1694915254237288,False
Q9UBK2,798.0,3,1,53,53.0,0.06641604010025062,1,0,0,0,0,1,0,0,0,0,0,0,0,0,0,0,0,0,0,0,0,0,1,0,0.2452830188679245,0.2830188679245283,False
Q96KR1,1074.0,0,5,145,29.0,0.13500931098696461,3+,0,0,1,1,1,0,0,0,1,0,0,1,0,0,0,0,0,0,0,0,0,0,0,-3.0626842058625008e-18,0.1793103448275862,False
Q17RY0,729.0,0,2,65,32.5,0.08916323731138547,2,0,0,0,0,1,0,0,0,1,0,0,0,0,0,1,0,0,0,0,0,0,0,0,0.046153846153846156,0.046153846153846156,False
Q9P2N5,1060.0,0,4,97,24.25,0.09150943396226414,3+,0,0,0,1,1,1,0,0,0,0,0,1,0,0,0,0,0,0,0,1,0,0,0,0.10309278350515463,0.28865979381443296,False
P51531,1590.0,0,7,228,32.57142857142857,0.14339622641509434,3+,0,1,1,0,1,1,1,0,0,1,0,1,0,0,0,0,0,1,0,0,0,0,0,-0.03947368421052632,0.29385964912280704,False
P31942,346.0,2,3,91,30.333333333333332,0.2630057803468208,3+,0,0,1,1,0,0,0,0,1,0,0,0,0,0,1,0,0,0,0,0,0,0,0,-0.04395604395604396,0.15384615384615385,False
Q8TBF4,217.0,1,1,34,34.0,0.15668202764976957,1,0,0,1,0,0,1,0,0,0,0,0,0,0,0,0,0,0,0,0,0,0,0,0,-0.1176470588235294,0.7058823529411765,False
Q5T8P6,1007.0,3,4,177,44.25,0.17576961271102284,3+,0,0,0,1,0,0,0,0,0,0,0,1,0,0,0,0,0,0,0,1,0,1,0,0.1638418079096045,0.3333333333333333,False
A7MD48,611.0,3,5,262,52.4,0.4288052373158756,3+,1,1,1,0,1,0,1,0,0,0,0,0,0,0,0,0,0,0,0,0,0,1,0,0.29770992366412213,0.37404580152671757,False
Q5VZF2,373.0,0,1,25,25.0,0.06702412868632708,1,0,0,1,0,0,0,0,0,0,0,0,1,0,0,0,0,0,0,0,0,0,0,0,0.08,0.08,False
A0A0A0MQW0,576.0,2,1,22,22.0,0.03819444444444445,1,0,0,0,1,0,0,0,0,0,0,0,0,0,1,0,0,0,0,0,0,0,0,0,-0.04545454545454546,0.04545454545454546,False
P37108,136.0,2,1,34,34.0,0.25,1,0,0,1,0,0,0,0,0,0,0,0,1,0,0,0,0,0,0,0,0,0,0,0,0.1176470588235294,0.1176470588235294,False
Q92620,1227.0,3,1,40,40.0,0.032599837000814993,1,0,0,0,0,1,0,0,0,0,0,0,0,0,0,0,0,0,0,0,0,0,1,0,0.125,0.675,False
Q8WYQ9,949.0,0,3,54,18.0,0.05690200210748156,3+,0,0,0,0,1,0,0,0,1,0,0,1,0,0,0,0,0,0,0,0,0,0,0,0.0,0.037037037037037035,False
O43823,692.0,0,1,13,13.0,0.01878612716763006,1,0,0,0,0,1,0,0,0,0,0,0,0,0,0,0,0,1,0,0,0,0,0,0,0.0,0.3076923076923077,False
Q96L12,384.0,1,1,14,14.0,0.036458333333333336,1,0,0,0,0,1,1,0,0,0,0,0,0,0,0,0,0,0,0,0,0,0,0,0,-0.21428571428571427,0.7857142857142857,False
Q9H0W8,520.0,0,3,42,14.0,0.08076923076923077,3+,0,0,0,0,0,0,0,0,0,0,0,1,0,0,0,0,0,0,0,0,0,0,0,0.0,0.047619047619047616,False
Q15427,424.0,0,3,180,60.0,0.42452830188679247,3+,0,0,1,0,1,0,0,0,1,0,0,1,0,0,0,0,0,0,0,0,0,0,0,0.05555555555555554,0.05555555555555554,False
Q9HC10,1997.0,1,2,52,26.0,0.026039058587881823,2,0,0,0,0,1,1,0,0,0,0,0,0,0,0,0,1,0,0,0,0,0,0,0,-0.0769230769230769,0.4230769230769231,False
P82675,430.0,4,1,19,19.0,0.044186046511627906,1,1,0,0,0,0,0,1,0,0,0,0,0,0,0,0,0,0,0,0,0,0,0,0,0.47368421052631576,0.5789473684210527,False
Q96HR8,494.0,0,3,70,23.333333333333332,0.1417004048582996,3+,0,0,0,0,1,0,0,0,1,0,0,1,0,0,0,0,0,0,0,0,0,0,0,-0.11428571428571431,0.14285714285714288,False
Q96NC0,199.0,4,1,27,27.0,0.135678391959799,1,0,0,0,1,0,0,0,0,0,1,0,0,0,0,0,0,0,0,0,0,0,0,0,0.1481481481481481,0.7407407407407407,False
Q5C9Z4,860.0,2,2,59,29.5,0.0686046511627907,2,0,0,0,0,1,0,1,0,0,0,0,0,0,0,0,0,0,0,0,1,0,0,0,0.288135593220339,0.288135593220339,False
P49589,748.0,4,1,35,35.0,0.04679144385026738,1,0,0,0,0,1,0,1,0,0,0,0,0,0,0,0,0,0,0,0,0,0,0,0,0.11428571428571428,0.6857142857142857,False
Q8IZD4,617.0,0,1,10,10.0,0.01620745542949757,1,0,0,0,1,0,0,0,0,1,0,0,0,0,0,0,0,0,0,0,0,0,0,0,0.0,0.0,False
Q9H361,631.0,0,1,23,23.0,0.03645007923930269,1,0,0,0,1,0,0,0,0,0,0,0,1,0,0,0,0,0,0,0,0,0,0,0,0.08695652173913043,0.08695652173913043,False
Q8TBY0,533.0,2,1,15,15.0,0.028142589118198873,1,0,0,1,0,0,0,0,0,1,0,0,0,0,0,0,0,0,0,0,0,0,0,0,0.0,0.1333333333333333,False
Q5T200,1668.0,4,7,365,52.142857142857146,0.21882494004796163,3+,0,0,0,0,1,0,1,0,1,1,0,0,0,0,0,0,1,0,0,0,0,1,1,0.06575342465753424,0.5698630136986301,False
Q2TBE0,894.0,4,1,28,28.0,0.03131991051454139,1,0,0,0,0,1,0,0,0,0,1,0,0,0,0,0,0,0,0,0,0,0,0,0,0.5357142857142857,0.75,False
P47974,494.0,0,3,127,42.333333333333336,0.25708502024291496,3+,0,0,0,0,1,0,0,0,0,0,0,1,0,0,1,0,0,0,0,0,0,0,0,-0.02362204724409448,0.07086614173228346,False
P83369,360.0,2,1,30,30.0,0.08333333333333333,1,0,0,0,0,1,0,0,0,0,0,0,0,0,0,0,0,0,0,0,1,0,0,0,0.1666666666666667,0.1666666666666667,False
O95104,1147.0,0,7,300,42.857142857142854,0.26155187445510025,3+,0,0,1,0,1,0,0,0,1,0,1,1,0,0,0,0,0,0,0,0,0,1,0,0.08666666666666667,0.21333333333333335,False
O43541,496.0,1,1,21,21.0,0.04233870967741935,1,0,0,0,0,0,1,0,0,0,0,0,0,0,0,0,0,0,0,0,0,0,0,0,-0.23809523809523808,0.3333333333333333,False
O60841,1220.0,4,5,178,35.6,0.14590163934426228,3+,0,0,0,0,1,1,0,0,0,1,0,1,0,0,0,0,1,0,0,0,0,0,0,-0.16292134831460675,0.7359550561797753,False
Q9UKZ1,510.0,0,1,41,41.0,0.0803921568627451,1,0,0,0,0,1,0,0,0,0,0,0,0,0,0,1,0,0,0,0,0,0,0,0,0.07317073170731707,0.1219512195121951,False
Q86SE8,214.0,1,1,22,22.0,0.102803738317757,1,0,0,1,0,0,1,0,0,0,0,0,0,0,0,0,0,0,0,0,0,0,0,0,-0.9090909090909091,0.9090909090909091,False
Q5SZQ8,465.0,0,1,34,34.0,0.07311827956989247,1,0,0,0,1,0,0,0,0,0,0,0,1,0,0,0,0,0,0,0,0,0,0,0,0.0,0.0,False
Q15269,919.0,1,1,17,17.0,0.018498367791077257,1,0,0,0,0,1,1,0,0,0,0,0,0,0,0,0,0,0,0,0,0,0,0,0,-0.5294117647058824,0.7647058823529411,False
Q15424,915.0,4,2,62,31.0,0.06775956284153005,2,0,0,0,0,1,0,0,0,0,0,0,0,0,0,0,0,1,0,0,0,0,0,0,0.016129032258064516,0.6612903225806451,False
Q9NQ29,371.0,3,1,79,79.0,0.21293800539083557,1,0,1,0,0,0,0,0,0,0,0,0,0,0,0,0,0,0,0,0,0,0,1,0,0.3670886075949367,0.6455696202531646,False
Q9HCJ3,691.0,0,1,34,34.0,0.049204052098408106,1,0,0,1,0,0,0,0,0,0,0,0,1,0,0,0,0,0,0,0,0,0,0,0,-0.02941176470588235,0.08823529411764706,False
O14979,420.0,2,1,30,30.0,0.07142857142857142,1,0,0,1,0,0,0,0,0,0,0,0,0,0,0,0,0,0,0,0,1,0,0,0,0.2333333333333333,0.2333333333333333,False
Q96IZ7,334.0,3,3,134,44.666666666666664,0.40119760479041916,3+,0,0,0,0,0,0,0,0,0,0,0,0,0,0,0,0,0,0,0,0,0,1,0,0.35074626865671643,0.5447761194029851,False
A0AV96,593.0,0,1,16,16.0,0.026981450252951095,1,0,0,0,0,1,0,0,0,0,0,0,1,0,0,0,0,0,0,0,0,0,0,0,0.0,0.0,False
Q8TAD8,396.0,1,1,25,25.0,0.06313131313131314,1,0,0,0,0,0,1,0,0,0,0,0,0,0,0,0,0,0,0,0,0,0,0,0,-0.52,0.68,False
O14776,1098.0,0,5,232,46.4,0.21129326047358835,3+,0,0,0,0,0,1,0,0,1,0,1,1,0,0,0,0,0,0,0,0,0,0,1,-0.03017241379310345,0.11637931034482758,False
O95391,586.0,4,1,40,40.0,0.06825938566552901,1,0,0,0,0,1,0,0,0,0,1,0,0,0,0,0,0,0,0,0,0,0,0,0,0.2,0.7,False
Q8TA86,221.0,4,1,42,42.0,0.19004524886877827,1,0,0,0,0,0,0,0,0,0,1,0,0,0,0,0,0,0,0,0,0,0,0,0,0.47619047619047616,0.7142857142857143,False
Q14296,549.0,0,1,28,28.0,0.051001821493624776,1,0,0,0,0,1,0,0,0,0,0,0,1,0,0,0,0,0,0,0,0,0,0,0,0.1071428571428571,0.25,False
O94913,1555.0,0,1,36,36.0,0.02315112540192926,1,0,1,0,0,0,0,0,0,0,0,0,0,0,0,0,0,1,0,0,0,0,0,0,0.027777777777777776,0.3055555555555556,False
Q8WWH5,349.0,0,1,31,31.0,0.08882521489971347,1,0,0,0,0,1,0,0,0,0,0,0,1,0,0,0,0,0,0,0,0,0,0,0,0.03225806451612903,0.0967741935483871,False
Q9P2I0,782.0,4,1,30,30.0,0.03836317135549872,1,0,0,0,1,0,0,0,0,0,0,0,0,0,0,0,0,1,0,0,0,0,0,0,0.0,0.6,False
Q6ZRY4,209.0,2,1,15,15.0,0.07177033492822966,1,0,0,1,0,0,0,0,0,0,0,0,0,0,0,1,0,0,0,0,0,0,0,0,0.0,0.0,False
P62314,119.0,2,1,23,23.0,0.19327731092436976,1,0,0,1,0,0,0,0,0,0,0,0,0,0,0,0,0,0,0,0,1,0,0,0,0.4347826086956523,0.4347826086956523,False
Q2NL82,804.0,1,1,26,26.0,0.03233830845771144,1,0,0,0,0,1,1,0,0,0,0,0,0,0,0,0,0,0,0,0,0,0,0,0,-0.6153846153846154,0.6153846153846154,False
Q15287,305.0,3,2,143,71.5,0.46885245901639344,2,0,0,1,0,0,0,0,0,0,0,0,0,0,0,0,0,0,0,0,0,0,1,0,0.27972027972027974,0.2937062937062937,False
Q1KMD3,747.0,1,3,93,31.0,0.12449799196787148,3+,0,0,1,0,1,1,1,0,0,0,0,1,0,0,0,0,0,0,0,0,0,0,0,-0.21505376344086022,0.43010752688172044,False
P51608,486.0,0,3,79,26.333333333333332,0.16255144032921812,3+,0,0,1,0,1,0,0,0,0,1,0,1,0,0,0,0,0,0,0,0,0,0,0,0.02531645569620254,0.379746835443038,False
P17480,764.0,1,1,89,89.0,0.11649214659685864,1,0,0,0,0,0,1,0,0,0,0,0,0,0,0,0,0,0,0,0,0,0,0,0,-0.6292134831460674,0.651685393258427,False
Q15696,482.0,3,2,111,55.5,0.23029045643153526,2,0,0,1,0,1,0,0,0,0,0,0,0,0,0,0,0,1,0,0,0,0,1,0,0.20720720720720723,0.6036036036036037,False
Q7Z570,1209.0,0,1,13,13.0,0.010752688172043012,1,0,0,0,0,1,0,0,0,0,0,0,1,0,0,0,0,0,0,0,0,0,0,0,0.0,0.0,False
O75526,392.0,2,2,68,34.0,0.17346938775510204,2,0,0,0,1,1,0,0,0,0,0,0,0,0,0,1,0,0,0,0,1,0,0,0,0.19117647058823534,0.33823529411764713,False
Q9BRZ2,755.0,0,1,23,23.0,0.030463576158940398,1,0,0,0,0,0,0,0,0,0,0,0,1,0,0,0,0,0,0,0,0,0,0,0,-0.08695652173913043,0.4347826086956523,False
Q16637,294.0,0,3,70,23.333333333333332,0.23809523809523808,3+,0,0,1,0,1,0,0,0,1,0,0,1,0,0,0,0,0,0,0,0,0,0,0,0.07142857142857141,0.07142857142857141,False
Q9NZJ5,1116.0,0,1,29,29.0,0.025985663082437275,1,0,0,0,0,0,0,0,0,0,0,0,0,0,0,0,0,0,0,0,0,0,0,1,0.1379310344827586,0.1379310344827586,False
P26368,475.0,3,1,40,40.0,0.08421052631578947,1,0,0,0,0,1,0,0,0,0,0,0,0,0,0,0,0,0,0,0,0,0,1,0,0.45,0.65,False
F5H0R1,912.0,0,1,25,25.0,0.027412280701754384,1,0,0,1,0,0,0,0,0,0,0,0,1,0,0,0,0,0,0,0,0,0,0,0,0.0,0.0,False
Q9UNX4,943.0,4,2,51,25.5,0.05408271474019088,2,0,0,0,0,1,1,0,0,0,1,0,0,0,0,0,0,0,0,0,0,0,0,0,0.09803921568627451,0.5686274509803921,False
Q6L8Q7,609.0,0,1,12,12.0,0.019704433497536946,1,0,0,0,0,1,0,0,0,0,0,0,0,0,0,0,0,0,1,0,0,0,0,0,0.0,0.0,False
Q9BWF3,364.0,0,1,18,18.0,0.04945054945054945,1,0,0,0,0,1,0,0,0,0,0,0,1,0,0,0,0,0,0,0,0,0,0,0,0.0,0.0,False
Q969S3,477.0,1,1,26,26.0,0.05450733752620545,1,0,0,0,0,1,1,0,0,0,0,0,0,0,0,0,0,0,0,0,0,0,0,0,-0.6923076923076923,0.6923076923076923,False
Q32MZ4,808.0,4,2,36,18.0,0.04455445544554455,2,0,1,0,0,1,0,1,0,0,1,0,0,0,0,0,0,0,0,0,0,0,0,0,0.3611111111111111,0.5277777777777778,False
O43290,800.0,0,2,61,30.5,0.07625,2,0,0,0,0,1,0,0,0,0,0,0,1,0,0,0,0,0,0,0,1,0,0,0,0.14754098360655737,0.37704918032786877,False
Q9BQ04,359.0,0,2,39,19.5,0.10863509749303621,2,0,0,1,0,1,0,0,0,1,0,0,1,0,0,0,0,0,0,0,0,0,0,0,0.05128205128205128,0.10256410256410255,False
Q9BUQ8,820.0,1,3,121,40.333333333333336,0.1475609756097561,3+,0,0,0,0,1,1,1,0,0,0,0,0,0,0,0,0,0,0,0,0,0,1,0,0.18181818181818177,0.7272727272727273,False
Q8IY37,1157.0,0,2,60,30.0,0.05185825410544512,2,0,0,1,0,1,1,0,0,0,0,0,1,0,0,0,0,0,0,0,0,0,0,0,-0.3,0.36666666666666664,False
Q96PK6,669.0,0,2,55,27.5,0.08221225710014948,2,0,0,0,0,1,0,0,0,1,0,0,0,0,0,0,0,0,0,0,0,0,0,0,0.0,0.0,False
Q9UHB9,627.0,0,1,27,27.0,0.0430622009569378,1,0,0,0,0,0,0,0,0,0,0,0,0,0,0,1,0,0,0,0,0,0,0,0,0.03703703703703703,0.03703703703703703,False
Q86YN6,1023.0,1,3,78,26.0,0.07624633431085044,3+,0,0,0,0,1,1,0,0,0,0,0,1,0,0,0,0,0,0,0,0,0,0,0,-0.48717948717948717,0.5384615384615384,False
Q14103,355.0,0,2,63,31.5,0.17746478873239438,2,1,1,0,0,0,0,0,0,0,0,0,1,0,0,1,0,0,0,0,0,0,0,0,-0.11111111111111108,0.11111111111111108,False
Q07666,443.0,2,2,51,25.5,0.11512415349887133,2,0,0,0,0,1,0,0,0,0,0,0,0,0,0,1,0,0,0,0,1,0,0,0,0.23529411764705882,0.23529411764705882,False
Q13064,507.0,0,1,25,25.0,0.04930966469428008,1,0,0,0,0,0,0,0,0,0,0,0,1,0,0,0,0,0,0,0,0,0,0,0,-0.2,0.28,False
Q8NBJ9,832.0,0,1,21,21.0,0.025240384615384616,1,1,0,0,0,0,0,0,0,0,0,0,0,0,0,0,1,0,0,0,0,0,0,0,0.0,0.0,False
Q13151,305.0,2,4,126,31.5,0.4131147540983607,3+,0,0,1,0,1,0,0,0,0,0,0,0,0,0,1,0,0,0,0,1,0,0,0,0.07936507936507936,0.09523809523809522,False
Q15022,739.0,2,1,61,61.0,0.08254397834912043,1,0,0,0,0,0,0,0,0,0,0,0,0,0,0,1,0,0,0,0,0,0,0,0,0.01639344262295082,0.01639344262295082,False
Q8N2A8,252.0,0,1,17,17.0,0.06746031746031746,1,0,0,0,0,0,0,0,0,0,0,0,1,0,0,0,0,0,0,0,0,0,0,0,0.1176470588235294,0.2352941176470588,False
Q7Z6E9,1792.0,0,7,261,37.285714285714285,0.14564732142857142,3+,0,0,0,0,1,0,0,0,1,1,0,1,0,0,0,0,0,0,0,0,0,1,0,0.18773946360153257,0.28735632183908044,False
Q9Y3T9,749.0,1,1,21,21.0,0.028037383177570093,1,0,0,0,0,1,1,0,0,0,0,0,0,0,0,0,0,0,0,0,0,0,0,0,-0.6666666666666666,0.6666666666666666,False
Q96I24,572.0,0,1,19,19.0,0.033216783216783216,1,0,0,0,0,1,0,0,0,0,0,0,0,0,0,0,0,0,1,0,0,0,0,0,0.0,0.0,False
P19338,710.0,1,5,186,37.2,0.2619718309859155,3+,0,0,1,0,1,1,0,0,0,0,0,0,0,0,0,0,0,0,0,1,0,0,0,-0.5161290322580645,0.6559139784946236,False
Q13435,895.0,0,4,93,23.25,0.10391061452513967,3+,0,0,0,1,1,1,1,0,0,0,0,1,0,0,0,0,0,0,0,0,0,0,0,-0.021505376344086023,0.34408602150537637,False
Q7KZ85,1726.0,1,6,138,23.0,0.07995365005793743,3+,0,0,0,0,1,1,0,0,0,0,0,1,0,0,0,0,0,0,0,0,0,0,0,-0.4927536231884058,0.5507246376811594,False
Q15910,746.0,1,1,10,10.0,0.013404825737265416,1,0,0,0,0,0,1,0,0,0,0,0,0,0,0,0,0,0,0,0,0,0,0,0,-0.8,0.8,False
Q8NAF0,562.0,2,2,43,21.5,0.07651245551601424,2,0,0,1,0,1,0,0,0,0,0,0,1,0,0,0,0,0,0,0,1,0,0,0,0.2325581395348837,0.2790697674418604,False
P05387,115.0,0,2,46,23.0,0.4,2,1,1,0,0,0,1,0,0,0,0,0,1,0,0,0,0,0,0,0,0,0,0,0,-0.1304347826086957,0.30434782608695654,False
Q07864,2286.0,1,1,33,33.0,0.014435695538057743,1,0,0,0,0,1,1,0,0,0,0,0,0,0,0,0,0,0,0,0,0,0,0,0,-0.6060606060606061,0.6666666666666666,False
Q9BWU0,742.0,1,1,29,29.0,0.03908355795148248,1,0,0,0,0,1,1,0,0,0,0,0,0,0,0,0,0,0,0,0,0,0,0,0,-0.4137931034482759,0.8275862068965517,False
Q8WWY3,499.0,1,1,28,28.0,0.056112224448897796,1,0,0,0,0,1,1,0,0,0,0,0,0,0,0,0,0,0,0,0,0,0,0,0,-0.4642857142857143,0.4642857142857143,False
Q02040,695.0,3,2,115,57.5,0.16546762589928057,2,0,0,0,0,0,0,0,0,0,0,0,1,0,0,0,0,0,0,0,0,0,1,0,0.20869565217391303,0.6434782608695652,False
P49759,484.0,3,1,15,15.0,0.030991735537190084,1,0,0,0,0,0,0,1,0,0,0,0,0,0,0,0,0,0,0,0,0,0,0,0,0.4,0.4,False
Q86XZ4,545.0,4,1,13,13.0,0.023853211009174313,1,0,1,0,0,0,0,0,0,0,1,0,0,0,0,0,0,0,0,0,0,0,0,0,0.6923076923076923,0.6923076923076923,False
Q8NDV7,1962.0,0,2,68,34.0,0.034658511722731905,2,0,0,0,0,1,0,0,0,0,0,0,1,0,0,0,0,0,1,0,0,0,0,0,0.04411764705882353,0.3088235294117647,False
Q6P9B9,1019.0,2,1,15,15.0,0.014720314033366046,1,0,0,0,1,0,0,0,0,0,0,0,0,0,0,1,0,0,0,0,0,0,0,0,0.0,0.0,False
O94992,359.0,1,1,25,25.0,0.06963788300835655,1,1,0,0,0,0,0,0,0,0,0,0,0,0,0,1,0,0,0,0,0,0,0,0,-0.44,0.44,False
P98175,930.0,1,1,13,13.0,0.013978494623655914,1,0,0,1,0,0,1,0,0,0,0,0,0,0,0,0,0,0,0,0,0,0,0,0,-0.9230769230769231,0.9230769230769231,False
Q6ZN04,569.0,0,3,70,23.333333333333332,0.12302284710017575,3+,0,0,1,0,1,0,0,0,0,0,0,1,0,0,1,0,0,0,0,0,0,0,0,0.014285714285714285,0.014285714285714285,False
Q9UJV9,622.0,4,1,18,18.0,0.028938906752411574,1,0,0,0,0,1,0,1,0,0,0,0,0,0,0,0,0,0,0,0,0,0,0,0,0.3888888888888889,0.3888888888888889,False
B0QYK0,618.0,2,4,190,47.5,0.3074433656957929,3+,0,0,1,1,1,0,0,0,1,0,0,0,0,0,0,0,0,0,0,1,0,0,0,0.08421052631578946,0.15789473684210525,False
Q8N5A5,531.0,1,1,22,22.0,0.04143126177024482,1,0,0,1,0,0,1,0,0,0,0,0,0,0,0,0,0,0,0,0,0,0,0,0,-0.4090909090909091,0.5,False
Q9H0L4,616.0,0,1,14,14.0,0.022727272727272728,1,0,0,0,0,1,0,0,0,0,0,0,1,0,0,0,0,0,0,0,0,0,0,0,0.0,0.0,False
Q00577,322.0,2,1,52,52.0,0.16149068322981366,1,0,0,1,0,0,0,0,0,0,0,0,0,0,0,1,0,0,0,0,0,0,0,0,-0.03846153846153846,0.03846153846153846,False
F8W6I7,307.0,2,2,52,26.0,0.16938110749185667,2,0,0,1,1,0,0,0,0,0,0,0,0,0,0,1,0,0,0,0,0,0,0,0,0.07692307692307691,0.11538461538461542,False
Q8WXA9,508.0,4,4,225,56.25,0.44291338582677164,3+,0,0,0,0,1,0,0,0,0,0,1,0,0,0,0,0,0,0,0,0,0,1,0,0.27111111111111114,0.6622222222222223,False
Q92973,898.0,1,1,19,19.0,0.021158129175946547,1,0,0,0,0,1,1,0,0,0,0,0,0,0,0,0,0,0,0,0,0,0,0,0,-0.7894736842105263,0.7894736842105263,False
Q6PKG0,1096.0,0,2,49,24.5,0.04470802919708029,2,0,0,0,0,1,0,0,0,0,0,0,1,0,0,0,0,0,0,0,1,0,0,0,0.08163265306122448,0.28571428571428575,False
O15523,660.0,0,1,50,50.0,0.07575757575757576,1,0,0,0,0,1,0,0,0,0,0,0,0,0,0,0,0,0,0,0,0,0,1,0,0.04,0.08,False
O43143,795.0,0,2,77,38.5,0.09685534591194969,2,0,0,1,0,1,0,0,0,1,0,0,1,0,0,0,0,0,0,0,0,0,0,0,0.05194805194805195,0.4935064935064935,False
P03950,147.0,2,1,18,18.0,0.12244897959183673,1,0,0,1,0,0,0,0,0,0,0,0,0,0,0,0,0,0,0,0,0,0,0,1,0.0,0.0,False
Q13523,1007.0,3,2,102,51.0,0.1012909632571996,2,0,0,0,0,0,0,0,0,0,1,0,0,0,0,0,0,0,0,0,0,0,1,0,0.5,0.5980392156862745,False
Q9Y388,322.0,4,1,25,25.0,0.07763975155279502,1,0,0,1,0,0,0,0,0,0,1,0,0,0,0,0,0,0,0,0,0,0,0,0,0.28,0.84,False
Q86U06,439.0,3,2,51,25.5,0.11617312072892938,2,0,0,1,0,1,0,0,0,0,0,0,1,0,0,0,0,0,0,0,0,0,1,0,0.31372549019607837,0.43137254901960786,False
P06748,294.0,1,2,47,23.5,0.1598639455782313,2,0,1,1,0,0,1,0,0,0,0,0,0,0,0,0,0,0,0,0,0,0,0,0,-0.7659574468085106,0.7659574468085106,False
Q13485,552.0,0,1,21,21.0,0.03804347826086957,1,0,0,0,0,0,0,0,0,0,0,0,1,0,0,0,0,0,0,0,0,0,0,0,0.047619047619047616,0.047619047619047616,False
Q969H6,163.0,1,1,15,15.0,0.09202453987730061,1,0,0,1,0,0,1,0,0,0,0,0,0,0,0,0,0,0,0,0,0,0,0,0,-0.5333333333333333,0.5333333333333333,False
P60323,173.0,2,1,16,16.0,0.09248554913294797,1,0,0,1,0,0,0,0,0,1,0,0,0,0,0,0,0,0,0,0,0,0,0,0,0.1875,0.1875,False
P52756,815.0,3,1,47,47.0,0.05766871165644172,1,0,0,1,0,0,0,0,0,0,0,0,0,0,0,0,0,0,0,0,0,0,1,0,-0.0425531914893617,0.723404255319149,False
H7BXY3,1166.0,1,1,12,12.0,0.010291595197255575,1,0,0,0,1,0,1,0,0,0,0,0,0,0,0,0,0,0,0,0,0,0,0,0,-0.75,0.9166666666666666,False
Q04637,1599.0,0,2,60,30.0,0.0375234521575985,2,0,0,0,0,1,1,0,0,0,0,0,1,0,0,0,0,0,0,0,0,0,0,0,-0.3333333333333333,0.36666666666666664,False
Q9UPY3,1922.0,1,2,31,15.5,0.016129032258064516,2,0,0,0,1,0,1,0,0,0,0,0,0,0,0,0,0,0,0,0,0,0,0,0,-0.6451612903225806,0.7741935483870968,False
P49761,490.0,3,2,42,21.0,0.08571428571428572,2,0,0,0,0,0,0,0,0,0,0,0,0,0,0,0,0,0,0,0,0,0,1,0,0.3571428571428571,0.40476190476190477,False
P07998,156.0,2,1,14,14.0,0.08974358974358974,1,0,0,1,0,0,0,0,0,0,0,0,0,0,0,0,1,0,0,0,0,0,0,0,0.07142857142857142,0.07142857142857142,False
Q96MT3,831.0,3,2,37,18.5,0.044524669073405534,2,0,0,0,0,0,1,0,0,0,0,0,0,0,0,0,0,0,0,0,0,0,1,0,0.02702702702702703,0.4594594594594595,False
Q9UJV8,347.0,2,1,22,22.0,0.06340057636887608,1,0,0,1,0,0,0,0,0,0,0,0,0,0,0,0,0,0,0,0,1,0,0,0,0.2727272727272727,0.3636363636363636,False
Q14157,1087.0,2,4,124,31.0,0.1140754369825207,3+,0,0,0,0,0,0,0,0,0,0,0,1,0,0,0,0,0,0,0,1,1,0,1,0.08064516129032258,0.0967741935483871,False
Q8WW36,166.0,2,1,28,28.0,0.1686746987951807,1,0,0,1,0,0,0,0,0,0,0,0,0,0,0,0,0,0,0,0,1,0,0,0,0.1785714285714286,0.1785714285714286,True
P05386,114.0,0,1,26,26.0,0.22807017543859648,1,1,0,0,0,0,0,0,0,0,0,0,1,0,0,0,0,0,0,0,0,0,0,0,0.0,0.0,False
Q8TEX9,1081.0,1,2,41,20.5,0.037927844588344126,2,0,0,0,0,1,1,0,0,0,0,0,0,0,0,0,0,0,0,0,0,0,0,0,-0.6341463414634146,0.6341463414634146,False
P22626,353.0,2,2,119,59.5,0.3371104815864023,2,0,1,0,0,0,0,0,0,0,0,0,0,0,0,1,0,0,0,0,0,0,0,0,0.016806722689075633,0.08403361344537816,False
Q8NI27,1593.0,1,3,58,19.333333333333332,0.03640929064657878,3+,0,0,0,0,1,1,0,0,1,0,0,1,0,0,0,0,0,0,0,0,0,0,0,-0.017241379310344827,0.8103448275862069,False
Q03468,1493.0,1,1,25,25.0,0.016744809109176157,1,0,0,0,0,1,1,0,0,0,0,0,0,0,0,0,0,0,0,0,0,0,0,0,-0.6,0.6,False
Q13283,466.0,2,3,90,30.0,0.19313304721030042,3+,0,0,1,1,0,1,0,0,0,0,0,0,0,0,0,0,0,0,0,1,0,0,0,-0.2222222222222222,0.4222222222222222,False
Q9HAU5,1272.0,1,2,100,50.0,0.07861635220125786,2,0,0,1,1,0,1,0,0,0,0,0,0,0,0,0,0,1,0,0,0,0,0,0,-0.14,0.7,False
P18583,2426.0,4,5,246,49.2,0.10140148392415499,3+,0,0,0,0,1,0,0,0,0,1,0,1,0,0,0,0,0,0,0,0,0,1,0,0.35772357723577236,0.4634146341463415,False
P26599,557.0,0,1,30,30.0,0.05385996409335727,1,0,1,0,0,0,0,0,0,0,0,0,1,0,0,0,0,0,0,0,0,0,0,0,0.03333333333333333,0.03333333333333333,False
O95985,862.0,2,1,27,27.0,0.031322505800464036,1,0,0,0,0,0,0,0,0,0,0,0,0,0,0,0,0,0,0,0,1,0,0,0,0.4074074074074074,0.4074074074074074,False
P23246,707.0,0,4,219,54.75,0.30975954738330974,3+,0,0,0,0,1,0,0,0,0,0,0,1,0,0,0,0,0,0,0,1,0,0,0,0.0547945205479452,0.0730593607305936,False
P78362,688.0,0,2,67,33.5,0.09738372093023256,2,0,0,0,0,0,0,0,0,0,1,0,1,0,0,0,0,0,0,0,0,0,0,0,0.13432835820895522,0.34328358208955223,False
Q32P51,320.0,2,2,90,45.0,0.28125,2,0,1,1,0,0,0,0,0,0,0,0,0,0,0,1,0,0,0,0,1,0,0,0,0.011111111111111108,0.12222222222222225,False
Q12904,312.0,4,1,24,24.0,0.07692307692307693,1,0,0,1,0,0,0,0,0,0,1,0,0,0,0,0,0,0,0,0,0,0,0,0,0.1666666666666667,0.6666666666666666,False
Q92879,486.0,0,2,49,24.5,0.10082304526748971,2,0,0,0,1,0,0,0,0,0,0,0,1,0,0,0,0,0,0,0,0,0,0,0,0.0,0.0,False
O75179,2603.0,0,5,160,32.0,0.06146753745678064,3+,0,0,0,0,1,0,1,0,1,0,0,0,0,0,1,0,0,0,0,0,0,0,1,-0.05000000000000001,0.2875,False
Q6P2E9,1401.0,0,1,40,40.0,0.028551034975017844,1,0,0,0,0,0,0,0,0,0,0,0,1,0,0,0,0,0,0,0,0,0,0,0,0.0,0.0,False
Q86XP3,938.0,2,1,16,16.0,0.017057569296375266,1,0,0,1,0,0,0,0,0,0,1,0,0,0,0,0,0,0,0,0,0,0,0,0,0.25,0.25,False
B0QYY4,370.0,0,1,16,16.0,0.043243243243243246,1,0,0,1,0,0,0,0,0,0,0,0,1,0,0,0,0,0,0,0,0,0,0,0,0.0,0.0,False
P26358,1616.0,4,1,13,13.0,0.008044554455445545,1,0,0,0,0,0,0,0,0,0,1,0,0,0,0,0,0,0,0,0,0,0,0,0,0.38461538461538464,0.38461538461538464,False
Q9NV66,732.0,1,1,17,17.0,0.023224043715846996,1,0,0,0,0,1,1,0,0,0,0,0,0,0,0,0,0,0,0,0,0,0,0,0,-0.4705882352941176,0.4705882352941176,False
Q9NTZ6,932.0,0,2,107,53.5,0.1148068669527897,2,0,0,0,1,0,0,0,0,1,0,0,1,0,0,0,0,0,0,0,0,0,0,0,0.0,0.0,False
Q9UN86,482.0,1,1,30,30.0,0.06224066390041494,1,0,0,0,1,0,1,0,0,0,0,0,0,0,0,0,0,0,0,0,0,0,0,0,-0.4666666666666667,0.5333333333333333,False
Q9BXY0,300.0,1,1,21,21.0,0.07,1,0,0,0,0,1,1,0,0,0,0,0,0,0,0,0,0,0,0,0,0,0,0,0,-0.6190476190476191,0.7142857142857143,False
Q9H7N4,1312.0,0,10,360,36.0,0.27439024390243905,3+,0,0,0,0,0,1,0,0,0,1,0,1,0,0,1,0,0,0,0,0,0,1,1,0.044444444444444425,0.3611111111111111,False
P36776,959.0,0,1,32,32.0,0.03336809176225235,1,0,0,0,0,0,0,0,0,0,0,0,1,0,0,0,0,0,0,0,0,0,0,0,-0.15625,0.21875,False
Q8IWZ3,2542.0,1,4,122,30.5,0.04799370574350905,3+,0,0,0,0,1,1,1,0,0,0,0,0,0,0,1,0,0,0,0,0,0,0,0,-0.057377049180327856,0.38524590163934425,False
P11387,765.0,4,1,62,62.0,0.08104575163398693,1,0,0,0,0,0,0,0,0,0,1,0,0,0,0,0,0,0,0,0,0,0,0,0,0.1451612903225807,0.6935483870967742,False
Q96P70,1041.0,1,3,30,10.0,0.02881844380403458,3+,0,0,1,0,1,1,0,0,0,0,0,1,0,0,0,0,0,0,0,0,0,0,0,-0.5,0.5666666666666667,False
P49760,499.0,3,2,68,34.0,0.13627254509018036,2,0,0,0,0,0,0,0,0,0,0,0,0,0,0,0,0,0,0,0,0,0,1,0,0.36764705882352944,0.4852941176470588,False
Q12905,390.0,1,2,61,30.5,0.1564102564102564,2,0,1,0,0,1,1,0,0,0,0,0,0,0,0,0,0,0,0,0,1,0,0,0,-0.09836065573770492,0.45901639344262296,False
Q86Y13,1208.0,4,1,19,19.0,0.015728476821192054,1,0,0,0,0,0,0,0,0,0,1,0,0,0,0,0,0,0,0,0,0,0,0,0,0.5263157894736842,0.631578947368421,False
Q9UPR3,1016.0,1,2,51,25.5,0.05019685039370079,2,0,0,0,1,0,1,0,0,0,0,0,0,0,0,1,0,0,0,0,0,0,0,0,-0.23529411764705885,0.43137254901960786,False
P07814,1512.0,4,1,22,22.0,0.01455026455026455,1,0,0,0,1,0,0,0,0,0,1,0,0,0,0,0,0,0,0,0,0,0,0,0,0.22727272727272727,0.6818181818181818,False
Q9NVH2,962.0,0,1,19,19.0,0.01975051975051975,1,0,0,0,0,0,0,0,0,0,0,0,1,0,0,0,0,0,0,0,0,0,0,0,0.05263157894736842,0.05263157894736842,False
Q9UPN6,1271.0,0,5,171,34.2,0.13453973249409915,3+,0,1,0,0,1,0,0,0,0,0,0,1,0,0,0,0,0,0,0,0,0,1,1,0.17543859649122806,0.23391812865497075,False
P12270,2363.0,1,2,64,32.0,0.027084214980956412,2,0,0,0,0,1,1,0,0,0,0,0,0,0,0,0,0,0,0,1,0,0,0,0,-0.453125,0.484375,False
Q7Z2T5,733.0,0,2,54,27.0,0.07366984993178717,2,1,0,0,0,1,0,0,0,0,0,0,1,0,0,0,1,0,0,0,0,0,0,0,-8.22387425648264e-18,0.07407407407407407,False
Q08211,1270.0,1,2,50,25.0,0.03937007874015748,2,0,0,0,1,1,1,0,0,0,0,0,0,0,0,1,0,0,0,0,0,0,0,0,4.440892098500626e-18,0.32,False
Q9NR48,2969.0,0,1,30,30.0,0.010104412260020209,1,0,0,0,0,0,0,0,0,1,0,0,0,0,0,0,0,0,0,0,0,0,0,0,0.03333333333333333,0.03333333333333333,False
Q9Y3Y2,248.0,2,1,61,61.0,0.24596774193548387,1,0,0,0,0,0,0,0,0,0,0,0,0,0,0,0,0,0,0,0,1,0,0,0,0.2786885245901639,0.2786885245901639,False
O60508,579.0,3,1,15,15.0,0.025906735751295335,1,0,0,0,0,0,0,0,0,0,0,0,0,0,0,1,0,0,0,0,0,0,0,0,-0.2666666666666667,0.2666666666666667,False
Q14152,1382.0,1,4,129,32.25,0.09334298118668596,3+,0,0,0,0,0,1,0,0,0,0,0,0,0,0,0,0,1,0,0,0,0,0,1,-0.031007751937984482,0.7906976744186046,False
Q99590,1463.0,0,1,9,9.0,0.006151742993848257,1,0,0,0,0,0,0,0,0,0,0,0,1,0,0,0,0,0,0,0,0,0,0,0,0.0,0.0,False
Q9UNY4,1162.0,0,1,16,16.0,0.013769363166953529,1,0,0,0,0,1,0,0,0,0,0,0,1,0,0,0,0,0,0,0,0,0,0,0,0.0,0.0,False
Q5T481,1227.0,0,1,28,28.0,0.022819885900570498,1,0,0,0,0,0,0,0,0,0,0,0,1,0,0,0,0,0,0,0,0,0,0,0,0.03571428571428571,0.03571428571428571,False
O60832,514.0,4,2,24,12.0,0.04669260700389105,2,0,0,0,0,1,0,0,0,0,1,0,0,0,0,0,0,0,0,0,0,0,0,0,0.625,0.7916666666666666,False
O60506,623.0,2,3,118,39.333333333333336,0.18940609951845908,3+,0,0,1,0,1,0,0,0,0,0,0,0,0,0,0,0,0,0,0,1,0,0,0,0.13559322033898305,0.23728813559322035,False
Q96IP4,442.0,2,1,27,27.0,0.06108597285067873,1,0,0,1,0,0,0,0,0,1,0,0,0,0,0,0,0,0,0,0,0,0,0,0,-0.1481481481481481,0.1481481481481481,False
A0A0A0MRM9,708.0,1,10,231,23.1,0.326271186440678,3+,0,0,0,0,1,1,0,0,0,0,0,1,0,0,0,0,1,0,0,0,0,0,0,-0.1688311688311688,0.42857142857142855,False
X6R7H2,631.0,3,2,101,50.5,0.1600633914421553,2,0,0,1,0,1,0,0,0,0,0,0,0,0,0,0,0,0,0,0,0,0,1,0,0.22772277227722773,0.26732673267326723,False
Q5VTL8,546.0,3,5,181,36.2,0.3315018315018315,3+,0,0,1,0,1,0,0,0,0,0,0,1,0,0,0,0,0,0,0,0,0,1,0,0.22099447513812154,0.5966850828729282,False
O75607,178.0,1,1,20,20.0,0.11235955056179775,1,0,0,1,0,0,1,0,0,0,0,0,0,0,0,0,0,0,0,0,0,0,0,0,-0.7,0.7,False
Q9UKA9,531.0,0,1,10,10.0,0.018832391713747645,1,0,1,0,0,0,0,0,0,0,0,0,1,0,0,0,0,0,0,0,0,0,0,0,0.0,0.0,False
Q06787,632.0,2,1,23,23.0,0.03639240506329114,1,0,1,0,0,0,0,0,0,0,0,0,0,0,0,0,0,0,0,0,1,0,0,0,0.3043478260869565,0.391304347826087,False
Q16206,610.0,3,1,21,21.0,0.03442622950819672,1,0,0,1,0,0,0,0,0,0,0,0,1,0,0,0,0,0,0,0,0,0,0,0,0.09523809523809523,0.5714285714285714,False
Q8NC51,408.0,2,2,56,28.0,0.13725490196078433,2,0,1,1,0,0,0,0,0,0,0,0,0,0,0,0,0,0,0,0,1,0,0,0,0.2678571428571428,0.375,False
P09913,472.0,1,1,20,20.0,0.0423728813559322,1,0,0,0,0,0,1,0,0,0,0,0,0,0,0,0,0,0,0,0,0,0,0,0,-0.35,0.65,False
Q96GM8,510.0,4,1,21,21.0,0.041176470588235294,1,1,0,0,0,0,0,1,0,0,0,0,0,0,0,0,0,0,0,0,0,0,0,0,0.3333333333333333,0.8095238095238095,False
P67809,324.0,0,1,10,10.0,0.030864197530864196,1,0,0,1,0,0,0,0,0,0,0,0,1,0,0,0,0,0,0,0,0,0,0,0,0.0,0.0,False
P55795,449.0,2,2,51,25.5,0.11358574610244988,2,0,1,1,0,0,0,0,0,0,0,0,0,0,0,1,1,0,0,0,0,0,0,0,-0.058823529411764705,0.09803921568627452,False
Q13310,644.0,0,1,16,16.0,0.024844720496894408,1,0,0,0,1,0,0,0,0,0,0,0,1,0,0,0,0,0,0,0,0,0,0,0,0.125,0.125,False
Q12874,501.0,1,1,24,24.0,0.04790419161676647,1,0,0,0,1,0,1,0,0,0,0,0,0,0,0,0,0,0,0,0,0,0,0,0,-0.5833333333333334,0.6666666666666666,False
Q13823,731.0,1,1,33,33.0,0.04514363885088919,1,0,0,0,0,1,1,0,0,0,0,0,0,0,0,0,0,0,0,0,0,0,0,0,-0.484848484848485,0.5454545454545454,False
P82914,257.0,3,1,23,23.0,0.08949416342412451,1,0,0,1,0,0,0,1,0,0,0,0,0,0,0,0,0,0,0,0,0,0,0,0,0.4347826086956523,0.4347826086956523,False
Q8TD26,2715.0,1,1,12,12.0,0.004419889502762431,1,0,0,0,0,1,1,0,0,0,0,0,0,0,0,0,0,0,0,0,0,0,0,0,-0.9166666666666666,0.9166666666666666,False
P46100,2492.0,1,5,144,28.8,0.05778491171749599,3+,0,0,0,0,1,1,0,0,1,1,0,0,0,0,1,0,1,0,0,0,0,0,0,-0.09027777777777778,0.5208333333333334,False
Q9BQ39,737.0,3,1,62,62.0,0.08412483039348712,1,0,0,1,0,0,0,0,0,0,0,0,0,0,0,0,0,0,0,0,0,0,1,0,0.2419354838709677,0.3064516129032258,False
Q9Y237,131.0,2,1,25,25.0,0.19083969465648856,1,0,0,0,0,0,0,0,0,0,0,0,0,0,0,1,0,0,0,0,0,0,0,0,0.16,0.32,False
Q08170,494.0,3,3,192,64.0,0.38866396761133604,3+,0,0,1,0,1,0,0,0,0,0,0,0,0,0,0,0,0,0,0,0,0,1,0,0.3697916666666667,0.4635416666666667,False
Q9NX07,287.0,0,1,28,28.0,0.0975609756097561,1,0,1,0,0,0,0,0,0,1,0,0,0,0,0,0,0,0,0,0,0,0,0,0,-0.07142857142857142,0.07142857142857142,False
Q9H694,974.0,0,1,37,37.0,0.037987679671457907,1,0,0,0,0,1,0,0,0,0,0,0,0,0,0,0,0,0,0,0,0,0,0,1,0.0,0.0,False
P62906,217.0,4,1,18,18.0,0.08294930875576037,1,1,0,0,0,0,0,0,0,0,1,0,0,0,0,0,0,0,0,0,0,0,0,0,0.3888888888888889,0.5,False
Q14692,1282.0,1,3,80,26.666666666666668,0.062402496099843996,3+,0,0,0,0,1,1,0,0,0,0,0,0,0,0,0,0,0,0,0,0,0,0,0,-0.5375,0.5625,False
O43390,633.0,2,3,135,45.0,0.2132701421800948,3+,0,0,1,0,1,0,0,0,0,0,0,0,0,0,0,0,0,0,0,1,0,0,0,0.07407407407407404,0.26666666666666666,False
Q09161,790.0,3,1,15,15.0,0.0189873417721519,1,1,0,0,0,0,0,0,0,0,0,0,1,0,0,0,0,0,0,0,0,0,0,0,0.06666666666666667,0.7333333333333333,False
Q9NX05,1096.0,0,1,24,24.0,0.021897810218978103,1,0,0,0,0,0,0,0,0,1,0,0,0,0,0,0,0,0,0,0,0,0,0,0,0.0,0.0,False
Q5JVS0,413.0,2,2,51,25.5,0.1234866828087167,2,0,0,1,0,0,0,0,0,0,0,0,0,0,0,0,0,0,0,0,1,0,0,0,0.27450980392156865,0.39215686274509803,False
Q6BEB4,398.0,0,2,32,16.0,0.08040201005025126,2,0,0,0,0,1,0,0,0,1,0,0,1,0,0,0,0,0,0,0,0,0,0,0,0.03125000000000001,0.03125000000000001,False
Q9H1J1,476.0,4,1,44,44.0,0.09243697478991597,1,0,1,0,0,0,0,1,0,0,0,0,0,0,0,0,0,0,0,0,0,0,0,0,0.25,0.8409090909090909,False
Q96T58,3664.0,0,2,79,39.5,0.02156113537117904,2,0,0,0,1,1,0,0,0,0,0,0,1,0,0,0,0,0,0,0,0,0,1,0,0.0,0.17721518987341767,False
Q5VYS8,1495.0,1,1,15,15.0,0.010033444816053512,1,0,0,0,1,0,1,0,0,0,0,0,0,0,0,0,0,0,0,0,0,0,0,0,-0.9333333333333333,0.9333333333333333,False
P61978,463.0,2,1,17,17.0,0.0367170626349892,1,0,0,0,1,0,0,0,0,0,0,0,0,0,0,0,0,0,0,0,1,0,0,0,0.2352941176470588,0.2352941176470588,False
P05388,317.0,0,1,28,28.0,0.08832807570977919,1,1,0,0,0,0,0,0,0,0,0,0,1,0,0,0,0,0,0,0,0,0,0,0,0.0,0.1428571428571428,False
Q9P2E9,1410.0,4,1,23,23.0,0.016312056737588652,1,0,0,0,0,0,0,0,0,0,1,0,0,0,0,0,0,0,0,0,0,0,0,0,0.3043478260869565,0.7391304347826086,False
Q8N1G4,583.0,0,1,15,15.0,0.025728987993138937,1,0,0,0,0,0,0,0,0,0,0,0,1,0,0,0,0,0,0,0,0,0,0,0,-0.06666666666666667,0.6,False
O60293,1989.0,1,5,123,24.6,0.06184012066365008,3+,0,0,0,0,1,1,0,0,0,0,0,1,0,0,1,0,1,0,0,0,0,0,0,-0.13821138211382114,0.44715447154471544,False
Q9BX46,236.0,0,2,50,25.0,0.211864406779661,2,0,0,0,0,1,0,0,0,1,0,0,1,0,0,0,0,0,0,0,0,0,0,0,-0.02,0.02,False
Q5T6F2,1119.0,2,4,119,29.75,0.1063449508489723,3+,0,0,0,0,0,0,0,0,1,0,0,1,0,0,0,0,0,0,0,1,0,0,0,0.09243697478991596,0.19327731092436976,False
O95373,1038.0,1,2,48,24.0,0.046242774566473986,2,0,0,0,0,1,1,0,0,0,0,0,0,0,0,0,0,0,0,0,0,0,0,0,-0.6666666666666666,0.6666666666666666,False
Q9BRS2,568.0,1,1,33,33.0,0.058098591549295774,1,0,0,0,0,1,1,0,0,0,0,0,0,0,0,0,0,0,0,0,0,0,0,0,-0.5757575757575758,0.5757575757575758,False
Q96I25,401.0,4,1,31,31.0,0.0773067331670823,1,0,0,0,0,1,0,1,0,0,0,0,0,0,0,0,0,0,0,0,0,0,0,0,0.1290322580645161,0.7096774193548387,False
Q01081,240.0,3,1,53,53.0,0.22083333333333333,1,0,0,1,0,0,0,0,0,0,0,0,0,0,0,0,0,0,0,0,0,0,1,0,0.3207547169811321,0.5471698113207547,False
Q9H5H4,540.0,2,1,26,26.0,0.04814814814814815,1,0,0,1,0,0,0,0,0,0,0,0,0,0,0,0,0,0,0,0,1,0,0,0,0.2307692307692308,0.2307692307692308,False
Q9NWH9,1034.0,0,3,162,54.0,0.15667311411992263,3+,0,1,1,0,1,0,0,0,0,0,0,1,0,0,1,0,0,0,0,0,0,0,0,0.08024691358024691,0.6111111111111112,False
Q16594,264.0,1,1,13,13.0,0.04924242424242424,1,0,0,0,0,0,1,0,0,0,0,0,0,0,0,0,0,0,0,0,0,0,0,0,-0.9230769230769231,0.9230769230769231,False
Q58A45,887.0,0,3,104,34.666666666666664,0.11724915445321307,3+,0,0,1,0,0,0,0,0,0,0,0,1,0,0,0,0,0,0,0,0,0,0,0,-0.019230769230769232,0.07692307692307691,False
O00567,594.0,3,1,24,24.0,0.04040404040404041,1,0,0,1,0,0,0,1,0,0,0,0,0,0,0,0,0,0,0,0,0,0,0,0,0.3333333333333333,0.5833333333333334,False
Q9NS39,739.0,4,1,27,27.0,0.036535859269282815,1,0,0,0,0,1,0,1,0,0,0,0,0,0,0,0,0,0,0,0,0,0,0,0,0.4444444444444444,0.5185185185185185,False
P14678,240.0,0,2,86,43.0,0.35833333333333334,2,0,0,0,0,1,0,0,0,0,0,0,1,0,0,0,0,0,0,0,0,0,0,0,0.09302325581395349,0.09302325581395349,False
Q8NE18,718.0,4,1,22,22.0,0.03064066852367688,1,0,0,0,0,1,0,0,0,0,1,0,0,0,0,0,0,0,0,0,0,0,0,0,0.4090909090909091,0.5,False
P62995,288.0,3,3,130,43.333333333333336,0.4513888888888889,3+,0,0,1,0,1,0,0,0,1,0,0,0,0,0,0,0,0,0,0,0,0,1,0,0.2692307692307692,0.4230769230769231,False
A0A5K1VW79,999.0,0,8,232,29.0,0.23223223223223224,3+,0,0,0,0,1,0,0,0,1,0,0,1,0,0,1,0,0,0,0,0,0,0,0,0.034482758620689655,0.05172413793103448,False
P46087,812.0,1,2,29,14.5,0.03571428571428571,2,0,0,0,0,1,1,0,0,0,0,0,0,0,0,0,0,0,0,0,0,0,0,0,-0.6551724137931034,0.7241379310344828,False
Q8WWM7,1075.0,0,1,18,18.0,0.01674418604651163,1,0,0,0,0,1,0,0,0,0,0,0,0,0,0,0,0,0,1,0,0,0,0,0,0.05555555555555555,0.05555555555555555,False
O43310,598.0,0,1,20,20.0,0.033444816053511704,1,0,0,0,0,1,0,0,0,0,0,0,1,0,0,0,0,0,0,0,0,0,0,0,-0.1,0.2,False
A0A140T8Y2,407.0,1,2,38,19.0,0.09336609336609336,2,0,0,0,0,1,1,0,0,0,0,0,0,0,0,0,0,0,0,0,0,0,0,0,-0.6578947368421053,0.7105263157894737,False
O60231,1041.0,4,1,28,28.0,0.026897214217098942,1,0,0,0,0,1,0,1,0,0,0,0,0,0,0,0,0,0,0,0,0,0,0,0,0.21428571428571427,0.7857142857142857,False
Q2Q1W2,868.0,0,1,34,34.0,0.03917050691244239,1,0,0,0,0,0,0,0,0,0,0,0,0,0,0,1,0,0,0,0,0,0,0,0,0.0,0.0,False
Q9HCE5,456.0,2,1,29,29.0,0.06359649122807018,1,0,0,0,0,1,0,0,0,0,0,0,0,0,0,0,0,0,0,0,1,0,0,0,0.2413793103448276,0.3793103448275862,False
Q53F19,620.0,1,2,38,19.0,0.06129032258064516,2,0,0,0,0,0,1,0,0,0,0,0,0,0,0,0,0,0,0,0,0,0,1,0,-0.42105263157894735,0.631578947368421,False
A0A0A0MRZ1,733.0,0,1,33,33.0,0.045020463847203276,1,0,0,0,0,1,0,0,0,0,0,0,1,0,0,0,0,0,0,0,0,0,0,0,0.0,0.0,False
P41250,739.0,0,1,40,40.0,0.05412719891745602,1,0,0,0,0,1,0,0,0,0,0,0,1,0,0,0,0,0,0,0,0,0,0,0,0.175,0.175,False
Q8N163,923.0,1,1,37,37.0,0.04008667388949079,1,0,0,0,0,1,1,0,0,0,0,0,0,0,0,0,0,0,0,0,0,0,0,0,-0.1891891891891892,0.5675675675675675,False
Q96L91,3159.0,0,6,193,32.166666666666664,0.06109528331750554,3+,0,0,0,0,1,1,0,0,0,0,0,1,0,0,0,0,0,0,0,0,0,0,0,-0.09844559585492228,0.16062176165803108,False
Q14444,709.0,2,2,71,35.5,0.1001410437235543,2,0,1,0,0,1,0,0,0,0,0,0,0,0,0,1,0,0,0,0,1,0,0,0,0.09859154929577464,0.1267605633802817,False
Q8IYL2,757.0,0,1,26,26.0,0.034346103038309116,1,0,0,0,0,1,0,0,0,0,0,0,0,0,0,1,0,0,0,0,0,0,0,0,0.03846153846153846,0.19230769230769232,False
Q7Z6M4,381.0,1,1,42,42.0,0.11023622047244094,1,0,0,1,0,0,1,0,0,0,0,0,0,0,0,0,0,0,0,0,0,0,0,0,-0.8809523809523809,0.8809523809523809,False
Q9BUJ2,856.0,0,5,134,26.8,0.15654205607476634,3+,0,0,0,0,1,0,0,0,1,0,0,1,0,0,0,0,0,0,0,1,0,0,0,0.06716417910447761,0.09701492537313432,False
Q9NYF8,920.0,3,4,188,47.0,0.20434782608695654,3+,0,1,1,0,0,0,0,0,0,0,0,0,0,0,0,0,1,0,0,1,0,1,0,0.276595744680851,0.38297872340425526,False
Q66PJ3,237.0,3,2,92,46.0,0.3881856540084388,2,1,1,0,0,0,0,1,0,0,0,0,0,0,0,0,0,0,0,0,0,0,1,0,0.40217391304347827,0.5108695652173914,False
Q13595,282.0,3,2,133,66.5,0.4716312056737589,2,0,0,1,0,0,0,0,0,0,0,0,0,0,0,0,0,0,0,0,0,0,1,0,0.24060150375939848,0.3759398496240602,False
P55010,431.0,0,1,23,23.0,0.05336426914153132,1,0,0,0,1,0,0,0,0,0,0,0,1,0,0,0,0,0,0,0,0,0,0,0,-0.21739130434782614,0.21739130434782614,False
Q9UIF8,2168.0,1,4,192,48.0,0.08856088560885608,3+,0,0,0,0,1,1,0,0,0,0,0,1,0,0,0,0,0,0,0,0,0,0,0,-0.40625,0.5416666666666666,False
J3KPP4,489.0,3,1,129,129.0,0.26380368098159507,1,0,1,0,0,0,0,0,0,0,0,0,0,0,0,0,0,0,0,0,0,0,1,0,0.2558139534883721,0.7364341085271318,False
Q9ULR0,285.0,1,1,31,31.0,0.10877192982456141,1,1,0,0,0,0,1,0,0,0,0,0,0,0,0,0,0,0,0,0,0,0,0,0,-0.2903225806451613,0.6129032258064516,False
P31943,449.0,2,2,47,23.5,0.10467706013363029,2,0,0,1,1,0,0,0,0,1,0,0,0,0,0,1,0,0,0,0,0,0,0,0,-0.08510638297872343,0.08510638297872343,False
O14647,1828.0,4,2,50,25.0,0.02735229759299781,2,0,0,0,0,1,0,0,0,0,1,0,0,0,0,1,0,0,0,0,0,0,0,0,1.7763568394002505e-17,0.4,False
P35269,517.0,1,2,54,27.0,0.10444874274661509,2,0,0,0,0,0,1,0,0,0,0,0,0,0,0,0,0,0,0,0,0,0,0,0,-0.37037037037037046,0.5925925925925926,False
Q5T760,491.0,3,3,112,37.333333333333336,0.22810590631364563,3+,0,0,1,0,1,0,0,0,0,0,0,1,0,0,0,0,0,0,0,0,0,1,0,0.38392857142857145,0.45535714285714285,False
P51825,1210.0,0,3,83,27.666666666666668,0.06859504132231405,3+,1,0,0,0,1,1,0,0,0,0,0,1,0,0,1,0,0,0,0,0,0,0,0,-0.06024096385542168,0.18072289156626506,False
Q99613,913.0,1,3,78,26.0,0.08543263964950712,3+,1,0,0,0,0,1,0,0,0,1,0,0,0,0,0,0,0,0,0,0,0,0,0,-0.358974358974359,0.6923076923076923,False
Q96QR8,312.0,2,3,62,20.666666666666668,0.1987179487179487,3+,1,0,1,0,0,1,0,0,0,0,0,1,0,0,1,0,0,0,0,0,0,0,0,-0.16129032258064516,0.25806451612903225,False
P50914,215.0,2,1,39,39.0,0.1813953488372093,1,0,0,1,0,0,0,0,0,0,0,0,1,0,0,0,0,0,0,0,0,0,0,0,0.2307692307692308,0.2307692307692308,False
A0A5H1ZRQ2,731.0,0,5,99,19.8,0.1354309165526676,3+,0,0,1,0,1,0,0,0,1,0,0,1,0,0,1,0,0,0,0,0,0,0,0,0.020202020202020193,0.20202020202020202,False
Q8N8A6,666.0,0,2,38,19.0,0.057057057057057055,2,0,0,0,0,1,0,1,0,0,0,0,1,0,0,0,0,0,0,0,0,0,0,0,0.23684210526315788,0.39473684210526316,False
Q52LJ0,433.0,2,1,103,103.0,0.23787528868360278,1,0,1,0,0,0,0,0,0,0,0,0,0,0,0,0,0,0,0,0,1,0,0,0,0.06796116504854369,0.1262135922330097,False
Q92945,711.0,0,7,234,33.42857142857143,0.3291139240506329,3+,0,1,0,1,1,0,0,0,1,0,0,1,0,0,0,0,0,0,0,1,0,0,0,0.004273504273504274,0.047008547008547,False
Q3L8U1,2897.0,0,3,113,37.666666666666664,0.03900586813945461,3+,0,0,1,1,1,1,0,0,0,0,0,1,0,0,0,0,0,1,0,0,0,0,0,-0.11504424778761063,0.2035398230088496,False
Q6P6C2,394.0,0,1,19,19.0,0.048223350253807105,1,0,0,0,0,1,0,0,0,0,0,0,1,0,0,0,0,0,0,0,0,0,0,0,-0.05263157894736842,0.05263157894736842,False
B5MCF9,571.0,1,1,46,46.0,0.08056042031523643,1,0,0,0,0,1,1,0,0,0,0,0,0,0,0,0,0,0,0,0,0,0,0,0,-0.5434782608695652,0.6304347826086957,False
Q15061,677.0,1,1,42,42.0,0.0620384047267356,1,0,0,1,0,0,1,0,0,0,0,0,0,0,0,0,0,0,0,0,0,0,0,0,-0.5476190476190477,0.7380952380952381,False
Q86XN8,651.0,0,3,145,48.333333333333336,0.2227342549923195,3+,0,0,1,0,1,0,0,0,0,0,0,1,0,0,0,0,0,0,0,0,0,0,0,-0.1103448275862069,0.15172413793103448,False
Q12906,894.0,2,4,122,30.5,0.13646532438478748,3+,0,0,1,0,1,0,0,0,0,0,0,0,0,0,1,0,0,0,0,1,0,0,0,0.06557377049180328,0.08196721311475409,False
Q9UPQ9,1833.0,0,3,56,18.666666666666668,0.03055100927441353,3+,0,0,0,0,1,0,0,0,0,1,0,1,0,0,0,0,0,0,0,0,0,0,0,0.0892857142857143,0.23214285714285715,False
Q5U5Q3,659.0,0,4,119,29.75,0.18057663125948406,3+,0,0,1,0,1,1,0,0,0,0,1,1,0,0,0,0,0,0,0,0,0,0,0,-0.19327731092436976,0.2773109243697479,False
B5MCU0,990.0,0,1,30,30.0,0.030303030303030304,1,0,0,0,0,1,0,0,0,0,0,0,1,0,0,0,0,0,0,0,0,0,0,0,0.0,0.0,False
Q14966,1978.0,3,1,28,28.0,0.014155712841253791,1,0,0,0,0,1,0,0,0,0,0,0,0,0,0,0,0,0,0,0,0,0,1,0,0.3928571428571428,0.3928571428571428,False
A0A7N4I394,994.0,3,5,178,35.6,0.1790744466800805,3+,0,0,0,0,0,0,1,0,0,0,0,1,0,0,0,0,0,0,1,0,0,1,0,0.1460674157303371,0.3595505617977528,False
Q9Y4B4,1467.0,1,2,50,25.0,0.03408316291751875,2,0,0,0,0,1,1,0,0,0,0,0,0,0,0,0,0,0,0,0,0,0,0,0,-0.6,0.64,False
B8ZZ98,158.0,3,1,64,64.0,0.4050632911392405,1,0,0,1,0,0,0,0,0,0,0,0,0,0,0,0,0,0,0,0,0,0,1,0,0.390625,0.578125,False
P61129,1189.0,4,2,47,23.5,0.03952901597981497,2,0,0,0,0,1,1,1,0,0,0,0,0,0,0,0,0,0,0,0,0,0,0,0,0.2553191489361702,0.5957446808510638,False
C9JAB2,235.0,3,1,112,112.0,0.4765957446808511,1,0,0,1,0,0,0,0,0,0,0,0,0,0,0,0,0,0,0,0,0,0,1,0,0.3928571428571428,0.3928571428571428,False
O75923,2080.0,0,1,28,28.0,0.013461538461538462,1,0,0,0,0,1,0,0,0,0,0,0,0,0,0,0,1,0,0,0,0,0,0,0,0.1428571428571428,0.1428571428571428,False
E7ETU5,370.0,0,1,19,19.0,0.051351351351351354,1,0,0,1,0,0,0,0,0,0,0,0,1,0,0,0,0,0,0,0,0,0,0,0,0.0,0.0,False
Q8NDG6,1382.0,0,1,23,23.0,0.016642547033285094,1,0,0,0,0,1,0,0,0,0,0,0,1,0,0,0,0,0,0,0,0,0,0,0,0.04347826086956523,0.04347826086956523,False
P62750,156.0,4,1,29,29.0,0.1858974358974359,1,0,1,0,0,0,0,0,0,0,1,0,0,0,0,0,0,0,0,0,0,0,0,0,0.2413793103448276,0.3793103448275862,False
Q96QC0,940.0,2,4,277,69.25,0.2946808510638298,3+,0,0,1,0,1,0,0,0,1,0,0,0,0,0,0,0,0,0,0,1,0,0,0,0.021660649819494584,0.1444043321299639,False
P27824,592.0,1,2,47,23.5,0.07939189189189189,2,0,0,1,0,1,1,0,0,0,0,0,0,0,0,0,0,0,0,0,0,0,0,0,-0.5319148936170213,0.7446808510638298,False
Q16630,551.0,0,3,194,64.66666666666667,0.35208711433756806,3+,0,0,0,0,1,0,0,0,1,0,1,0,0,0,0,0,0,0,0,0,0,0,0,0.03608247422680412,0.19072164948453607,False
C9J9B2,264.0,0,1,18,18.0,0.06818181818181818,1,0,0,1,0,0,0,0,0,0,0,0,1,0,0,0,0,0,0,0,0,0,0,0,0.0,0.0,False
O00571,662.0,0,1,50,50.0,0.0755287009063444,1,0,0,0,0,1,0,0,0,0,0,0,0,0,0,0,0,0,0,0,0,0,1,0,0.04,0.08,False
Q5GAN6,216.0,0,1,17,17.0,0.0787037037037037,1,0,0,0,0,1,0,0,0,0,0,0,0,0,0,0,1,0,0,0,0,0,0,0,0.0,0.0,False
X6RDA4,248.0,0,1,41,41.0,0.16532258064516128,1,0,0,1,0,0,0,0,0,0,0,0,1,0,0,0,0,0,0,0,0,0,0,0,-0.1951219512195122,0.2439024390243902,False
Q00839,825.0,0,4,106,26.5,0.12848484848484848,3+,0,0,1,0,1,1,0,0,0,0,0,1,0,0,0,0,0,1,0,1,0,0,0,-0.07547169811320759,0.24528301886792453,False
Q9UI10,523.0,4,1,22,22.0,0.04206500956022945,1,0,0,0,0,1,0,0,0,0,1,0,0,0,0,0,0,0,0,0,0,0,0,0,0.2727272727272727,0.7272727272727273,True
Q7L2E3,1194.0,1,1,12,12.0,0.010050251256281407,1,0,0,0,1,0,1,0,0,0,0,0,0,0,0,0,0,0,0,0,0,0,0,0,-0.75,0.9166666666666666,False
Q8IY81,847.0,1,2,24,12.0,0.02833530106257379,2,0,0,0,0,1,1,0,0,0,0,0,0,0,0,0,0,0,0,0,0,0,0,0,-0.5416666666666666,0.7083333333333334,False
Q15637,639.0,0,5,192,38.4,0.3004694835680751,3+,0,0,0,0,1,0,0,0,1,0,0,1,0,0,0,1,0,0,0,0,0,0,0,0.005208333333333333,0.015625000000000003,False
Q8NDF8,572.0,0,3,81,27.0,0.14160839160839161,3+,0,0,0,0,1,0,0,0,0,0,0,1,0,0,0,0,0,0,0,0,0,0,0,-0.01234567901234569,0.13580246913580246,False
A0A7P0N5L0,480.0,1,1,21,21.0,0.04375,1,0,0,0,0,1,1,0,0,0,0,0,0,0,0,0,0,0,0,0,0,0,0,0,-0.6190476190476191,0.6190476190476191,False
Q8NE35,698.0,0,4,105,26.25,0.1504297994269341,3+,0,0,0,0,1,0,0,0,0,0,0,1,0,0,0,0,0,1,0,0,0,0,0,0.01904761904761905,0.0380952380952381,False
Q9H3H3,292.0,0,1,18,18.0,0.06164383561643835,1,0,0,0,0,1,0,0,0,0,0,0,1,0,0,0,0,0,0,0,0,0,0,0,0.05555555555555555,0.05555555555555555,False
Q5RKV6,272.0,0,2,56,28.0,0.20588235294117646,2,1,1,0,0,0,0,0,0,0,0,0,1,0,0,0,0,0,0,0,0,0,0,1,-0.03571428571428572,0.17857142857142858,False
Q9H9A5,744.0,0,1,21,21.0,0.028225806451612902,1,0,0,0,0,0,0,0,0,0,0,0,0,0,0,0,0,0,0,0,0,0,0,1,0.047619047619047616,0.23809523809523808,False
Q76FK4,1167.0,1,1,14,14.0,0.011996572407883462,1,0,0,0,0,1,1,0,0,0,0,0,0,0,0,0,0,0,0,0,0,0,0,0,-0.6428571428571429,0.6428571428571429,False
O75460,977.0,0,1,13,13.0,0.01330603889457523,1,0,0,0,0,1,0,0,0,0,0,0,0,0,0,0,1,0,0,0,0,0,0,0,0.07692307692307693,0.07692307692307693,False
D4PHA4,493.0,1,1,19,19.0,0.038539553752535496,1,0,1,0,0,0,1,0,0,0,0,0,0,0,0,0,0,0,0,0,0,0,0,0,-0.4210526315789473,0.4210526315789473,False
Q6P158,1386.0,0,1,55,55.0,0.03968253968253968,1,0,0,0,0,1,0,0,0,0,0,0,0,0,0,1,0,0,0,0,0,0,0,0,0.21818181818181823,0.21818181818181823,False
H0Y6E7,292.0,2,1,37,37.0,0.1267123287671233,1,0,0,0,1,0,0,0,0,0,0,0,0,0,0,0,0,0,0,0,1,0,0,0,0.2162162162162162,0.2702702702702703,False
A0A0A0MSN9,333.0,4,2,90,45.0,0.2702702702702703,2,0,0,1,0,1,0,0,0,0,1,0,0,0,0,0,0,0,0,0,0,0,1,0,0.14444444444444443,0.7222222222222222,False
P51991,378.0,2,2,157,78.5,0.41534391534391535,2,0,0,1,0,1,0,0,0,0,0,0,0,0,0,1,0,0,0,0,1,0,0,0,0.03184713375796178,0.09554140127388536,False
A6NDY0,278.0,1,1,24,24.0,0.08633093525179857,1,0,0,0,0,1,1,0,0,0,0,0,0,0,0,0,0,0,0,0,0,0,0,0,-0.5,0.6666666666666666,True
Q13428,1488.0,1,14,254,18.142857142857142,0.17069892473118278,3+,0,0,0,0,0,1,0,0,0,1,0,0,0,0,1,0,0,0,0,0,0,0,0,-0.3346456692913386,0.5236220472440944,False
Q9P1Y6,1649.0,3,3,91,30.333333333333332,0.05518496058217101,3+,0,0,0,0,0,0,0,0,0,0,0,0,0,0,1,0,0,0,0,0,0,1,0,0.13186813186813187,0.4835164835164835,False
P62633,177.0,2,1,15,15.0,0.0847457627118644,1,0,0,0,1,0,0,0,0,0,0,0,0,0,0,0,0,0,0,0,1,0,0,0,0.3333333333333333,0.3333333333333333,False
Q5QJE6,756.0,1,1,42,42.0,0.05555555555555555,1,0,0,0,0,1,1,0,0,0,0,0,0,0,0,0,0,0,0,0,0,0,0,0,-0.5476190476190477,0.6904761904761905,False
Q9HBD1,1191.0,0,1,20,20.0,0.016792611251049538,1,0,0,0,0,1,0,0,0,1,0,0,0,0,0,0,0,0,0,0,0,0,0,0,0.0,0.0,False
Q8NE71,845.0,4,5,125,25.0,0.14792899408284024,3+,0,0,0,0,0,1,0,0,0,1,0,1,0,0,0,0,0,0,0,0,0,0,0,0.015999999999999986,0.608,False
Q8WXF0,261.0,3,1,32,32.0,0.12260536398467432,1,0,0,1,0,0,0,0,0,0,0,0,0,0,0,0,0,0,0,0,0,0,1,0,0.28125,0.40625,True
F6TAI2,324.0,0,1,20,20.0,0.06172839506172839,1,0,0,0,0,1,0,0,0,1,0,0,0,0,0,0,0,0,0,0,0,0,0,0,0.0,0.0,False
Q8WUQ7,758.0,3,3,120,40.0,0.158311345646438,3+,0,0,0,0,0,1,0,0,0,0,1,0,0,0,0,0,0,0,0,0,0,1,0,0.19166666666666668,0.4583333333333333,False
Q96CB8,462.0,2,2,68,34.0,0.1471861471861472,2,0,0,0,0,0,0,0,0,0,0,0,0,0,0,1,0,0,0,0,0,1,0,0,0.029411764705882353,0.058823529411764705,False
Q5QPL9,237.0,0,1,33,33.0,0.13924050632911392,1,0,0,0,0,1,0,0,0,0,0,0,0,0,0,1,0,0,0,0,0,0,0,0,0.0303030303030303,0.1515151515151515,False
P54253,815.0,0,1,30,30.0,0.03680981595092025,1,0,0,0,0,1,0,0,0,0,0,0,1,0,0,0,0,0,0,0,0,0,0,0,-0.03333333333333333,0.03333333333333333,False
Q9UHC7,482.0,0,2,50,25.0,0.1037344398340249,2,0,0,1,0,0,0,0,0,0,0,0,1,0,0,1,0,0,0,0,0,0,0,0,-0.04,0.04,False
A0A0C4DG89,1032.0,4,3,153,51.0,0.14825581395348839,3+,0,0,0,0,1,0,0,0,0,1,0,0,0,0,0,0,1,0,0,0,0,1,0,0.28758169934640526,0.6274509803921567,False
C9JE40,543.0,1,1,38,38.0,0.06998158379373849,1,0,0,0,0,0,1,0,0,0,0,0,0,0,0,0,0,0,0,0,0,0,0,0,-0.631578947368421,0.6842105263157895,False
Q9H2U1,1008.0,0,1,51,51.0,0.050595238095238096,1,0,0,0,0,1,0,0,0,1,0,0,0,0,0,0,0,0,0,0,0,0,0,0,0.1176470588235294,0.1568627450980392,False
Q6PI26,577.0,1,1,27,27.0,0.04679376083188908,1,0,0,1,0,0,1,0,0,0,0,0,0,0,0,0,0,0,0,0,0,0,0,0,-0.2962962962962963,0.2962962962962963,False
Q86TG7,708.0,0,2,43,21.5,0.06073446327683616,2,0,0,0,0,0,0,0,0,1,0,0,1,0,0,0,0,0,0,0,0,0,0,0,0.02325581395348838,0.02325581395348838,False
O15042,1029.0,1,1,28,28.0,0.027210884353741496,1,0,0,0,1,0,1,0,0,0,0,0,0,0,0,0,0,0,0,0,0,0,0,0,-0.5,0.5714285714285714,False
Q5T7N2,865.0,1,2,68,34.0,0.07861271676300578,2,0,0,0,0,1,1,0,0,0,0,0,0,0,0,0,0,0,0,0,0,0,0,0,-0.4852941176470588,0.5735294117647058,False
C9JP00,348.0,0,1,30,30.0,0.08620689655172414,1,0,0,1,0,0,0,0,0,0,0,0,1,0,0,0,0,0,0,0,0,0,0,0,0.06666666666666667,0.06666666666666667,False
E9PFF5,490.0,4,2,51,25.5,0.10408163265306122,2,0,1,0,0,1,0,1,0,0,0,0,0,0,0,0,0,0,0,0,1,0,0,0,0.27450980392156865,0.4705882352941177,False
P62945,25.0,0,1,25,25.0,1.0,1,0,1,0,0,0,0,0,0,0,0,0,0,0,0,0,0,0,0,0,0,0,0,1,0.0,0.0,False
E9PB61,264.0,2,2,76,38.0,0.2878787878787879,2,0,0,1,0,1,0,0,0,0,0,0,0,0,0,0,0,0,0,0,1,0,0,0,0.25,0.25,False
E7ET15,1028.0,1,1,28,28.0,0.027237354085603113,1,0,0,0,1,0,1,0,0,0,0,0,0,0,0,0,0,0,0,0,0,0,0,0,-0.5,0.5714285714285714,False
Q4G0J3,582.0,4,3,52,17.333333333333332,0.08934707903780069,3+,0,0,1,1,0,0,1,0,0,1,0,1,0,0,0,0,0,0,0,0,0,0,0,0.36538461538461536,0.7115384615384616,False
D6R9W6,518.0,2,1,30,30.0,0.05791505791505792,1,0,0,0,0,1,0,0,0,0,0,0,0,0,0,0,0,0,0,0,1,0,0,0,0.3,0.3666666666666666,False
F6VAP0,555.0,0,1,16,16.0,0.02882882882882883,1,0,0,0,0,1,0,0,0,0,0,0,1,0,0,0,0,0,0,0,0,0,0,0,0.0,0.0,False
A0A0B4J203,849.0,1,1,17,17.0,0.020023557126030624,1,0,0,0,0,1,1,0,0,0,0,0,0,0,0,0,0,0,0,0,0,0,0,0,-0.6470588235294118,0.6470588235294118,False
Q9NP92,439.0,1,1,25,25.0,0.05694760820045558,1,1,0,0,0,0,1,0,0,0,0,0,0,0,0,0,0,0,0,0,0,0,0,0,-0.28,0.28,False
Q99729,332.0,2,3,111,37.0,0.33433734939759036,3+,1,0,1,0,0,0,0,0,1,0,0,1,0,0,0,0,0,0,0,1,0,0,0,0.02702702702702702,0.08108108108108109,False
Q92540,1137.0,0,1,25,25.0,0.02198768689533861,1,0,0,0,0,1,0,0,0,1,0,0,0,0,0,0,0,0,0,0,0,0,0,0,0.0,0.0,False
P06730,217.0,1,1,19,19.0,0.08755760368663594,1,0,0,1,0,0,1,0,0,0,0,0,0,0,0,0,0,0,0,0,0,0,0,0,-0.21052631578947367,0.3157894736842105,False
Q9P2J5,1176.0,4,1,23,23.0,0.0195578231292517,1,0,0,1,0,0,0,0,0,0,1,0,0,0,0,0,0,0,0,0,0,0,0,0,0.17391304347826092,0.4347826086956523,False
O00584,256.0,2,1,21,21.0,0.08203125,1,0,0,1,0,0,0,0,0,0,0,0,0,0,0,0,1,0,0,0,0,0,0,0,0.047619047619047616,0.047619047619047616,False
Q15797,465.0,0,1,37,37.0,0.07956989247311828,1,0,0,0,0,0,0,0,0,1,0,0,0,0,0,0,0,0,0,0,0,0,0,0,-0.02702702702702703,0.02702702702702703,False
P53999,127.0,3,1,24,24.0,0.1889763779527559,1,0,0,1,0,0,0,0,0,0,0,0,0,0,0,0,0,1,0,0,0,0,0,0,-0.04166666666666666,0.375,False
Q2WGJ9,1857.0,4,2,37,18.5,0.01992460958535272,2,0,0,0,0,1,0,0,0,0,1,0,0,0,0,0,1,0,0,0,0,0,0,0,0.10810810810810811,0.3783783783783784,False
E5RHF4,198.0,2,1,30,30.0,0.15151515151515152,1,0,1,0,0,0,0,0,0,0,0,0,0,0,0,0,0,0,0,0,1,0,0,0,0.4,0.5333333333333333,False
E5RJM0,639.0,0,2,65,32.5,0.10172143974960876,2,0,0,0,0,1,0,0,0,1,0,0,0,0,0,1,0,0,0,0,0,0,0,0,0.046153846153846156,0.046153846153846156,False
E7ERJ7,604.0,0,1,18,18.0,0.029801324503311258,1,0,0,0,1,0,0,0,0,0,0,0,1,0,0,0,0,0,0,0,0,0,0,0,0.1111111111111111,0.1111111111111111,False
O15372,352.0,3,1,15,15.0,0.04261363636363636,1,0,0,0,0,0,0,1,0,0,0,0,0,0,0,0,0,0,0,0,0,0,0,0,0.2666666666666667,0.2666666666666667,False
P49756,843.0,3,4,256,64.0,0.3036773428232503,3+,0,0,1,1,0,1,0,0,0,0,1,1,0,0,0,0,0,0,0,0,0,1,0,-0.0234375,0.7578125,False
E9PJG9,54.0,4,1,14,14.0,0.25925925925925924,1,0,0,0,0,0,0,1,0,0,0,0,0,0,0,0,0,0,0,0,0,0,0,0,0.5,0.5,False
Q9UHX1,559.0,0,1,40,40.0,0.07155635062611806,1,0,0,1,0,0,0,0,0,0,0,0,1,0,0,0,0,0,0,0,0,0,0,0,0.0,0.05,False
E9PIF2,835.0,1,2,37,18.5,0.04431137724550898,2,0,0,0,0,1,1,0,0,0,0,0,0,0,0,0,0,0,0,0,0,0,0,0,-0.6216216216216216,0.6216216216216216,False
A1L020,520.0,0,2,69,34.5,0.1326923076923077,2,0,0,1,0,1,0,0,0,1,0,0,1,0,0,0,0,0,0,0,0,0,0,0,-0.028985507246376805,0.057971014492753624,False
E9PMM9,218.0,2,1,48,48.0,0.22018348623853212,1,0,0,1,0,0,0,0,0,0,0,0,0,0,0,0,0,0,0,0,1,0,0,0,0.2291666666666667,0.2291666666666667,False
E9PL19,596.0,0,1,40,40.0,0.06711409395973154,1,0,0,1,0,0,0,0,0,0,0,0,1,0,0,0,0,0,0,0,0,0,0,0,0.0,0.05,False
Q9Y2W1,955.0,3,6,205,34.166666666666664,0.21465968586387435,3+,1,1,1,0,1,1,1,0,0,0,0,0,0,0,0,0,0,0,0,1,0,1,0,0.24390243902439024,0.4,False
H0YDK8,900.0,0,3,70,23.333333333333332,0.07777777777777778,3+,0,0,0,0,1,0,0,0,0,0,0,1,0,0,0,0,0,1,0,0,0,0,0,0.0,0.0,False
P62851,125.0,4,2,33,16.5,0.264,2,1,1,0,0,0,0,0,0,0,1,0,0,0,0,0,0,0,0,0,0,0,0,0,0.36363636363636365,0.6060606060606061,False
Q14498,530.0,4,1,63,63.0,0.11886792452830189,1,0,0,0,0,1,0,0,0,0,0,0,0,0,0,0,0,0,0,0,0,0,1,0,0.4285714285714285,0.7142857142857143,False
Q12872,951.0,3,5,124,24.8,0.13038906414300735,3+,0,0,1,1,1,0,0,0,0,0,0,1,0,0,0,0,0,0,1,0,0,1,1,0.1532258064516129,0.3467741935483871,False
P51513,507.0,0,1,42,42.0,0.08284023668639054,1,0,0,0,1,0,0,0,0,0,0,0,1,0,0,0,0,0,0,0,0,0,0,0,-0.023809523809523808,0.023809523809523808,False
A0A0C4DGG8,1043.0,3,6,216,36.0,0.20709491850431447,3+,0,0,1,1,1,1,0,0,0,0,0,1,0,0,0,0,1,0,0,0,0,1,0,0.004629629629629638,0.5416666666666666,False
Q8IWX8,916.0,3,4,158,39.5,0.17248908296943233,3+,1,1,0,1,0,0,0,0,0,0,0,1,0,0,0,0,0,0,0,0,0,1,0,0.18987341772151897,0.21518987341772153,False
F5GYR3,275.0,1,1,16,16.0,0.05818181818181818,1,0,0,0,0,1,1,0,0,0,0,0,0,0,0,0,0,0,0,0,0,0,0,0,-0.5625,0.6875,False
Q15233,471.0,0,3,79,26.333333333333332,0.16772823779193205,3+,0,0,1,0,1,0,0,0,1,0,0,1,0,0,0,0,0,0,0,0,0,0,0,0.06329113924050633,0.2911392405063291,False
Q9Y4C8,960.0,1,2,25,12.5,0.026041666666666668,2,0,0,0,1,0,1,0,0,0,0,0,0,0,0,0,0,0,0,0,0,0,0,0,-0.68,0.68,False
O60942,597.0,1,1,11,11.0,0.018425460636515914,1,0,0,1,0,0,1,0,0,0,0,0,0,0,0,0,0,0,0,0,0,0,0,0,-0.9090909090909091,0.9090909090909091,False
Q9UPS6,1966.0,0,9,350,38.888888888888886,0.1780264496439471,3+,0,0,0,0,1,1,0,0,1,0,0,1,0,0,0,0,0,0,1,0,0,0,0,-0.17142857142857143,0.24,False
P56270,477.0,0,5,149,29.8,0.31236897274633124,3+,0,0,0,0,1,0,0,0,0,0,0,1,0,0,0,0,0,0,0,0,0,0,0,-0.026845637583892617,0.026845637583892617,False
Q7Z5Q1,589.0,0,1,38,38.0,0.06451612903225806,1,0,0,0,0,1,0,0,0,0,0,0,1,0,0,0,0,0,0,0,0,0,0,0,0.05263157894736842,0.05263157894736842,False
Q9Y5A9,579.0,0,1,26,26.0,0.044905008635578586,1,0,0,0,0,1,0,0,0,0,0,0,1,0,0,0,0,0,0,0,0,0,0,0,0.0,0.0,False
Q9NP64,241.0,4,3,61,20.333333333333332,0.25311203319502074,3+,0,0,0,0,1,1,1,0,0,1,0,0,0,0,0,0,0,0,0,0,0,0,0,0.19672131147540983,0.6885245901639344,False
F8VQP2,1073.0,3,2,56,28.0,0.0521901211556384,2,0,0,0,1,0,0,0,0,1,0,0,0,0,0,0,0,0,0,0,0,0,1,0,0.12499999999999999,0.12499999999999999,False
Q5JTH9,1297.0,1,1,11,11.0,0.008481110254433308,1,0,0,0,0,1,1,0,0,0,0,0,0,0,0,0,0,0,0,0,0,0,0,0,-0.9090909090909091,0.9090909090909091,False
Q9UIF9,1905.0,4,3,75,25.0,0.03937007874015748,3+,0,0,0,0,1,1,0,0,0,1,0,0,0,0,0,0,0,0,0,0,0,0,0,0.07999999999999995,0.64,False
F8VU11,892.0,0,7,193,27.571428571428573,0.2163677130044843,3+,0,0,0,0,0,0,1,0,0,0,0,1,0,0,0,0,1,0,0,0,0,0,0,0.11398963730569948,0.31088082901554404,False
F8VXY6,228.0,1,1,34,34.0,0.14912280701754385,1,0,0,1,0,0,1,0,0,0,0,0,0,0,0,0,0,0,0,0,0,0,0,0,-0.1176470588235294,0.7058823529411765,False
O15037,678.0,0,1,14,14.0,0.02064896755162242,1,0,0,0,0,1,0,0,0,0,0,0,1,0,0,0,0,0,0,0,0,0,0,0,0.0,0.1428571428571428,False
Q13243,272.0,3,2,72,36.0,0.2647058823529412,2,0,0,1,0,1,0,0,0,0,0,0,0,0,0,0,0,0,0,0,0,0,1,0,0.3888888888888889,0.4444444444444444,False
P60153,205.0,2,1,14,14.0,0.06829268292682927,1,0,0,1,0,0,0,0,0,0,0,0,0,1,0,0,0,0,0,0,0,0,0,0,0.0,0.0,False
Q9HCK8,2581.0,0,4,122,30.5,0.04726850058117009,3+,0,0,0,1,1,1,0,1,0,0,0,1,0,0,0,0,0,0,0,0,0,0,0,-0.1721311475409836,0.27049180327868855,False
G3V529,816.0,4,2,47,23.5,0.05759803921568627,2,0,0,0,0,1,0,0,0,0,1,0,0,0,0,0,0,1,0,0,0,0,0,0,0.1276595744680851,0.5106382978723404,False
H3BM89,333.0,4,1,27,27.0,0.08108108108108109,1,0,0,0,0,1,0,0,0,0,1,0,0,0,0,0,0,0,0,0,0,0,0,0,0.3333333333333333,0.4074074074074074,False
Q9H6T0,727.0,0,1,25,25.0,0.0343878954607978,1,0,0,0,0,1,0,0,0,0,0,0,1,0,0,0,0,0,0,0,0,0,0,0,-0.12,0.12,False
Q14137,746.0,1,2,45,22.5,0.06032171581769437,2,0,0,0,0,1,1,0,0,0,0,0,0,0,0,0,0,0,0,0,0,0,0,0,-0.4888888888888889,0.4888888888888889,False
H3BPE7,527.0,2,6,320,53.333333333333336,0.6072106261859582,3+,0,1,1,0,1,0,0,0,0,0,0,0,0,0,1,0,0,0,0,1,0,0,0,0.05624999999999999,0.125,False
H3BPG5,128.0,3,1,63,63.0,0.4921875,1,0,0,1,0,0,0,0,0,0,0,0,0,0,0,0,0,0,0,0,0,0,1,0,0.3809523809523809,0.3809523809523809,False
A5YKK6,2376.0,0,2,51,25.5,0.021464646464646464,2,0,0,0,0,1,0,0,0,0,0,0,0,0,0,0,0,0,0,1,0,0,0,1,0.0392156862745098,0.0392156862745098,False
H3BSG4,173.0,0,1,29,29.0,0.1676300578034682,1,0,0,0,0,0,0,0,0,0,0,0,1,0,0,0,0,0,0,0,0,0,0,0,0.06896551724137931,0.2068965517241379,False
A0A140TA76,344.0,2,1,20,20.0,0.05813953488372093,1,0,0,0,1,0,0,0,0,0,0,0,0,0,0,0,0,0,0,0,1,0,0,0,0.35,0.45,False
J3QL05,130.0,3,1,37,37.0,0.2846153846153846,1,0,0,1,0,0,0,0,0,0,0,0,0,0,0,0,0,0,0,0,0,0,1,0,0.3513513513513514,0.4054054054054054,False
J3QS41,1943.0,0,2,65,32.5,0.033453422542460115,2,0,0,0,0,1,0,0,0,1,0,0,1,0,0,0,0,0,0,0,0,0,0,0,-0.015384615384615384,0.015384615384615384,False
Q9C0B9,1178.0,0,2,74,37.0,0.06281833616298811,2,0,0,1,0,1,1,0,0,0,0,0,1,0,0,0,0,0,0,0,0,0,0,0,0.02702702702702699,0.1891891891891892,False
Q15029,972.0,1,1,20,20.0,0.0205761316872428,1,0,0,0,0,1,1,0,0,0,0,0,0,0,0,0,0,0,0,0,0,0,0,0,-0.65,0.75,False
K7EJB9,349.0,1,1,51,51.0,0.14613180515759314,1,0,0,0,0,1,1,0,0,0,0,0,0,0,0,0,0,0,0,0,0,0,0,0,-0.4705882352941176,0.9019607843137255,False
D6W5Y5,297.0,2,1,43,43.0,0.1447811447811448,1,0,0,1,0,0,0,0,0,0,0,0,0,0,0,0,0,0,0,0,1,0,0,0,0.2093023255813954,0.3023255813953488,False
Q9BTD8,480.0,0,6,178,29.666666666666668,0.37083333333333335,3+,0,0,1,0,1,0,0,0,1,0,0,1,0,0,0,0,0,0,1,0,0,0,0,0.005617977528089882,0.11797752808988764,False
Q9UKJ3,1502.0,3,7,251,35.857142857142854,0.16711051930758988,3+,0,0,0,0,1,0,0,0,1,1,0,0,0,0,0,0,1,0,0,0,0,1,0,0.17131474103585656,0.40239043824701193,False
O00267,1087.0,1,2,52,26.0,0.04783808647654094,2,0,0,0,1,1,1,0,0,0,0,0,0,0,0,1,0,0,0,0,0,0,0,0,-0.36538461538461536,0.5576923076923077,False
Q9Y4Z0,139.0,2,1,26,26.0,0.18705035971223022,1,0,0,1,0,0,0,0,0,0,0,0,0,0,0,0,0,0,0,0,1,0,0,0,0.2307692307692308,0.2307692307692308,False
M0QY97,910.0,0,5,174,34.8,0.1912087912087912,3+,0,0,1,0,1,0,0,0,1,0,0,1,0,0,0,0,0,0,0,1,0,0,0,0.0632183908045977,0.16666666666666669,False
Q9ULX6,646.0,0,1,44,44.0,0.06811145510835913,1,0,0,1,0,0,0,0,0,0,0,0,1,0,0,0,0,0,0,0,0,0,0,0,-0.1818181818181818,0.1818181818181818,False
M0R1H0,178.0,2,1,59,59.0,0.33146067415730335,1,0,0,1,0,0,0,0,0,0,0,0,0,0,0,0,0,0,0,0,1,0,0,0,0.2033898305084746,0.2372881355932203,False
Q9NW07,568.0,0,2,53,26.5,0.09330985915492958,2,0,0,1,0,1,0,0,0,0,0,0,1,0,0,0,0,0,0,1,0,0,0,0,-0.13207547169811318,0.13207547169811318,False
P08621,437.0,4,2,118,59.0,0.2700228832951945,2,0,0,0,0,1,0,1,0,0,0,0,0,0,0,0,0,0,0,0,0,0,1,0,0.22881355932203387,0.8389830508474576,False
A6NHQ2,334.0,2,1,77,77.0,0.23053892215568864,1,0,0,1,0,0,0,0,0,0,0,0,0,0,0,0,0,0,0,0,1,0,0,0,0.1428571428571428,0.22077922077922077,False
Q96T37,977.0,0,3,73,24.333333333333332,0.07471852610030706,3+,0,0,1,1,1,0,0,0,0,0,0,1,0,0,0,0,0,0,0,0,0,1,0,0.0,0.2191780821917808,False
A6NFI3,1004.0,1,4,145,36.25,0.14442231075697212,3+,0,0,0,1,1,1,0,0,0,0,0,1,0,0,0,0,0,0,0,0,0,0,0,-0.41379310344827586,0.4827586206896552,False
A0A087WVF4,1798.0,1,4,133,33.25,0.07397107897664071,3+,0,0,0,0,1,1,0,0,1,0,0,1,0,0,1,0,0,0,0,0,0,0,0,-0.09774436090225562,0.39849624060150374,False
A0A0D9SF53,733.0,0,1,37,37.0,0.0504774897680764,1,0,0,0,0,1,0,0,0,0,0,0,0,0,0,0,0,0,0,0,0,0,1,0,0.1081081081081081,0.1081081081081081,False
A0A2R8Y4L2,320.0,2,2,90,45.0,0.28125,2,0,1,1,0,0,0,0,0,0,0,0,0,0,0,1,0,0,0,0,1,0,0,0,0.022222222222222223,0.11111111111111109,False
Q9HBD4,1679.0,0,6,154,25.666666666666668,0.09172126265634306,3+,0,0,1,1,1,1,0,0,0,1,0,1,0,0,0,0,0,0,0,0,0,0,0,-0.1038961038961039,0.2987012987012987,False
Q14839,1912.0,4,5,118,23.6,0.06171548117154812,3+,0,0,0,0,1,1,0,0,0,1,0,1,0,0,0,0,0,0,0,0,0,0,0,0.0423728813559322,0.6016949152542372,False
Q9ULG1,1556.0,4,2,55,27.5,0.03534704370179949,2,0,0,0,0,1,0,0,0,0,1,0,1,0,0,0,0,0,0,0,0,0,0,0,0.23636363636363633,0.41818181818181815,False
Q99608,321.0,0,1,17,17.0,0.0529595015576324,1,0,0,0,0,0,0,0,0,0,0,0,1,0,0,0,0,0,0,0,0,0,0,0,0.0,0.0,False
A0A590UJW6,1086.0,0,3,54,18.0,0.049723756906077346,3+,0,0,0,1,0,0,0,0,1,0,0,1,0,0,0,0,0,0,0,0,0,0,0,0.0,0.037037037037037035,False
A0A7I2V5M7,476.0,2,3,90,30.0,0.18907563025210083,3+,0,0,1,1,0,1,0,0,0,0,0,0,0,0,0,0,0,0,0,1,0,0,0,-0.2222222222222222,0.4222222222222222,False
A0A8I5KX04,1686.0,0,1,36,36.0,0.021352313167259787,1,0,1,0,0,0,0,0,0,0,0,0,0,0,0,0,0,1,0,0,0,0,0,0,0.027777777777777776,0.3055555555555556,False
A0A8I5KSH6,925.0,1,2,37,18.5,0.04,2,0,0,0,0,1,1,0,0,0,0,0,0,0,0,0,0,0,0,0,0,0,0,0,-0.6216216216216216,0.6216216216216216,False
A0A8V8TR54,2114.0,1,5,153,30.6,0.07237464522232734,3+,0,0,0,0,1,1,1,0,0,0,0,1,0,0,0,0,0,0,0,0,0,0,0,-0.24183006535947713,0.5032679738562091,False
A0ABB0MN55,322.0,2,4,126,31.5,0.391304347826087,3+,0,0,1,0,1,0,0,0,0,0,0,0,0,0,1,0,0,0,0,1,0,0,0,0.07936507936507936,0.09523809523809522,False
A0AA34QW03,678.0,2,3,118,39.333333333333336,0.17404129793510326,3+,0,0,1,0,1,0,0,0,0,0,0,0,0,0,0,0,0,0,0,1,0,0,0,0.13559322033898305,0.23728813559322035,False
A0ABB0MV08,369.0,2,2,119,59.5,0.3224932249322493,2,0,1,0,0,0,0,0,0,0,0,0,0,0,0,1,0,0,0,0,0,0,0,0,0.016806722689075633,0.08403361344537816,False
A0ACI8Q0P4,829.0,3,1,47,47.0,0.05669481302774427,1,0,0,1,0,0,0,0,0,0,0,0,0,0,0,0,0,0,0,0,0,0,1,0,-0.0425531914893617,0.723404255319149,False
A0ACI8Q806,498.0,0,1,86,86.0,0.17269076305220885,1,0,0,0,0,1,0,0,0,0,0,0,1,0,0,0,0,0,0,0,0,0,0,0,0.0,0.02325581395348837,False
A0ACI8QTQ5,1388.0,0,4,92,23.0,0.06628242074927954,3+,0,0,0,0,1,0,0,0,1,0,0,0,0,0,0,0,0,0,0,0,0,1,0,0.06521739130434782,0.1956521739130435,False
A0ACI8RI26,764.0,4,2,35,17.5,0.04581151832460733,2,0,0,0,1,1,1,0,0,0,1,0,0,0,0,0,0,0,0,0,0,0,0,0,-0.05714285714285714,0.6857142857142857,False
A0ACI8PUZ8,1375.0,0,1,8,8.0,0.005818181818181818,1,0,1,0,0,0,0,0,0,0,0,0,1,0,0,0,0,0,0,0,0,0,0,0,0.125,0.125,False
A0ACI8RSP0,320.0,2,1,30,30.0,0.09375,1,0,1,0,0,0,0,0,0,0,0,0,0,0,0,0,0,0,0,0,1,0,0,0,0.4,0.5333333333333333,False
A0ACI8PX57,378.0,2,2,147,73.5,0.3888888888888889,2,0,1,1,0,0,0,0,0,0,0,0,0,0,0,1,0,0,0,0,1,0,0,0,0.013605442176870746,0.08163265306122448,False
A0ACI8QLY8,321.0,2,3,114,38.0,0.35514018691588783,3+,1,0,1,0,0,0,0,0,1,0,0,1,0,0,0,0,0,0,0,1,0,0,0,-3.895519384649672e-18,0.07017543859649122,False
A0ACI8QUJ1,752.0,0,1,25,25.0,0.03324468085106383,1,0,0,0,0,1,0,0,0,0,0,0,1,0,0,0,0,0,0,0,0,0,0,0,-0.12,0.12,False
A0ACI8QHW6,749.0,0,1,24,24.0,0.03204272363150868,1,0,1,0,0,0,0,0,0,1,0,0,0,0,0,0,0,0,0,0,0,0,0,0,-0.04166666666666666,0.125,False
A0ACI8RX58,750.0,1,5,179,35.8,0.23866666666666667,3+,1,0,1,0,1,1,0,0,0,0,0,0,0,0,0,0,0,0,0,1,0,0,0,-0.5139664804469274,0.659217877094972,False
A0ACI8RCQ9,534.0,1,1,24,24.0,0.0449438202247191,1,0,0,0,1,0,1,0,0,0,0,0,0,0,0,0,0,0,0,0,0,0,0,0,-0.5833333333333334,0.6666666666666666,False
A0ACI8QNN6,701.0,4,1,9,9.0,0.012838801711840228,1,0,0,0,0,1,0,0,0,0,1,0,0,0,0,0,0,0,0,0,0,0,0,0,0.8888888888888888,0.8888888888888888,False
A0ACI8RR28,918.0,2,1,30,30.0,0.032679738562091505,1,0,0,0,0,1,0,0,0,0,0,0,0,0,0,0,0,0,0,0,1,0,0,0,0.3,0.3666666666666666,False
A0ACI8QU73,864.0,4,2,47,23.5,0.05439814814814815,2,0,0,0,0,1,0,0,0,0,1,0,0,0,0,0,0,1,0,0,0,0,0,0,0.1276595744680851,0.5106382978723404,False
A0ACI8R7A3,356.0,0,1,29,29.0,0.08146067415730338,1,0,0,0,0,1,0,0,0,1,0,0,0,0,0,0,0,0,0,0,0,0,0,0,0.03448275862068965,0.03448275862068965,False
A0ACI8QY88,715.0,0,4,105,26.25,0.14685314685314685,3+,0,0,0,0,1,0,0,0,0,0,0,1,0,0,0,0,0,1,0,0,0,0,0,0.01904761904761905,0.0380952380952381,False
A0ACI8SEY7,629.0,4,1,18,18.0,0.028616852146263912,1,0,0,0,0,1,0,1,0,0,0,0,0,0,0,0,0,0,0,0,0,0,0,0,0.3888888888888889,0.3888888888888889,False
A0ACI8S113,1253.0,3,1,40,40.0,0.03192338387869114,1,0,0,0,0,1,0,0,0,0,0,0,0,0,0,0,0,0,0,0,0,0,1,0,0.125,0.675,False
A0ACI8S5T8,488.0,0,2,54,27.0,0.11065573770491803,2,0,0,1,0,1,0,0,0,0,0,0,1,0,0,0,0,0,0,0,0,0,0,0,0.11111111111111115,0.11111111111111115,False
A0ACI8SXP5,451.0,0,2,60,30.0,0.13303769401330376,2,0,0,0,0,1,0,0,0,1,0,0,1,0,0,0,0,0,0,0,0,0,0,0,-3.7007434154171884e-18,0.03333333333333333,False
A0ACI8SYT5,674.0,0,2,38,19.0,0.05637982195845697,2,0,0,0,0,1,0,1,0,0,0,0,1,0,0,0,0,0,0,0,0,0,0,0,0.23684210526315788,0.39473684210526316,False
A0ACI8T823,380.0,0,1,8,8.0,0.021052631578947368,1,0,0,0,0,1,0,0,0,0,0,0,1,0,0,0,0,0,0,0,0,0,0,0,0.0,0.0,False
A0ACI8T9E2,234.0,2,1,43,43.0,0.18376068376068377,1,0,0,1,0,0,0,0,0,0,0,0,0,0,0,0,0,0,0,0,1,0,0,0,0.1395348837209302,0.1395348837209302,False
A0ACI8TFG6,1552.0,4,1,22,22.0,0.014175257731958763,1,0,0,0,1,0,0,0,0,0,1,0,0,0,0,0,0,0,0,0,0,0,0,0,0.22727272727272727,0.6818181818181818,False
A0ACI8TIT4,488.0,0,1,15,15.0,0.030737704918032786,1,0,0,0,0,1,0,0,0,0,0,0,1,0,0,0,0,0,0,0,0,0,0,0,0.06666666666666667,0.06666666666666667,False
A0ACI8TLM1,106.0,3,1,13,13.0,0.12264150943396226,1,0,0,1,0,0,0,0,0,0,0,0,0,0,0,0,0,0,0,0,0,0,1,0,0.38461538461538464,0.38461538461538464,False
A0ACI8TML7,1201.0,0,1,16,16.0,0.013322231473771857,1,0,0,0,0,1,0,0,0,0,0,0,1,0,0,0,0,0,0,0,0,0,0,0,0.0,0.0,False
A0ACI8TMU3,1055.0,0,1,51,51.0,0.04834123222748815,1,0,0,0,0,1,0,0,0,1,0,0,0,0,0,0,0,0,0,0,0,0,0,0,0.1176470588235294,0.1568627450980392,False
A0ACI8TQS2,3008.0,0,3,107,35.666666666666664,0.0355718085106383,3+,0,0,1,0,1,0,0,0,1,1,0,1,0,0,0,0,0,0,0,0,0,0,0,0.16822429906542052,0.3925233644859813,False
A0ACI8TS18,1048.0,4,1,28,28.0,0.026717557251908396,1,0,0,0,0,1,0,1,0,0,0,0,0,0,0,0,0,0,0,0,0,0,0,0,0.21428571428571427,0.7857142857142857,False
A0ACI8TUA9,638.0,2,3,135,45.0,0.2115987460815047,3+,0,0,1,0,1,0,0,0,0,0,0,0,0,0,0,0,0,0,0,1,0,0,0,0.07407407407407404,0.26666666666666666,False
A0ACI8TSY6,1461.0,0,2,45,22.5,0.030800821355236138,2,0,0,1,1,0,0,0,0,0,0,0,1,0,0,0,0,0,0,0,0,0,0,0,0.044444444444444446,0.08888888888888886,False
A0ACI8TXE9,1448.0,0,2,44,22.0,0.03038674033149171,2,0,0,0,1,1,1,0,0,0,0,0,1,0,0,0,0,0,0,0,0,0,0,0,-0.11363636363636366,0.29545454545454547,False
A0ACI8U1B9,902.0,2,4,122,30.5,0.1352549889135255,3+,0,0,1,0,1,0,0,0,0,0,0,0,0,0,1,0,0,0,0,1,0,0,0,0.06557377049180328,0.08196721311475409,False
A0ACI8U6C5,1066.0,0,1,25,25.0,0.02345215759849906,1,0,0,0,0,1,0,0,0,0,0,0,1,0,0,0,0,0,0,0,0,0,0,0,-0.04,0.12,False
A0ACI8U804,2104.0,0,1,19,19.0,0.00903041825095057,1,0,0,0,0,1,0,0,0,0,0,0,0,0,0,0,1,0,0,0,0,0,0,0,0.0,0.0,False
A0ACI8UES1,422.0,2,2,47,23.5,0.11137440758293839,2,0,0,1,1,0,0,0,0,1,0,0,0,0,0,1,0,0,0,0,0,0,0,0,-0.08510638297872343,0.08510638297872343,False
A0ACI8UNX3,1077.0,0,2,45,22.5,0.04178272980501393,2,0,0,0,0,1,0,0,0,0,0,0,1,0,0,0,0,0,0,0,0,0,0,1,-0.08888888888888889,0.26666666666666666,False
A0ACI8UMC2,837.0,1,1,23,23.0,0.027479091995221028,1,0,0,0,0,0,1,0,0,0,0,0,0,0,0,0,0,0,0,0,0,0,0,0,-0.5652173913043478,0.5652173913043478,False
A0ACI8UTL7,402.0,2,2,67,33.5,0.16666666666666666,2,0,0,0,1,1,0,0,0,0,0,0,0,0,0,0,0,0,0,0,1,0,0,0,0.19402985074626866,0.2835820895522388,False
A0ACI8UZB3,1252.0,3,1,56,56.0,0.04472843450479233,1,0,0,1,0,0,0,0,0,0,0,0,0,0,0,0,0,0,0,0,0,0,1,0,0.3392857142857143,0.6964285714285714,False
A0ACI8V583,621.0,3,1,45,45.0,0.07246376811594203,1,0,0,0,0,1,0,0,0,0,0,0,0,0,0,0,0,0,0,0,0,0,1,0,-0.06666666666666667,0.6,False
A0ACI8VCM9,1180.0,0,2,74,37.0,0.06271186440677966,2,0,0,1,0,1,1,0,0,0,0,0,1,0,0,0,0,0,0,0,0,0,0,0,0.02702702702702699,0.1891891891891892,False
A0ACI8VD15,1437.0,1,1,21,21.0,0.014613778705636743,1,0,0,1,0,0,1,0,0,0,0,0,0,0,0,0,0,0,0,0,0,0,0,0,-0.5714285714285714,0.7619047619047619,False
A0ACI8VQD2,1043.0,1,2,25,12.5,0.023969319271332695,2,0,0,0,1,0,1,0,0,0,0,0,0,0,0,0,0,0,0,0,0,0,0,0,-0.68,0.68,False
A0ACI8VSD4,674.0,0,1,10,10.0,0.01483679525222552,1,0,0,0,1,0,0,0,0,1,0,0,0,0,0,0,0,0,0,0,0,0,0,0,0.0,0.0,False
A0ACI8PHD2,261.0,2,2,74,37.0,0.2835249042145594,2,0,0,1,0,1,0,0,0,0,0,0,0,0,0,0,0,0,0,0,1,0,0,0,0.24324324324324326,0.24324324324324326,False
A6NFN3,312.0,2,1,16,16.0,0.05128205128205128,1,1,0,0,0,0,0,0,0,1,0,0,0,0,0,0,0,0,0,0,0,0,0,0,0.0625,0.0625,False
O15056,1496.0,0,1,25,25.0,0.016711229946524065,1,0,0,0,0,1,0,0,0,0,0,0,0,0,0,0,0,0,1,0,0,0,0,0,0.2,0.2,False
O15504,423.0,0,1,16,16.0,0.037825059101654845,1,0,0,0,0,0,0,0,0,0,0,0,1,0,0,0,0,0,0,0,0,0,0,0,0.0,0.0,False
O43251,390.0,0,1,25,25.0,0.0641025641025641,1,1,0,0,0,0,0,0,0,1,0,0,0,0,0,0,0,0,0,0,0,0,0,0,0.04,0.04,False
O43426,1573.0,0,3,81,27.0,0.05149396058486968,3+,0,0,1,0,1,0,0,0,0,0,0,1,0,0,1,0,0,0,0,0,0,0,0,0.0740740740740741,0.1481481481481481,False
O60318,1980.0,4,1,29,29.0,0.014646464646464647,1,0,0,0,0,0,0,0,0,0,0,0,0,0,0,0,0,1,0,0,0,0,0,0,-0.03448275862068965,0.6551724137931034,False
O75494,262.0,3,3,98,32.666666666666664,0.37404580152671757,3+,0,0,1,0,1,0,0,0,0,0,0,0,0,0,0,0,0,0,0,0,0,1,0,0.26530612244897955,0.44897959183673475,False
O95319,508.0,0,2,43,21.5,0.08464566929133858,2,0,0,0,1,0,0,0,0,0,0,0,1,0,0,0,0,0,0,0,0,0,0,1,0.023255813953488372,0.06976744186046512,False
P09651,372.0,2,2,146,73.0,0.3924731182795699,2,0,1,1,0,0,0,0,0,0,0,0,0,0,0,1,0,0,0,0,1,0,0,0,0.013698630136986299,0.0821917808219178,False
P11940,636.0,0,1,18,18.0,0.02830188679245283,1,0,0,0,1,0,0,0,0,0,0,0,1,0,0,0,0,0,0,0,0,0,0,0,0.1111111111111111,0.1111111111111111,False
P18615,380.0,4,2,90,45.0,0.23684210526315788,2,0,0,1,0,1,0,0,0,0,1,0,0,0,0,0,0,0,0,0,0,0,1,0,0.14444444444444443,0.7222222222222222,False
P22087,321.0,2,1,72,72.0,0.22429906542056074,1,0,0,1,0,0,0,0,0,0,0,0,0,0,0,0,0,0,0,0,1,0,0,0,0.2083333333333333,0.2361111111111111,False
P23588,611.0,3,1,46,46.0,0.07528641571194762,1,0,0,0,0,1,0,0,0,0,0,0,0,0,0,0,0,0,0,0,0,0,1,0,-0.04347826086956523,0.6086956521739131,False
P26651,326.0,0,2,52,26.0,0.15950920245398773,2,0,0,1,0,0,0,0,0,0,0,0,1,0,0,0,0,0,0,0,0,0,0,0,-0.019230769230769232,0.019230769230769232,False
P29558,406.0,0,1,19,19.0,0.046798029556650245,1,0,0,1,0,0,0,0,0,0,0,0,1,0,0,0,0,0,0,0,0,0,0,0,0.0,0.0,False
P35637,526.0,2,6,320,53.333333333333336,0.6083650190114068,3+,0,1,1,0,1,0,0,0,0,0,0,0,0,0,1,0,0,0,0,1,0,0,0,0.05624999999999999,0.125,False
P38159,391.0,2,2,67,33.5,0.17135549872122763,2,0,0,0,1,1,0,0,0,0,0,0,0,0,0,0,0,0,0,0,1,0,0,0,0.19402985074626866,0.2835820895522388,False
P42694,1942.0,0,2,65,32.5,0.03347064881565397,2,0,0,0,0,1,0,0,0,1,0,0,1,0,0,0,0,0,0,0,0,0,0,0,-0.015384615384615384,0.015384615384615384,False
P51114,621.0,4,2,51,25.5,0.0821256038647343,2,0,1,0,0,1,0,1,0,0,0,0,0,0,0,0,0,0,0,0,1,0,0,0,0.27450980392156865,0.4705882352941177,False
P63162,240.0,0,2,46,23.0,0.19166666666666668,2,0,0,0,0,1,0,0,0,0,0,0,1,0,0,0,0,0,0,0,0,0,0,0,0.10869565217391303,0.10869565217391303,False
P84103,164.0,3,2,65,32.5,0.39634146341463417,2,0,0,1,0,1,0,0,0,0,0,0,0,0,0,0,0,0,0,0,0,0,1,0,0.3230769230769231,0.47692307692307695,False
Q01130,221.0,3,1,113,113.0,0.5113122171945701,1,0,0,1,0,0,0,0,0,0,0,0,0,0,0,0,0,0,0,0,0,0,1,0,0.407079646017699,0.4247787610619469,False
Q01844,656.0,2,5,223,44.6,0.3399390243902439,3+,0,0,1,1,1,0,0,0,1,0,0,0,0,0,0,0,0,0,0,1,0,0,0,0.09865470852017935,0.17937219730941703,False
Q05519,484.0,3,3,125,41.666666666666664,0.25826446280991733,3+,0,0,1,0,1,0,0,0,0,0,0,1,0,0,0,0,0,0,0,0,0,1,0,0.384,0.432,False
Q07352,338.0,0,1,28,28.0,0.08284023668639054,1,0,0,0,0,1,0,0,0,0,0,0,1,0,0,0,0,0,0,0,0,0,0,0,-0.1785714285714286,0.1785714285714286,False
Q14011,172.0,2,1,43,43.0,0.25,1,0,0,1,0,0,0,0,0,0,0,0,0,0,0,0,0,0,0,0,1,0,0,0,0.2093023255813954,0.3023255813953488,False
Q14657,143.0,0,2,43,21.5,0.3006993006993007,2,0,0,0,0,0,1,0,0,0,0,0,1,0,0,0,0,0,0,0,0,0,0,0,-0.06976744186046514,0.20930232558139536,False
Q14671,1186.0,0,4,79,19.75,0.06661045531197302,3+,0,0,0,0,1,0,0,0,0,0,0,1,0,0,1,0,0,1,0,0,0,0,0,0.0,0.0,False
Q15007,396.0,0,1,26,26.0,0.06565656565656566,1,0,0,0,0,0,0,0,0,0,0,0,1,0,0,0,0,0,0,0,0,0,0,0,0.03846153846153846,0.1153846153846154,False
Q15020,963.0,0,2,57,28.5,0.059190031152647975,2,0,1,0,1,0,0,1,0,0,0,0,1,0,0,0,0,0,0,0,0,0,0,0,0.12280701754385968,0.40350877192982454,False
Q15056,248.0,2,1,20,20.0,0.08064516129032258,1,0,0,1,0,0,0,0,0,0,0,0,0,0,0,1,0,0,0,0,0,0,0,0,0.15,0.15,False
Q15459,793.0,0,5,109,21.8,0.13745271122320302,3+,1,0,1,1,1,1,0,0,0,0,0,1,0,0,0,0,0,0,0,0,0,0,0,-0.03669724770642202,0.2018348623853211,False
Q16629,238.0,3,2,111,55.5,0.46638655462184875,2,0,0,1,0,1,0,0,0,0,0,0,0,0,0,0,0,0,0,0,0,0,1,0,0.38738738738738737,0.38738738738738737,False
Q5VV67,1664.0,3,4,165,41.25,0.09915865384615384,3+,0,0,1,0,1,0,0,0,0,0,0,1,0,0,0,0,0,0,0,0,0,1,0,0.15757575757575756,0.20606060606060606,False
Q659C4,914.0,2,1,30,30.0,0.03282275711159737,1,0,0,0,0,1,0,0,0,0,0,0,0,0,0,0,0,0,0,0,1,0,0,0,0.3,0.3666666666666666,False
Q69YN4,1812.0,1,4,100,25.0,0.05518763796909492,3+,0,0,0,0,0,1,0,0,0,0,0,1,0,0,0,0,0,0,0,0,0,0,0,-0.45,0.51,False
Q6XE24,437.0,0,1,18,18.0,0.041189931350114416,1,0,0,1,0,0,0,0,0,0,0,0,1,0,0,0,0,0,0,0,0,0,0,0,0.0,0.0,False
Q7Z739,585.0,0,1,63,63.0,0.1076923076923077,1,0,0,0,0,1,0,0,0,0,0,0,1,0,0,0,0,0,0,0,0,0,0,0,0.0,0.0,False
Q86VM9,953.0,3,4,228,57.0,0.23924449108079748,3+,0,0,1,0,1,1,0,0,0,0,0,1,0,0,1,0,0,0,0,0,0,1,0,0.06140350877192982,0.43859649122807015,False
Q8IX12,1150.0,3,6,231,38.5,0.2008695652173913,3+,0,0,1,1,1,1,0,0,0,0,0,1,0,0,0,0,1,0,0,0,0,1,0,0.004329004329004337,0.5064935064935064,False
Q8IYB3,904.0,3,6,336,56.0,0.37168141592920356,3+,0,0,1,0,1,0,1,0,0,1,0,1,0,0,0,0,0,0,0,0,0,1,0,0.32142857142857145,0.4226190476190476,False
Q8N2M8,674.0,3,7,259,37.0,0.38427299703264095,3+,0,0,1,0,1,1,1,0,0,0,0,1,0,0,0,0,0,0,0,0,0,1,0,0.16602316602316605,0.3745173745173745,False
Q8N684,471.0,0,4,95,23.75,0.20169851380042464,3+,0,0,0,0,1,0,0,0,1,0,0,1,0,0,0,0,0,0,0,0,0,1,0,0.11578947368421053,0.28421052631578947,False
Q8TB72,1066.0,0,7,160,22.857142857142858,0.150093808630394,3+,0,0,1,0,1,0,0,0,1,0,0,1,0,0,1,0,0,0,0,0,0,0,0,0.00625,0.00625,False
Q8WXF1,523.0,0,1,41,41.0,0.07839388145315487,1,0,0,1,0,0,0,0,0,0,0,0,1,0,0,0,0,0,0,0,0,0,0,0,-0.1951219512195122,0.2439024390243902,False
Q96AE4,644.0,2,5,133,26.6,0.20652173913043478,3+,0,0,0,1,1,0,0,0,1,0,0,0,0,0,1,0,0,0,0,1,0,0,0,0.022556390977443608,0.022556390977443608,False
Q96DH6,328.0,0,1,29,29.0,0.08841463414634146,1,0,0,0,0,1,0,0,0,1,0,0,0,0,0,0,0,0,0,0,0,0,0,0,0.03448275862068965,0.03448275862068965,False
Q96EV2,1170.0,0,4,134,33.5,0.11452991452991453,3+,0,0,0,0,0,1,0,0,1,0,0,1,0,0,0,0,0,0,0,0,0,0,0,-0.05970149253731343,0.1044776119402985,False
Q96MU7,727.0,1,2,124,62.0,0.17056396148555708,2,0,0,0,0,1,1,1,0,0,0,0,0,0,0,0,0,0,0,0,0,0,0,0,-0.31451612903225806,0.7661290322580645,False
Q96N46,770.0,3,2,84,42.0,0.10909090909090909,2,0,0,0,0,0,0,1,0,0,0,0,0,0,0,0,0,0,0,0,0,0,1,0,0.2857142857142857,0.42857142857142855,False
Q96PZ0,661.0,1,1,27,27.0,0.04084720121028744,1,0,0,0,0,1,1,0,0,0,0,0,0,0,0,0,0,0,0,0,0,0,0,0,-0.6296296296296297,0.6296296296296297,False
Q9BXP5,876.0,1,1,40,40.0,0.045662100456621,1,0,0,0,0,1,1,0,0,0,0,0,0,0,0,0,0,0,0,0,0,0,0,0,-0.35,0.6,False
Q9BXV9,100.0,1,1,19,19.0,0.19,1,0,0,0,0,0,1,0,0,0,0,0,0,0,0,0,0,0,0,0,0,0,0,0,-0.5789473684210527,0.5789473684210527,False
Q9BYJ9,559.0,0,1,43,43.0,0.07692307692307693,1,0,0,0,0,1,0,0,0,0,0,0,1,0,0,0,0,0,0,0,0,0,0,0,0.02325581395348837,0.02325581395348837,False
Q9H4Z3,704.0,3,1,15,15.0,0.02130681818181818,1,0,0,0,0,0,0,0,0,0,0,0,0,0,0,1,0,0,0,0,0,0,0,0,0.06666666666666667,0.06666666666666667,False
Q9H6E5,874.0,0,1,25,25.0,0.028604118993135013,1,0,0,1,0,0,0,0,0,0,0,0,1,0,0,0,0,0,0,0,0,0,0,0,0.0,0.0,False
Q9HCJ0,1936.0,4,4,74,18.5,0.038223140495867766,3+,0,0,0,1,1,0,0,0,1,1,0,0,0,0,0,0,0,0,0,0,1,0,1,0.08108108108108109,0.24324324324324326,False
Q9NR56,388.0,0,1,30,30.0,0.07731958762886598,1,0,0,1,0,0,0,0,0,0,0,0,1,0,0,0,0,0,0,0,0,0,0,0,0.06666666666666667,0.06666666666666667,False
Q9P2K5,600.0,2,1,22,22.0,0.03666666666666667,1,0,0,0,1,0,0,0,0,0,0,0,0,0,1,0,0,0,0,0,0,0,0,0,-0.04545454545454546,0.04545454545454546,False
Q9UGR2,977.0,0,1,18,18.0,0.01842374616171955,1,0,0,1,0,0,0,0,0,0,0,0,1,0,0,0,0,0,0,0,0,0,0,0,-0.05555555555555555,0.05555555555555555,False
Q9UJJ7,312.0,0,1,29,29.0,0.09294871794871795,1,0,0,0,0,1,0,0,0,0,0,0,1,0,0,0,0,0,0,0,0,0,0,0,0.06896551724137931,0.2068965517241379,False
Q9UKM9,306.0,0,1,33,33.0,0.10784313725490197,1,0,0,0,0,1,0,0,0,0,0,0,0,0,0,1,0,0,0,0,0,0,0,0,0.0303030303030303,0.1515151515151515,False
Q9UPT8,1303.0,2,9,306,34.0,0.2348426707597851,3+,0,0,1,0,1,1,1,0,1,0,0,1,0,0,0,0,0,0,0,1,0,0,0,0.1045751633986928,0.2679738562091503,False
Q9UQ35,2752.0,3,13,672,51.69230769230769,0.2441860465116279,3+,0,0,0,0,1,0,1,0,0,0,0,1,0,0,0,0,0,1,0,0,0,1,0,0.324404761904762,0.36607142857142855,False
Q9Y2U8,911.0,0,1,41,41.0,0.04500548847420417,1,0,0,0,0,0,0,0,0,0,0,0,1,0,0,0,0,0,0,0,0,0,0,0,0.1219512195121951,0.1219512195121951,False
