rna_class,n,median,mean,sd,q1,q3,iqr,p_value,method,level,metric,p_fdr
diverse,60,22.0,94.83333333333333,150.10709924230048,15.75,111.5,95.75,0.032986587079874306,AlcoR,lcr,length,0.035985367723499244
mRNA,1040,27.0,82.17211538461538,121.3669187292592,16.0,92.5,76.5,0.032986587079874306,AlcoR,lcr,length,0.035985367723499244
ncRNA,196,26.0,74.5765306122449,112.07016694088587,16.75,79.25,62.5,0.032986587079874306,AlcoR,lcr,length,0.035985367723499244
pre-rRNA,133,21.0,91.45864661654136,147.71366195602056,16.0,85.0,69.0,0.032986587079874306,AlcoR,lcr,length,0.035985367723499244
ribosomal protein,98,25.0,54.755102040816325,64.59964910448407,16.0,64.75,48.75,0.032986587079874306,AlcoR,lcr,length,0.035985367723499244
snRNA,87,40.0,107.25287356321839,161.22642018983123,19.0,89.0,70.0,0.032986587079874306,AlcoR,lcr,length,0.035985367723499244
snoRNA,60,21.0,45.61666666666667,54.66014929456337,15.75,49.75,34.0,0.032986587079874306,AlcoR,lcr,length,0.035985367723499244
tRNA,245,24.0,67.18775510204081,108.8916472143504,16.0,61.0,45.0,0.032986587079874306,AlcoR,lcr,length,0.035985367723499244
unknown,885,29.0,97.60790960451978,141.49109362562876,16.0,125.0,109.0,0.032986587079874306,AlcoR,lcr,length,0.035985367723499244
diverse,60,0.07212475633528265,0.16470372025082164,0.24281915166110568,0.019673704414587333,0.154934380759558,0.1352606763449707,6.605169798341823e-16,AlcoR,lcr,coverage_per_lcr,7.926203758010188e-15
mRNA,1040,0.047431571053618296,0.14241832332421214,0.2220817761278119,0.021327868852459016,0.14658642279933376,0.12525855394687474,6.605169798341823e-16,AlcoR,lcr,coverage_per_lcr,7.926203758010188e-15
ncRNA,196,0.03313985410620441,0.09624635880944267,0.1710732866455787,0.017819623532120653,0.07854779411764706,0.06072817058552641,6.605169798341823e-16,AlcoR,lcr,coverage_per_lcr,7.926203758010188e-15
pre-rRNA,133,0.04317656129529684,0.16428120740025015,0.26921589371855625,0.017150395778364115,0.14417989417989419,0.12702949840153008,6.605169798341823e-16,AlcoR,lcr,coverage_per_lcr,7.926203758010188e-15
ribosomal protein,98,0.13183883073276714,0.2755949465341123,0.2951055539750004,0.08315330286663897,0.3726050819820636,0.28945177911542463,6.605169798341823e-16,AlcoR,lcr,coverage_per_lcr,7.926203758010188e-15
snRNA,87,0.05933852140077821,0.19365744015749678,0.2949128918072901,0.01916158872329491,0.22237796217388053,0.20321637345058563,6.605169798341823e-16,AlcoR,lcr,coverage_per_lcr,7.926203758010188e-15
snoRNA,60,0.03286205036481844,0.09480288260903377,0.17480394415811684,0.022004530961570734,0.08980197530420403,0.0677974443426333,6.605169798341823e-16,AlcoR,lcr,coverage_per_lcr,7.926203758010188e-15
tRNA,245,0.04780876494023904,0.1284107200910775,0.1989643215983818,0.02571041948579161,0.12655601659751037,0.10084559711171875,6.605169798341823e-16,AlcoR,lcr,coverage_per_lcr,7.926203758010188e-15
unknown,885,0.0411663807890223,0.1281640077508608,0.20034338653120556,0.017041581458759374,0.1404140414041404,0.12337245994538103,6.605169798341823e-16,AlcoR,lcr,coverage_per_lcr,7.926203758010188e-15
diverse,60,0.5308007188498403,0.5229751160949164,0.11577498714924807,0.45737833594976457,0.5781931464174455,0.12081481046768089,0.0024111119459815588,AlcoR,lcr,frac_polar,0.0028933343351778703
mRNA,1040,0.5333333333333333,0.5404651117235143,0.12990769163748633,0.4666666666666667,0.6095818815331011,0.14291521486643444,0.0024111119459815588,AlcoR,lcr,frac_polar,0.0028933343351778703
ncRNA,196,0.5238095238095238,0.5283114568985798,0.12386684482161893,0.45270491803278684,0.5976272534464475,0.14492233541366067,0.0024111119459815588,AlcoR,lcr,frac_polar,0.0028933343351778703
pre-rRNA,133,0.5294117647058824,0.5332710429463484,0.14400893791627858,0.4523809523809524,0.6066666666666667,0.1542857142857143,0.0024111119459815588,AlcoR,lcr,frac_polar,0.0028933343351778703
ribosomal protein,98,0.5,0.49840398119907076,0.13951453692794283,0.44145833333333334,0.5671620046620047,0.12570367132867138,0.0024111119459815588,AlcoR,lcr,frac_polar,0.0028933343351778703
snRNA,87,0.55,0.5521489998865434,0.11336077415159078,0.4955768486256291,0.6,0.10442315137437086,0.0024111119459815588,AlcoR,lcr,frac_polar,0.0028933343351778703
snoRNA,60,0.5276601998824222,0.5344980068490792,0.11584235614945684,0.47478991596638653,0.6092995169082126,0.13450960094182607,0.0024111119459815588,AlcoR,lcr,frac_polar,0.0028933343351778703
tRNA,245,0.5,0.5153408218176991,0.10585534545228666,0.4524886877828054,0.5746268656716418,0.12213817788883641,0.0024111119459815588,AlcoR,lcr,frac_polar,0.0028933343351778703
unknown,885,0.5384615384615384,0.5402364705563827,0.11965686070471995,0.4736842105263158,0.60932944606414,0.13564523553782415,0.0024111119459815588,AlcoR,lcr,frac_polar,0.0028933343351778703
diverse,60,0.6020833333333333,0.5931408790101058,0.11905292998973657,0.5606016355140186,0.6415273034941155,0.08092566798009682,3.7231126236149784e-11,AlcoR,lcr,frac_hydrophobic,2.2338675741689872e-10
mRNA,1040,0.5789473684210527,0.5688056001188103,0.12479175121398471,0.5,0.6496794871794872,0.1496794871794872,3.7231126236149784e-11,AlcoR,lcr,frac_hydrophobic,2.2338675741689872e-10
ncRNA,196,0.613300927971719,0.6037528089608942,0.11463069092969348,0.5437062937062936,0.6666666666666666,0.12296037296037299,3.7231126236149784e-11,AlcoR,lcr,frac_hydrophobic,2.2338675741689872e-10
pre-rRNA,133,0.5882352941176471,0.5828406119280929,0.12347058846157805,0.5217391304347826,0.6542553191489362,0.1325161887141536,3.7231126236149784e-11,AlcoR,lcr,frac_hydrophobic,2.2338675741689872e-10
ribosomal protein,98,0.6408730158730158,0.643494028682496,0.11794072789202432,0.5808333333333333,0.6976190476190476,0.11678571428571427,3.7231126236149784e-11,AlcoR,lcr,frac_hydrophobic,2.2338675741689872e-10
snRNA,87,0.5882352941176471,0.5780446138988033,0.12150570346495346,0.5347826086956522,0.6453125,0.11052989130434776,3.7231126236149784e-11,AlcoR,lcr,frac_hydrophobic,2.2338675741689872e-10
snoRNA,60,0.5833333333333334,0.5698971436370729,0.13717570192520076,0.47500000000000003,0.6666666666666666,0.1916666666666666,3.7231126236149784e-11,AlcoR,lcr,frac_hydrophobic,2.2338675741689872e-10
tRNA,245,0.623342175066313,0.6208114975596429,0.10464057207458188,0.5581395348837209,0.6818181818181818,0.12367864693446085,3.7231126236149784e-11,AlcoR,lcr,frac_hydrophobic,2.2338675741689872e-10
unknown,885,0.5939086294416244,0.5853359242282203,0.11885709021940583,0.5319148936170213,0.6474358974358975,0.1155210038188762,3.7231126236149784e-11,AlcoR,lcr,frac_hydrophobic,2.2338675741689872e-10
diverse,60,0.3060200668896321,0.2936309121216155,0.09949894697505758,0.24027514231499048,0.34381249999999997,0.10353735768500949,7.703462738405531e-07,AlcoR,lcr,frac_strong_hydro,2.3110388215216597e-06
mRNA,1040,0.2857142857142857,0.28290079887267733,0.10815185393672895,0.2201675320858235,0.3494047619047619,0.1292372298189384,7.703462738405531e-07,AlcoR,lcr,frac_strong_hydro,2.3110388215216597e-06
ncRNA,196,0.31320792880258896,0.3163901859560662,0.11916616339856764,0.25,0.3700657894736842,0.12006578947368418,7.703462738405531e-07,AlcoR,lcr,frac_strong_hydro,2.3110388215216597e-06
pre-rRNA,133,0.2941176470588235,0.28819264146952295,0.1261505911354662,0.2,0.359002169197397,0.15900216919739701,7.703462738405531e-07,AlcoR,lcr,frac_strong_hydro,2.3110388215216597e-06
ribosomal protein,98,0.3134892511221356,0.3200638704851134,0.12667443681578877,0.2681818181818182,0.3605769230769231,0.09239510489510488,7.703462738405531e-07,AlcoR,lcr,frac_strong_hydro,2.3110388215216597e-06
snRNA,87,0.3220779220779221,0.3086203698679897,0.10293135985473935,0.24871134020618554,0.375,0.12628865979381446,7.703462738405531e-07,AlcoR,lcr,frac_strong_hydro,2.3110388215216597e-06
snoRNA,60,0.28541033434650454,0.27143777654921386,0.10382004191132825,0.2,0.33911169415292347,0.13911169415292346,7.703462738405531e-07,AlcoR,lcr,frac_strong_hydro,2.3110388215216597e-06
tRNA,245,0.3157894736842105,0.30503603465144136,0.09692309505617563,0.25,0.3568773234200743,0.10687732342007428,7.703462738405531e-07,AlcoR,lcr,frac_strong_hydro,2.3110388215216597e-06
unknown,885,0.28125,0.2796343598298368,0.10925785221201474,0.2173913043478261,0.336864406779661,0.1194731024318349,7.703462738405531e-07,AlcoR,lcr,frac_strong_hydro,2.3110388215216597e-06
diverse,60,0.10883437563727824,0.0977213115729522,0.06444910083143046,0.05,0.1301075268817204,0.08010752688172039,0.0010975750601514257,AlcoR,lcr,frac_aromatic,0.0016463625902271386
mRNA,1040,0.09090909090909091,0.0989459314937546,0.07064055967587213,0.05555555555555555,0.1333333333333333,0.07777777777777775,0.0010975750601514257,AlcoR,lcr,frac_aromatic,0.0016463625902271386
ncRNA,196,0.09346610761705101,0.10520157955279996,0.07289623134250603,0.0625,0.1428571428571428,0.0803571428571428,0.0010975750601514257,AlcoR,lcr,frac_aromatic,0.0016463625902271386
pre-rRNA,133,0.06666666666666667,0.07710879386537292,0.06550476062409225,0.03571428571428571,0.1075697211155379,0.0718554354012522,0.0010975750601514257,AlcoR,lcr,frac_aromatic,0.0016463625902271386
ribosomal protein,98,0.0902257679366113,0.09805186447155012,0.06891194359023801,0.0625,0.1363636363636364,0.07386363636363641,0.0010975750601514257,AlcoR,lcr,frac_aromatic,0.0016463625902271386
snRNA,87,0.1,0.10617577054131865,0.06772089322279343,0.06458333333333333,0.1448412698412698,0.08025793650793647,0.0010975750601514257,AlcoR,lcr,frac_aromatic,0.0016463625902271386
snoRNA,60,0.08633540372670807,0.0887012477611328,0.0685090409111459,0.046908315565031986,0.125,0.07809168443496801,0.0010975750601514257,AlcoR,lcr,frac_aromatic,0.0016463625902271386
tRNA,245,0.1,0.10742413930524788,0.06974880447140801,0.06060606060606061,0.1428571428571428,0.08225108225108219,0.0010975750601514257,AlcoR,lcr,frac_aromatic,0.0016463625902271386
unknown,885,0.09302325581395349,0.09909200821692099,0.06644933149030152,0.05882352941176471,0.1379310344827586,0.07910750507099387,0.0010975750601514257,AlcoR,lcr,frac_aromatic,0.0016463625902271386
diverse,60,0.5303308823529411,0.5280036620888361,0.11531603194848687,0.45811170212765956,0.5819377990430622,0.12382609691540264,7.962427766311109e-05,AlcoR,lcr,frac_disorder,0.00015924855532622217
mRNA,1040,0.5356537530266343,0.5412618018584607,0.1343921982168286,0.46123321123321126,0.6143724696356275,0.15313925840241627,7.962427766311109e-05,AlcoR,lcr,frac_disorder,0.00015924855532622217
ncRNA,196,0.5,0.5019341566685075,0.1278769189373714,0.4250305997552019,0.5760380993150684,0.15100749955986653,7.962427766311109e-05,AlcoR,lcr,frac_disorder,0.00015924855532622217
pre-rRNA,133,0.5652173913043478,0.5592456707930104,0.1413035272339982,0.473972602739726,0.6666666666666666,0.1926940639269406,7.962427766311109e-05,AlcoR,lcr,frac_disorder,0.00015924855532622217
ribosomal protein,98,0.5367083758937692,0.5309243809282033,0.13323283072543807,0.4880261248185777,0.6064814814814815,0.1184553566629038,7.962427766311109e-05,AlcoR,lcr,frac_disorder,0.00015924855532622217
snRNA,87,0.5,0.5047730431467244,0.12782127453758335,0.4166666666666667,0.5789473684210527,0.16228070175438597,7.962427766311109e-05,AlcoR,lcr,frac_disorder,0.00015924855532622217
snoRNA,60,0.5564705882352942,0.5579569059326995,0.15729326469881266,0.46960784313725484,0.6666666666666666,0.1970588235294118,7.962427766311109e-05,AlcoR,lcr,frac_disorder,0.00015924855532622217
tRNA,245,0.5,0.5159127141726433,0.126331865661927,0.4418604651162791,0.5833333333333334,0.1414728682170543,7.962427766311109e-05,AlcoR,lcr,frac_disorder,0.00015924855532622217
unknown,885,0.5201793721973094,0.5277127951379119,0.12851189298509533,0.4555873925501432,0.5909090909090909,0.13532169835894775,7.962427766311109e-05,AlcoR,lcr,frac_disorder,0.00015924855532622217
diverse,60,0.125,0.13727649616681709,0.07142640621636939,0.1010869565217391,0.15979166666666667,0.05870471014492756,0.0005353896831813864,AlcoR,lcr,frac_positive,0.0009178108854538052
mRNA,1040,0.12,0.1298275099835022,0.09118691418486273,0.07349568267674042,0.1739130434782609,0.10041736080152047,0.0005353896831813864,AlcoR,lcr,frac_positive,0.0009178108854538052
ncRNA,196,0.125,0.13371132734054753,0.08707358318487371,0.08205199888174447,0.1666666666666667,0.08461466778492224,0.0005353896831813864,AlcoR,lcr,frac_positive,0.0009178108854538052
pre-rRNA,133,0.130718954248366,0.14403629744533059,0.10777012682618933,0.05882352941176471,0.1820987654320988,0.12327523602033408,0.0005353896831813864,AlcoR,lcr,frac_positive,0.0009178108854538052
ribosomal protein,98,0.16552511415525117,0.17567951367499757,0.09575863020665143,0.11027777777777778,0.2222222222222222,0.11194444444444443,0.0005353896831813864,AlcoR,lcr,frac_positive,0.0009178108854538052
snRNA,87,0.125,0.13615296574751626,0.09246233439194325,0.07938508064516128,0.17851307189542487,0.09912799125026359,0.0005353896831813864,AlcoR,lcr,frac_positive,0.0009178108854538052
snoRNA,60,0.11196581196581196,0.12219403912119987,0.09098776027253742,0.056746031746031746,0.1578947368421053,0.10114870509607357,0.0005353896831813864,AlcoR,lcr,frac_positive,0.0009178108854538052
tRNA,245,0.1222707423580786,0.13630646683231148,0.07776873294342523,0.09090909090909091,0.1666666666666667,0.0757575757575758,0.0005353896831813864,AlcoR,lcr,frac_positive,0.0009178108854538052
unknown,885,0.1262458471760797,0.1305609092457068,0.07764517403729007,0.0821917808219178,0.1679389312977099,0.0857471504757921,0.0005353896831813864,AlcoR,lcr,frac_positive,0.0009178108854538052
diverse,60,0.11611054937647455,0.11244420433007239,0.06440548382989213,0.06839080459770115,0.1538461538461539,0.08545534924845276,2.627154315952279e-05,AlcoR,lcr,frac_negative,6.30517035828547e-05
mRNA,1040,0.1174518479958355,0.12625039424161336,0.0850870949891655,0.07631970500711606,0.1666666666666667,0.09034696165955065,2.627154315952279e-05,AlcoR,lcr,frac_negative,6.30517035828547e-05
ncRNA,196,0.10880902043692739,0.11661731666912302,0.07719565826172707,0.07142857142857142,0.1538461538461539,0.08241758241758249,2.627154315952279e-05,AlcoR,lcr,frac_negative,6.30517035828547e-05
pre-rRNA,133,0.1194029850746269,0.13869308850159365,0.09743783972913976,0.07692307692307693,0.1764705882352941,0.09954751131221717,2.627154315952279e-05,AlcoR,lcr,frac_negative,6.30517035828547e-05
ribosomal protein,98,0.08333333333333333,0.08534325738504123,0.07358506345440725,0.023852116875372687,0.125,0.10114788312462732,2.627154315952279e-05,AlcoR,lcr,frac_negative,6.30517035828547e-05
snRNA,87,0.1238095238095238,0.12941149485688963,0.07394529036096367,0.07752403846153846,0.16952104499274312,0.09199700653120466,2.627154315952279e-05,AlcoR,lcr,frac_negative,6.30517035828547e-05
snoRNA,60,0.12036199095022625,0.1431204751939381,0.10303871950568194,0.07923076923076923,0.1745524296675192,0.09532166043674996,2.627154315952279e-05,AlcoR,lcr,frac_negative,6.30517035828547e-05
tRNA,245,0.1204819277108434,0.13021101852769465,0.07850576351149677,0.08108108108108109,0.1666666666666667,0.08558558558558563,2.627154315952279e-05,AlcoR,lcr,frac_negative,6.30517035828547e-05
unknown,885,0.119047619047619,0.13082215240846615,0.09575320252419872,0.07692307692307693,0.1666666666666667,0.08974358974358979,2.627154315952279e-05,AlcoR,lcr,frac_negative,6.30517035828547e-05
diverse,60,0.24922360248447206,0.2497207004968895,0.08476258965435073,0.19737903225806452,0.31392045454545453,0.11654142228739,0.181168116796866,AlcoR,lcr,fcr,0.181168116796866
mRNA,1040,0.25,0.25607790422511556,0.12393730890612735,0.1818181818181818,0.3214285714285715,0.1396103896103897,0.181168116796866,AlcoR,lcr,fcr,0.181168116796866
ncRNA,196,0.2345301757066463,0.25032864400967053,0.10501029432719994,0.1790768194070081,0.3043478260869565,0.1252710066799484,0.181168116796866,AlcoR,lcr,fcr,0.181168116796866
pre-rRNA,133,0.2777777777777778,0.28272938594692426,0.13760586437982147,0.2040816326530612,0.35,0.14591836734693878,0.181168116796866,AlcoR,lcr,fcr,0.181168116796866
ribosomal protein,98,0.25,0.2610227710600388,0.1170774351432492,0.19521604938271603,0.3181818181818182,0.12296576879910215,0.181168116796866,AlcoR,lcr,fcr,0.181168116796866
snRNA,87,0.2682926829268293,0.26556446060440586,0.11280873516305404,0.19600271002710024,0.31348960636886336,0.11748689634176313,0.181168116796866,AlcoR,lcr,fcr,0.181168116796866
snoRNA,60,0.24191566009747828,0.265314514315138,0.13840828275821127,0.16447368421052636,0.35399159663865554,0.18951791242812918,0.181168116796866,AlcoR,lcr,fcr,0.181168116796866
tRNA,245,0.25,0.2665174853600061,0.10441741059715233,0.2,0.3157894736842105,0.1157894736842105,0.181168116796866,AlcoR,lcr,fcr,0.181168116796866
unknown,885,0.2583025830258303,0.2613830616541729,0.11743594038325537,0.2,0.3157894736842105,0.1157894736842105,0.181168116796866,AlcoR,lcr,fcr,0.181168116796866
diverse,60,0.0,0.02483229183674469,0.10637151451297841,-0.029909026465028358,0.06354166666666666,0.09345069313169502,1.9685040120841017e-09,AlcoR,lcr,ncpr,7.874016048336407e-09
mRNA,1040,0.0,0.003577115741888806,0.1254961256996116,-0.05555555555555555,0.05714285714285714,0.11269841269841269,1.9685040120841017e-09,AlcoR,lcr,ncpr,7.874016048336407e-09
ncRNA,196,0.008044517026552955,0.0170940106714245,0.12670751821239248,-0.038700925630386206,0.0776923076923077,0.11639323332269391,1.9685040120841017e-09,AlcoR,lcr,ncpr,7.874016048336407e-09
pre-rRNA,133,0.0,0.005343208943736952,0.15258339287979908,-0.05555555555555555,0.08333333333333333,0.1388888888888889,1.9685040120841017e-09,AlcoR,lcr,ncpr,7.874016048336407e-09
ribosomal protein,98,0.0822072072072072,0.09033625628995635,0.12434559833610916,0.0,0.1666666666666667,0.1666666666666667,1.9685040120841017e-09,AlcoR,lcr,ncpr,7.874016048336407e-09
snRNA,87,0.0,0.006741470890626602,0.12372779706461054,-0.07172053231939163,0.06110074626865672,0.13282127858804835,1.9685040120841017e-09,AlcoR,lcr,ncpr,7.874016048336407e-09
snoRNA,60,0.0,-0.02092643607273825,0.13650878263866295,-0.0860248447204969,0.03776683087027914,0.12379167559077604,1.9685040120841017e-09,AlcoR,lcr,ncpr,7.874016048336407e-09
tRNA,245,0.0,0.006095448304616856,0.11627237771923037,-0.05147058823529412,0.0625,0.11397058823529413,1.9685040120841017e-09,AlcoR,lcr,ncpr,7.874016048336407e-09
unknown,885,0.0,-0.0002612431627593835,0.12885533592421783,-0.05172413793103448,0.0625,0.11422413793103448,1.9685040120841017e-09,AlcoR,lcr,ncpr,7.874016048336407e-09
diverse,60,0.13451111787998782,0.15299046800051216,0.08928869930572088,0.09668272455637539,0.190625,0.0939422754436246,0.00209645637769168,AlcoR,lcr,frac_GS,0.0027952751702555734
mRNA,1040,0.14092998107596644,0.15521271916771381,0.10431252925371388,0.09090909090909091,0.19588505747126433,0.10497596656217342,0.00209645637769168,AlcoR,lcr,frac_GS,0.0027952751702555734
ncRNA,196,0.1304347826086956,0.1303143560230447,0.07906445732880789,0.07142857142857142,0.1746543919745535,0.10322582054598209,0.00209645637769168,AlcoR,lcr,frac_GS,0.0027952751702555734
pre-rRNA,133,0.14,0.13767507194048292,0.08038766134521402,0.08333333333333333,0.1764705882352941,0.09313725490196077,0.00209645637769168,AlcoR,lcr,frac_GS,0.0027952751702555734
ribosomal protein,98,0.11,0.11884119834474544,0.07693142501523734,0.08164414414414414,0.1482142857142857,0.06657014157014154,0.00209645637769168,AlcoR,lcr,frac_GS,0.0027952751702555734
snRNA,87,0.1304347826086956,0.13988353574401244,0.07549128015895855,0.08333333333333333,0.18754578754578755,0.10421245421245422,0.00209645637769168,AlcoR,lcr,frac_GS,0.0027952751702555734
snoRNA,60,0.1361296963458569,0.1400458940119607,0.07970213482719249,0.07692307692307693,0.17488687782805434,0.09796380090497742,0.00209645637769168,AlcoR,lcr,frac_GS,0.0027952751702555734
tRNA,245,0.125,0.12965877338026563,0.0723948778615771,0.08196721311475409,0.1666666666666667,0.08469945355191262,0.00209645637769168,AlcoR,lcr,frac_GS,0.0027952751702555734
unknown,885,0.1333333333333333,0.14354500866111108,0.09011864800774291,0.09090909090909091,0.1764705882352941,0.08556149732620319,0.00209645637769168,AlcoR,lcr,frac_GS,0.0027952751702555734
