n_lcr_category,rna_class,observed,expected,log2_obs_exp,proportion_within_rna_class,analysis,p_value,present,feature_value,method,p_fdr
1,diverse,8.0,8.568181818181818,-0.09898909463136699,0.36363636363636365,multiplicity_protein,0.00021798310908001657,,,AlcoR,0.0011335121672160862
1,mRNA,158.0,146.82747933884298,0.10580255891436896,0.41909814323607425,multiplicity_protein,0.00021798310908001657,,,AlcoR,0.0011335121672160862
1,ncRNA,21.0,24.925619834710744,-0.2472400532153096,0.328125,multiplicity_protein,0.00021798310908001657,,,AlcoR,0.0011335121672160862
1,pre-rRNA,27.0,20.641528925619834,0.3874095716061996,0.5094339622641509,multiplicity_protein,0.00021798310908001657,,,AlcoR,0.0011335121672160862
1,ribosomal protein,32.0,20.25206611570248,0.6600028058648382,0.6153846153846154,multiplicity_protein,0.00021798310908001657,,,AlcoR,0.0011335121672160862
1,snRNA,23.0,15.96797520661157,0.5264524754448595,0.5609756097560976,multiplicity_protein,0.00021798310908001657,,,AlcoR,0.0011335121672160862
1,snoRNA,10.0,7.789256198347108,0.36044252400593013,0.5,multiplicity_protein,0.00021798310908001657,,,AlcoR,0.0011335121672160862
1,tRNA,29.0,33.10433884297521,-0.19096741700419959,0.3411764705882353,multiplicity_protein,0.00021798310908001657,,,AlcoR,0.0011335121672160862
1,unknown,69.0,98.92355371900827,-0.5197177059880665,0.27165354330708663,multiplicity_protein,0.00021798310908001657,,,AlcoR,0.0011335121672160862
2,diverse,4.0,5.136363636363637,-0.3607473437778905,0.18181818181818182,multiplicity_protein,0.00021798310908001657,,,AlcoR,0.0011335121672160862
2,mRNA,88.0,88.01859504132231,-0.00030481977196029013,0.23342175066312998,multiplicity_protein,0.00021798310908001657,,,AlcoR,0.0011335121672160862
2,ncRNA,16.0,14.942148760330578,0.09868427485940695,0.25,multiplicity_protein,0.00021798310908001657,,,AlcoR,0.0011335121672160862
2,pre-rRNA,11.0,12.37396694214876,-0.1698045610664951,0.20754716981132076,multiplicity_protein,0.00021798310908001657,,,AlcoR,0.0011335121672160862
2,ribosomal protein,9.0,12.140495867768594,-0.43183044183937297,0.17307692307692307,multiplicity_protein,0.00021798310908001657,,,AlcoR,0.0011335121672160862
2,snRNA,8.0,9.572314049586776,-0.25886772975867667,0.1951219512195122,multiplicity_protein,0.00021798310908001657,,,AlcoR,0.0011335121672160862
2,snoRNA,1.0,4.669421487603306,-2.223243820027956,0.05,multiplicity_protein,0.00021798310908001657,,,AlcoR,0.0011335121672160862
2,tRNA,23.0,19.84504132231405,0.21285529477871784,0.27058823529411763,multiplicity_protein,0.00021798310908001657,,,AlcoR,0.0011335121672160862
2,unknown,66.0,59.30165289256198,0.1543937074456943,0.25984251968503935,multiplicity_protein,0.00021798310908001657,,,AlcoR,0.0011335121672160862
3+,diverse,10.0,8.295454545454545,0.2696070597572802,0.45454545454545453,multiplicity_protein,0.00021798310908001657,,,AlcoR,0.0011335121672160862
3+,mRNA,131.0,142.15392561983472,-0.1178871282239992,0.34748010610079577,multiplicity_protein,0.00021798310908001657,,,AlcoR,0.0011335121672160862
3+,ncRNA,27.0,24.132231404958677,0.16199808567068347,0.421875,multiplicity_protein,0.00021798310908001657,,,AlcoR,0.0011335121672160862
3+,pre-rRNA,15.0,19.984504132231404,-0.4139192754474657,0.2830188679245283,multiplicity_protein,0.00021798310908001657,,,AlcoR,0.0011335121672160862
3+,ribosomal protein,11.0,19.607438016528924,-0.8338975159965799,0.21153846153846154,multiplicity_protein,0.00021798310908001657,,,AlcoR,0.0011335121672160862
3+,snRNA,10.0,15.459710743801653,-0.6285133262235064,0.24390243902439024,multiplicity_protein,0.00021798310908001657,,,AlcoR,0.0011335121672160862
3+,snoRNA,9.0,7.541322314049586,0.25510749006216504,0.45,multiplicity_protein,0.00021798310908001657,,,AlcoR,0.0011335121672160862
3+,tRNA,33.0,32.050619834710744,0.04211376672796646,0.38823529411764707,multiplicity_protein,0.00021798310908001657,,,AlcoR,0.0011335121672160862
3+,unknown,119.0,95.77479338842976,0.3132436600429926,0.468503937007874,multiplicity_protein,0.00021798310908001657,,,AlcoR,0.0011335121672160862
,diverse,14.0,12.25,0.19264507794239583,0.6363636363636364,position_presence,0.004759055122033576,present,domain_edge,AlcoR,0.015466929146609121
,mRNA,212.0,209.92045454545453,0.014221515816624147,0.5623342175066313,position_presence,0.004759055122033576,present,domain_edge,AlcoR,0.015466929146609121
,ncRNA,24.0,35.63636363636363,-0.5703157247567546,0.375,position_presence,0.004759055122033576,present,domain_edge,AlcoR,0.015466929146609121
,pre-rRNA,30.0,29.511363636363637,0.02369191556740833,0.5660377358490566,position_presence,0.004759055122033576,present,domain_edge,AlcoR,0.015466929146609121
,ribosomal protein,40.0,28.954545454545453,0.4662101512683594,0.7692307692307693,position_presence,0.004759055122033576,present,domain_edge,AlcoR,0.015466929146609121
,snRNA,20.0,22.829545454545453,-0.1909021352086323,0.4878048780487805,position_presence,0.004759055122033576,present,domain_edge,AlcoR,0.015466929146609121
,snoRNA,8.0,11.136363636363637,-0.4772063203652734,0.4,position_presence,0.004759055122033576,present,domain_edge,AlcoR,0.015466929146609121
,tRNA,45.0,47.32954545454545,-0.07281606528593802,0.5294117647058824,position_presence,0.004759055122033576,present,domain_edge,AlcoR,0.015466929146609121
,unknown,146.0,141.4318181818182,0.0458616466299404,0.5748031496062992,position_presence,0.004759055122033576,present,domain_edge,AlcoR,0.015466929146609121
,diverse,7.0,4.386363636363637,0.6743295034268209,0.3181818181818182,position_presence,0.001521307414782401,present,domain_intrinsic,AlcoR,0.006592332130723738
,mRNA,77.0,75.16632231404958,0.034772027432751186,0.20424403183023873,position_presence,0.001521307414782401,present,domain_intrinsic,AlcoR,0.006592332130723738
,ncRNA,18.0,12.760330578512397,0.49633120144882636,0.28125,position_presence,0.001521307414782401,present,domain_intrinsic,AlcoR,0.006592332130723738
,pre-rRNA,9.0,10.567148760330578,-0.23158925311437276,0.16981132075471697,position_presence,0.001521307414782401,present,domain_intrinsic,AlcoR,0.006592332130723738
,ribosomal protein,13.0,10.367768595041323,0.3264062000065141,0.25,position_presence,0.001521307414782401,present,domain_intrinsic,AlcoR,0.006592332130723738
,snRNA,6.0,8.174586776859504,-0.44618330389041344,0.14634146341463414,position_presence,0.001521307414782401,present,domain_intrinsic,AlcoR,0.006592332130723738
,snoRNA,4.0,3.987603305785124,0.0044781051191516335,0.2,position_presence,0.001521307414782401,present,domain_intrinsic,AlcoR,0.006592332130723738
,tRNA,28.0,16.947314049586776,0.7243701859264166,0.32941176470588235,position_presence,0.001521307414782401,present,domain_intrinsic,AlcoR,0.006592332130723738
,unknown,31.0,50.642561983471076,-0.7080821763787767,0.1220472440944882,position_presence,0.001521307414782401,present,domain_intrinsic,AlcoR,0.006592332130723738
,diverse,6.0,7.886363636363637,-0.3943977332198074,0.2727272727272727,position_presence,1.29953138889839e-06,present,distal_terminal,AlcoR,3.378781611135814e-05
,mRNA,128.0,135.14359504132233,-0.0783493285723308,0.3395225464190981,position_presence,1.29953138889839e-06,present,distal_terminal,AlcoR,3.378781611135814e-05
,ncRNA,20.0,22.94214876033058,-0.1980005204163041,0.3125,position_presence,1.29953138889839e-06,present,distal_terminal,AlcoR,3.378781611135814e-05
,pre-rRNA,18.0,18.998966942148762,-0.07792406842455331,0.33962264150943394,position_presence,1.29953138889839e-06,present,distal_terminal,AlcoR,3.378781611135814e-05
,ribosomal protein,6.0,18.640495867768596,-1.6354058327236025,0.11538461538461539,position_presence,1.29953138889839e-06,present,distal_terminal,AlcoR,3.378781611135814e-05
,snRNA,6.0,14.697314049586776,-1.2925181192005937,0.14634146341463414,position_presence,1.29953138889839e-06,present,distal_terminal,AlcoR,3.378781611135814e-05
,snoRNA,8.0,7.169421487603306,0.1581432898089713,0.4,position_presence,1.29953138889839e-06,present,distal_terminal,AlcoR,3.378781611135814e-05
,tRNA,31.0,30.47004132231405,0.024876758945506935,0.36470588235294116,position_presence,1.29953138889839e-06,present,distal_terminal,AlcoR,3.378781611135814e-05
,unknown,124.0,91.05165289256199,0.44558300831104286,0.4881889763779528,position_presence,1.29953138889839e-06,present,distal_terminal,AlcoR,3.378781611135814e-05
,diverse,3.0,3.772727272727273,-0.3306453119884713,0.13636363636363635,position_presence,0.006421475189879033,present,unclassified_no_pfam,AlcoR,0.016695835493685484
,mRNA,66.0,64.65082644628099,0.02979721201745901,0.17506631299734748,position_presence,0.006421475189879033,present,unclassified_no_pfam,AlcoR,0.016695835493685484
,ncRNA,21.0,10.975206611570249,0.93614122870643,0.328125,position_presence,0.006421475189879033,present,unclassified_no_pfam,AlcoR,0.016695835493685484
,pre-rRNA,6.0,9.088842975206612,-0.5991341479143732,0.11320754716981132,position_presence,0.006421475189879033,present,unclassified_no_pfam,AlcoR,0.016695835493685484
,ribosomal protein,1.0,8.917355371900827,-3.1566159122134225,0.019230769230769232,position_presence,0.006421475189879033,present,unclassified_no_pfam,AlcoR,0.016695835493685484
,snRNA,8.0,7.0309917355371905,0.18627180130958604,0.1951219512195122,position_presence,0.006421475189879033,present,unclassified_no_pfam,AlcoR,0.016695835493685484
,snoRNA,3.0,3.4297520661157024,-0.1931417882385364,0.15,position_presence,0.006421475189879033,present,unclassified_no_pfam,AlcoR,0.016695835493685484
,tRNA,14.0,14.576446280991735,-0.05821220815242785,0.16470588235294117,position_presence,0.006421475189879033,present,unclassified_no_pfam,AlcoR,0.016695835493685484
,unknown,44.0,43.55785123966942,0.014570737792801325,0.1732283464566929,position_presence,0.006421475189879033,present,unclassified_no_pfam,AlcoR,0.016695835493685484
,diverse,3.0,4.454545454545454,-0.5703157247567546,0.13636363636363635,position_presence,0.22303358183557992,present,domain_adjacent,AlcoR,0.3052038488276357
,mRNA,76.0,76.33471074380165,-0.006339806665692453,0.20159151193633953,position_presence,0.22303358183557992,present,domain_adjacent,AlcoR,0.3052038488276357
,ncRNA,11.0,12.958677685950413,-0.23641498820331636,0.171875,position_presence,0.22303358183557992,present,domain_adjacent,AlcoR,0.3052038488276357
,pre-rRNA,10.0,10.731404958677686,-0.10183896651645048,0.18867924528301888,position_presence,0.22303358183557992,present,domain_adjacent,AlcoR,0.3052038488276357
,ribosomal protein,15.0,10.52892561983471,0.5106042706268126,0.28846153846153844,position_presence,0.22303358183557992,present,domain_adjacent,AlcoR,0.3052038488276357
,snRNA,3.0,8.301652892561984,-1.4684361107375414,0.07317073170731707,position_presence,0.22303358183557992,present,domain_adjacent,AlcoR,0.3052038488276357
,snoRNA,6.0,4.049586776859504,0.5671877989931802,0.3,position_presence,0.22303358183557992,present,domain_adjacent,AlcoR,0.3052038488276357
,tRNA,14.0,17.210743801652892,-0.2978826209207114,0.16470588235294117,position_presence,0.22303358183557992,present,domain_adjacent,AlcoR,0.3052038488276357
,unknown,58.0,51.429752066115704,0.1734497015147926,0.2283464566929134,position_presence,0.22303358183557992,present,domain_adjacent,AlcoR,0.3052038488276357
,diverse,3.0,1.9545454545454546,0.6181293646563556,0.13636363636363635,position_presence,0.2050434086526793,present,interdomain_linker,AlcoR,0.2961738124983146
,mRNA,35.0,33.493801652892564,0.06346078624879867,0.09283819628647215,position_presence,0.2050434086526793,present,interdomain_linker,AlcoR,0.2961738124983146
,ncRNA,6.0,5.68595041322314,0.0775609832936529,0.09375,position_presence,0.2050434086526793,present,interdomain_linker,AlcoR,0.2961738124983146
,pre-rRNA,2.0,4.708677685950414,-1.2353219719907027,0.03773584905660377,position_presence,0.2050434086526793,present,interdomain_linker,AlcoR,0.2961738124983146
,ribosomal protein,0.0,4.619834710743802,,0.0,position_presence,0.2050434086526793,present,interdomain_linker,AlcoR,0.2961738124983146
,snRNA,4.0,3.6425619834710745,0.13504647795441269,0.0975609756097561,position_presence,0.2050434086526793,present,interdomain_linker,AlcoR,0.2961738124983146
,snoRNA,0.0,1.7768595041322315,,0.0,position_presence,0.2050434086526793,present,interdomain_linker,AlcoR,0.2961738124983146
,tRNA,8.0,7.551652892561983,0.08320754643479479,0.09411764705882353,position_presence,0.2050434086526793,present,interdomain_linker,AlcoR,0.2961738124983146
,unknown,28.0,22.56611570247934,0.3112687178579347,0.11023622047244094,position_presence,0.2050434086526793,present,interdomain_linker,AlcoR,0.2961738124983146
,diverse,15.0,14.75,0.024247546246677208,0.6818181818181818,signature_presence,0.03209268717623842,present,aromatic_sticker_region,AlcoR,0.06953415554851658
,mRNA,245.0,252.76136363636363,-0.0449942049906376,0.649867374005305,signature_presence,0.03209268717623842,present,aromatic_sticker_region,AlcoR,0.06953415554851658
,ncRNA,44.0,42.90909090909091,0.03622018791275347,0.6875,signature_presence,0.03209268717623842,present,aromatic_sticker_region,AlcoR,0.06953415554851658
,pre-rRNA,26.0,35.53409090909091,-0.450692167146651,0.49056603773584906,signature_presence,0.03209268717623842,present,aromatic_sticker_region,AlcoR,0.06953415554851658
,ribosomal protein,30.0,34.86363636363637,-0.21676055325711782,0.5769230769230769,signature_presence,0.03209268717623842,present,aromatic_sticker_region,AlcoR,0.06953415554851658
,snRNA,27.0,27.488636363636363,-0.025875933179159077,0.6585365853658537,signature_presence,0.03209268717623842,present,aromatic_sticker_region,AlcoR,0.06953415554851658
,snoRNA,14.0,13.409090909090908,0.062215396445697714,0.7,signature_presence,0.03209268717623842,present,aromatic_sticker_region,AlcoR,0.06953415554851658
,tRNA,60.0,56.98863636363637,0.07428822874627256,0.7058823529411765,signature_presence,0.03209268717623842,present,aromatic_sticker_region,AlcoR,0.06953415554851658
,unknown,188.0,170.29545454545453,0.14269273418092773,0.7401574803149606,signature_presence,0.03209268717623842,present,aromatic_sticker_region,AlcoR,0.06953415554851658
,diverse,6.0,4.363636363636363,0.45943161863729726,0.2727272727272727,signature_presence,0.5293083981963194,present,mixed_charge_polyampholyte,AlcoR,0.6255462887774683
,mRNA,70.0,74.77685950413223,-0.09523695977025952,0.1856763925729443,signature_presence,0.5293083981963194,present,mixed_charge_polyampholyte,AlcoR,0.6255462887774683
,ncRNA,15.0,12.694214876033058,0.24079133216195686,0.234375,signature_presence,0.5293083981963194,present,mixed_charge_polyampholyte,AlcoR,0.6255462887774683
,pre-rRNA,11.0,10.512396694214877,0.06541190062753628,0.20754716981132076,signature_presence,0.5293083981963194,present,mixed_charge_polyampholyte,AlcoR,0.6255462887774683
,ribosomal protein,5.0,10.314049586776859,-1.0446108867002912,0.09615384615384616,signature_presence,0.5293083981963194,present,mixed_charge_polyampholyte,AlcoR,0.6255462887774683
,snRNA,6.0,8.132231404958677,-0.4386887673434892,0.14634146341463414,signature_presence,0.5293083981963194,present,mixed_charge_polyampholyte,AlcoR,0.6255462887774683
,snoRNA,4.0,3.9669421487603307,0.01197264166607594,0.2,signature_presence,0.5293083981963194,present,mixed_charge_polyampholyte,AlcoR,0.6255462887774683
,tRNA,20.0,16.859504132231404,0.24643789530309892,0.23529411764705882,signature_presence,0.5293083981963194,present,mixed_charge_polyampholyte,AlcoR,0.6255462887774683
,unknown,55.0,50.3801652892562,0.12657576330593212,0.21653543307086615,signature_presence,0.5293083981963194,present,mixed_charge_polyampholyte,AlcoR,0.6255462887774683
,diverse,0.0,0.5,,0.0,signature_presence,0.6665982896717813,present,proline_rich_disordered_region,AlcoR,0.7535458926724484
,mRNA,10.0,8.568181818181818,0.22293900025599536,0.026525198938992044,signature_presence,0.6665982896717813,present,proline_rich_disordered_region,AlcoR,0.7535458926724484
,ncRNA,3.0,1.4545454545454546,1.0443941193584534,0.046875,signature_presence,0.6665982896717813,present,proline_rich_disordered_region,AlcoR,0.7535458926724484
,pre-rRNA,1.0,1.2045454545454546,-0.26848883592590206,0.018867924528301886,signature_presence,0.6665982896717813,present,proline_rich_disordered_region,AlcoR,0.7535458926724484
,ribosomal protein,0.0,1.1818181818181819,,0.0,signature_presence,0.6665982896717813,present,proline_rich_disordered_region,AlcoR,0.7535458926724484
,snRNA,0.0,0.9318181818181818,,0.0,signature_presence,0.6665982896717813,present,proline_rich_disordered_region,AlcoR,0.7535458926724484
,snoRNA,0.0,0.45454545454545453,,0.0,signature_presence,0.6665982896717813,present,proline_rich_disordered_region,AlcoR,0.7535458926724484
,tRNA,1.0,1.9318181818181819,-0.9499593175004046,0.011764705882352941,signature_presence,0.6665982896717813,present,proline_rich_disordered_region,AlcoR,0.7535458926724484
,unknown,7.0,5.7727272727272725,0.27810185392273556,0.027559055118110236,signature_presence,0.6665982896717813,present,proline_rich_disordered_region,AlcoR,0.7535458926724484
,diverse,2.0,3.5,-0.8073549220576042,0.09090909090909091,signature_presence,0.4876568086885632,present,disorder_rich_spacer_region,AlcoR,0.6037655726620306
,mRNA,65.0,59.97727272727273,0.11602379633948338,0.1724137931034483,signature_presence,0.4876568086885632,present,disorder_rich_spacer_region,AlcoR,0.6037655726620306
,ncRNA,11.0,10.181818181818182,0.11150831521699033,0.171875,signature_presence,0.4876568086885632,present,disorder_rich_spacer_region,AlcoR,0.6037655726620306
,pre-rRNA,9.0,8.431818181818182,0.09408124345880627,0.16981132075471697,signature_presence,0.4876568086885632,present,disorder_rich_spacer_region,AlcoR,0.6037655726620306
,ribosomal protein,7.0,8.272727272727273,-0.24100809950379512,0.1346153846153846,signature_presence,0.4876568086885632,present,disorder_rich_spacer_region,AlcoR,0.6037655726620306
,snRNA,1.0,6.5227272727272725,-2.70547530803839,0.024390243902439025,signature_presence,0.4876568086885632,present,disorder_rich_spacer_region,AlcoR,0.6037655726620306
,snoRNA,4.0,3.1818181818181817,0.3301486016923308,0.2,signature_presence,0.4876568086885632,present,disorder_rich_spacer_region,AlcoR,0.6037655726620306
,tRNA,14.0,13.522727272727273,0.050040682499595326,0.16470588235294117,signature_presence,0.4876568086885632,present,disorder_rich_spacer_region,AlcoR,0.6037655726620306
,unknown,41.0,40.40909090909091,0.020944014425610998,0.16141732283464566,signature_presence,0.4876568086885632,present,disorder_rich_spacer_region,AlcoR,0.6037655726620306
,diverse,5.0,4.840909090909091,0.0466500932988214,0.22727272727272727,signature_presence,0.048648102703484235,present,cation_pi_rich_neighborhood,AlcoR,0.09729620540696847
,mRNA,74.0,82.9555785123967,-0.16481373059095825,0.1962864721485411,signature_presence,0.048648102703484235,present,cation_pi_rich_neighborhood,AlcoR,0.09729620540696847
,ncRNA,18.0,14.082644628099173,0.3540786184910686,0.28125,signature_presence,0.048648102703484235,present,cation_pi_rich_neighborhood,AlcoR,0.09729620540696847
,pre-rRNA,12.0,11.662190082644628,0.04119566320671317,0.22641509433962265,signature_presence,0.048648102703484235,present,cation_pi_rich_neighborhood,AlcoR,0.09729620540696847
,ribosomal protein,5.0,11.442148760330578,-1.1943580062049735,0.09615384615384616,signature_presence,0.048648102703484235,present,cation_pi_rich_neighborhood,AlcoR,0.09729620540696847
,snRNA,7.0,9.021694214876034,-0.3660434655117234,0.17073170731707318,signature_presence,0.048648102703484235,present,cation_pi_rich_neighborhood,AlcoR,0.09729620540696847
,snoRNA,4.0,4.400826446280992,-0.13777447783860614,0.2,signature_presence,0.048648102703484235,present,cation_pi_rich_neighborhood,AlcoR,0.09729620540696847
,tRNA,15.0,18.703512396694215,-0.3183467234804271,0.17647058823529413,signature_presence,0.048648102703484235,present,cation_pi_rich_neighborhood,AlcoR,0.09729620540696847
,unknown,73.0,55.89049586776859,0.3852934891566077,0.2874015748031496,signature_presence,0.048648102703484235,present,cation_pi_rich_neighborhood,AlcoR,0.09729620540696847
,diverse,3.0,2.0,0.5849625007211562,0.13636363636363635,signature_presence,0.004645146206378633,present,arginine_rich_rna_contact_region,AlcoR,0.015466929146609121
,mRNA,32.0,34.27272727272727,-0.09898909463136699,0.08488063660477453,signature_presence,0.004645146206378633,present,arginine_rich_rna_contact_region,AlcoR,0.015466929146609121
,ncRNA,9.0,5.818181818181818,0.6293566200796096,0.140625,signature_presence,0.004645146206378633,present,arginine_rich_rna_contact_region,AlcoR,0.015466929146609121
,pre-rRNA,11.0,4.818181818181818,1.1909427827113952,0.20754716981132076,signature_presence,0.004645146206378633,present,arginine_rich_rna_contact_region,AlcoR,0.015466929146609121
,ribosomal protein,9.0,4.7272727272727275,0.9289169019385174,0.17307692307692307,signature_presence,0.004645146206378633,present,arginine_rich_rna_contact_region,AlcoR,0.015466929146609121
,snRNA,1.0,3.727272727272727,-1.8981203859807863,0.024390243902439025,signature_presence,0.004645146206378633,present,arginine_rich_rna_contact_region,AlcoR,0.015466929146609121
,snoRNA,1.0,1.8181818181818181,-0.862496476250065,0.05,signature_presence,0.004645146206378633,present,arginine_rich_rna_contact_region,AlcoR,0.015466929146609121
,tRNA,8.0,7.7272727272727275,0.050040682499595326,0.09411764705882353,signature_presence,0.004645146206378633,present,arginine_rich_rna_contact_region,AlcoR,0.015466929146609121
,unknown,14.0,23.09090909090909,-0.7218981460772644,0.05511811023622047,signature_presence,0.004645146206378633,present,arginine_rich_rna_contact_region,AlcoR,0.015466929146609121
,diverse,0.0,3.022727272727273,,0.0,signature_presence,0.018459984961858245,present,acidic_region,AlcoR,0.043632691728028576
,mRNA,50.0,51.79855371900826,-0.05098372172053453,0.13262599469496023,signature_presence,0.018459984961858245,present,acidic_region,AlcoR,0.043632691728028576
,ncRNA,5.0,8.793388429752065,-0.8144911033392327,0.078125,signature_presence,0.018459984961858245,present,acidic_region,AlcoR,0.043632691728028576
,pre-rRNA,10.0,7.2820247933884295,0.4575884420975682,0.18867924528301888,signature_presence,0.018459984961858245,present,acidic_region,AlcoR,0.043632691728028576
,ribosomal protein,3.0,7.144628099173554,-1.251896415646531,0.057692307692307696,signature_presence,0.018459984961858245,present,acidic_region,AlcoR,0.043632691728028576
,snRNA,5.0,5.633264462809917,-0.17204310795731645,0.12195121951219512,signature_presence,0.018459984961858245,present,acidic_region,AlcoR,0.043632691728028576
,snoRNA,7.0,2.7479338842975207,1.3490076289436466,0.35,signature_presence,0.018459984961858245,present,acidic_region,AlcoR,0.043632691728028576
,tRNA,12.0,11.678719008264462,0.03915236635685946,0.1411764705882353,signature_presence,0.018459984961858245,present,acidic_region,AlcoR,0.043632691728028576
,unknown,41.0,34.89876033057851,0.23244811961932269,0.16141732283464566,signature_presence,0.018459984961858245,present,acidic_region,AlcoR,0.043632691728028576
,diverse,4.0,2.0,1.0,0.18181818181818182,signature_presence,0.05488626053541681,present,hydrophobic_region,AlcoR,0.10193162670863122
,mRNA,28.0,34.27272727272727,-0.2916341725737629,0.07427055702917772,signature_presence,0.05488626053541681,present,hydrophobic_region,AlcoR,0.10193162670863122
,ncRNA,10.0,5.818181818181818,0.7813597135246596,0.15625,signature_presence,0.05488626053541681,present,hydrophobic_region,AlcoR,0.10193162670863122
,pre-rRNA,6.0,4.818181818181818,0.3164736647952542,0.11320754716981132,signature_presence,0.05488626053541681,present,hydrophobic_region,AlcoR,0.10193162670863122
,ribosomal protein,5.0,4.7272727272727275,0.08091999538356746,0.09615384615384616,signature_presence,0.05488626053541681,present,hydrophobic_region,AlcoR,0.10193162670863122
,snRNA,2.0,3.727272727272727,-0.8981203859807864,0.04878048780487805,signature_presence,0.05488626053541681,present,hydrophobic_region,AlcoR,0.10193162670863122
,snoRNA,1.0,1.8181818181818181,-0.862496476250065,0.05,signature_presence,0.05488626053541681,present,hydrophobic_region,AlcoR,0.10193162670863122
,tRNA,14.0,7.7272727272727275,0.8573956045571997,0.16470588235294117,signature_presence,0.05488626053541681,present,hydrophobic_region,AlcoR,0.10193162670863122
,unknown,18.0,23.09090909090909,-0.3593280666925561,0.07086614173228346,signature_presence,0.05488626053541681,present,hydrophobic_region,AlcoR,0.10193162670863122
,diverse,7.0,4.295454545454546,0.7045441164738286,0.3181818181818182,signature_presence,0.11325515039527743,present,unmapped_physicochemical_properties,AlcoR,0.17321375942807138
,mRNA,65.0,73.60847107438016,-0.17943208718668777,0.1724137931034483,signature_presence,0.11325515039527743,present,unmapped_physicochemical_properties,AlcoR,0.17321375942807138
,ncRNA,11.0,12.49586776859504,-0.1839475683091808,0.171875,signature_presence,0.11325515039527743,present,unmapped_physicochemical_properties,AlcoR,0.17321375942807138
,pre-rRNA,12.0,10.348140495867769,0.21366285921147887,0.22641509433962265,signature_presence,0.11325515039527743,present,unmapped_physicochemical_properties,AlcoR,0.17321375942807138
,ribosomal protein,7.0,10.152892561983471,-0.5364639830299661,0.1346153846153846,signature_presence,0.11325515039527743,present,unmapped_physicochemical_properties,AlcoR,0.17321375942807138
,snRNA,6.0,8.005165289256198,-0.4159686908434055,0.14634146341463414,signature_presence,0.11325515039527743,present,unmapped_physicochemical_properties,AlcoR,0.17321375942807138
,snoRNA,1.0,3.9049586776859506,-1.9653072818338404,0.05,signature_presence,0.11325515039527743,present,unmapped_physicochemical_properties,AlcoR,0.17321375942807138
,tRNA,17.0,16.59607438016529,0.03469271816615949,0.2,signature_presence,0.11325515039527743,present,unmapped_physicochemical_properties,AlcoR,0.17321375942807138
,unknown,63.0,49.59297520661157,0.3452160497812725,0.24803149606299213,signature_presence,0.11325515039527743,present,unmapped_physicochemical_properties,AlcoR,0.17321375942807138
,diverse,1.0,1.4318181818181819,-0.5178483048626193,0.045454545454545456,signature_presence,0.4027647487314964,present,basic_enriched_region,AlcoR,0.5235941733509453
,mRNA,16.0,24.53615702479339,-0.6168373994939864,0.042440318302387266,signature_presence,0.4027647487314964,present,basic_enriched_region,AlcoR,0.5235941733509453
,ncRNA,5.0,4.1652892561983474,0.2635114086620403,0.078125,signature_presence,0.4027647487314964,present,basic_enriched_region,AlcoR,0.5235941733509453
,pre-rRNA,4.0,3.449380165289256,0.21366285921147887,0.07547169811320754,signature_presence,0.4027647487314964,present,basic_enriched_region,AlcoR,0.5235941733509453
,ribosomal protein,6.0,3.384297520661157,0.8261060963547422,0.11538461538461539,signature_presence,0.4027647487314964,present,basic_enriched_region,AlcoR,0.5235941733509453
,snRNA,2.0,2.668388429752066,-0.41596869084340565,0.04878048780487805,signature_presence,0.4027647487314964,present,basic_enriched_region,AlcoR,0.5235941733509453
,snoRNA,2.0,1.3016528925619835,0.6196552188873158,0.1,signature_presence,0.4027647487314964,present,basic_enriched_region,AlcoR,0.5235941733509453
,tRNA,5.0,5.5320247933884295,-0.14587952747566135,0.058823529411764705,signature_presence,0.4027647487314964,present,basic_enriched_region,AlcoR,0.5235941733509453
,unknown,22.0,16.53099173553719,0.4123302456398095,0.08661417322834646,signature_presence,0.4027647487314964,present,basic_enriched_region,AlcoR,0.5235941733509453
,diverse,0.0,0.9545454545454546,,0.0,signature_presence,0.00564051212771308,present,rg_rgg_repeat_region,AlcoR,0.01629481281339334
,mRNA,29.0,16.357438016528924,0.8261060963547422,0.07692307692307693,signature_presence,0.00564051212771308,present,rg_rgg_repeat_region,AlcoR,0.01629481281339334
,ncRNA,0.0,2.7768595041322315,,0.0,signature_presence,0.00564051212771308,present,rg_rgg_repeat_region,AlcoR,0.01629481281339334
,pre-rRNA,1.0,2.299586776859504,-1.2013746400673648,0.018867924528301886,signature_presence,0.00564051212771308,present,rg_rgg_repeat_region,AlcoR,0.01629481281339334
,ribosomal protein,2.0,2.256198347107438,-0.17389390364525784,0.038461538461538464,signature_presence,0.00564051212771308,present,rg_rgg_repeat_region,AlcoR,0.01629481281339334
,snRNA,0.0,1.7789256198347108,,0.0,signature_presence,0.00564051212771308,present,rg_rgg_repeat_region,AlcoR,0.01629481281339334
,snoRNA,0.0,0.8677685950413223,,0.0,signature_presence,0.00564051212771308,present,rg_rgg_repeat_region,AlcoR,0.01629481281339334
,tRNA,0.0,3.68801652892562,,0.0,signature_presence,0.00564051212771308,present,rg_rgg_repeat_region,AlcoR,0.01629481281339334
,unknown,10.0,11.020661157024794,-0.14021077738896934,0.03937007874015748,signature_presence,0.00564051212771308,present,rg_rgg_repeat_region,AlcoR,0.01629481281339334
,diverse,0.0,0.022727272727272728,,0.0,signature_presence,0.991497075398447,present,glycine_rich_region,AlcoR,0.9967223332655162
,mRNA,1.0,0.3894628099173554,1.3604425240059301,0.002652519893899204,signature_presence,0.991497075398447,present,glycine_rich_region,AlcoR,0.9967223332655162
,ncRNA,0.0,0.06611570247933884,,0.0,signature_presence,0.991497075398447,present,glycine_rich_region,AlcoR,0.9967223332655162
,pre-rRNA,0.0,0.05475206611570248,,0.0,signature_presence,0.991497075398447,present,glycine_rich_region,AlcoR,0.9967223332655162
,ribosomal protein,0.0,0.05371900826446281,,0.0,signature_presence,0.991497075398447,present,glycine_rich_region,AlcoR,0.9967223332655162
,snRNA,0.0,0.042355371900826444,,0.0,signature_presence,0.991497075398447,present,glycine_rich_region,AlcoR,0.9967223332655162
,snoRNA,0.0,0.02066115702479339,,0.0,signature_presence,0.991497075398447,present,glycine_rich_region,AlcoR,0.9967223332655162
,tRNA,0.0,0.0878099173553719,,0.0,signature_presence,0.991497075398447,present,glycine_rich_region,AlcoR,0.9967223332655162
,unknown,0.0,0.26239669421487605,,0.0,signature_presence,0.991497075398447,present,glycine_rich_region,AlcoR,0.9967223332655162
,diverse,1.0,1.0454545454545454,-0.06413033741971558,0.045454545454545456,signature_presence,0.06256911843371206,present,gs_rich_neutral_region,AlcoR,0.10845313861843424
,mRNA,19.0,17.915289256198346,0.08480808139250284,0.050397877984084884,signature_presence,0.06256911843371206,present,gs_rich_neutral_region,AlcoR,0.10845313861843424
,ncRNA,2.0,3.041322314049587,-0.6046987187824183,0.03125,signature_presence,0.06256911843371206,present,gs_rich_neutral_region,AlcoR,0.10845313861843424
,pre-rRNA,0.0,2.518595041322314,,0.0,signature_presence,0.06256911843371206,present,gs_rich_neutral_region,AlcoR,0.10845313861843424
,ribosomal protein,1.0,2.4710743801652892,-1.3051384369235104,0.019230769230769232,signature_presence,0.06256911843371206,present,gs_rich_neutral_region,AlcoR,0.10845313861843424
,snRNA,1.0,1.9483471074380165,-0.9622507234005022,0.024390243902439025,signature_presence,0.06256911843371206,present,gs_rich_neutral_region,AlcoR,0.10845313861843424
,snoRNA,0.0,0.9504132231404959,,0.0,signature_presence,0.06256911843371206,present,gs_rich_neutral_region,AlcoR,0.10845313861843424
,tRNA,1.0,4.039256198347108,-2.01408965492012,0.011764705882352941,signature_presence,0.06256911843371206,present,gs_rich_neutral_region,AlcoR,0.10845313861843424
,unknown,21.0,12.070247933884298,0.798934017224176,0.08267716535433071,signature_presence,0.06256911843371206,present,gs_rich_neutral_region,AlcoR,0.10845313861843424
,diverse,0.0,1.1818181818181819,,0.0,signature_presence,5.681001374264259e-05,present,sr_rs_repeat_region,AlcoR,0.0007385301786543536
,mRNA,35.0,20.25206611570248,0.7892858228098044,0.09283819628647215,signature_presence,5.681001374264259e-05,present,sr_rs_repeat_region,AlcoR,0.0007385301786543536
,ncRNA,1.0,3.43801652892562,-1.7815764808664978,0.015625,signature_presence,5.681001374264259e-05,present,sr_rs_repeat_region,AlcoR,0.0007385301786543536
,pre-rRNA,1.0,2.847107438016529,-1.509496935429697,0.018867924528301886,signature_presence,5.681001374264259e-05,present,sr_rs_repeat_region,AlcoR,0.0007385301786543536
,ribosomal protein,0.0,2.793388429752066,,0.0,signature_presence,5.681001374264259e-05,present,sr_rs_repeat_region,AlcoR,0.0007385301786543536
,snRNA,6.0,2.2024793388429753,1.4458340152365747,0.14634146341463414,signature_presence,5.681001374264259e-05,present,sr_rs_repeat_region,AlcoR,0.0007385301786543536
,snoRNA,0.0,1.0743801652892562,,0.0,signature_presence,5.681001374264259e-05,present,sr_rs_repeat_region,AlcoR,0.0007385301786543536
,tRNA,0.0,4.566115702479339,,0.0,signature_presence,5.681001374264259e-05,present,sr_rs_repeat_region,AlcoR,0.0007385301786543536
,unknown,9.0,13.644628099173554,-0.6003361661963511,0.03543307086614173,signature_presence,5.681001374264259e-05,present,sr_rs_repeat_region,AlcoR,0.0007385301786543536
,diverse,1.0,0.06818181818181818,3.8744691179161412,0.045454545454545456,signature_presence,0.08614780119731652,present,serine_rich_region,AlcoR,0.13999017694563934
,mRNA,1.0,1.1683884297520661,-0.22451997671522606,0.002652519893899204,signature_presence,0.08614780119731652,present,serine_rich_region,AlcoR,0.13999017694563934
,ncRNA,0.0,0.19834710743801653,,0.0,signature_presence,0.08614780119731652,present,serine_rich_region,AlcoR,0.13999017694563934
,pre-rRNA,0.0,0.16425619834710745,,0.0,signature_presence,0.08614780119731652,present,serine_rich_region,AlcoR,0.13999017694563934
,ribosomal protein,0.0,0.16115702479338842,,0.0,signature_presence,0.08614780119731652,present,serine_rich_region,AlcoR,0.13999017694563934
,snRNA,0.0,0.12706611570247933,,0.0,signature_presence,0.08614780119731652,present,serine_rich_region,AlcoR,0.13999017694563934
,snoRNA,0.0,0.06198347107438017,,0.0,signature_presence,0.08614780119731652,present,serine_rich_region,AlcoR,0.13999017694563934
,tRNA,0.0,0.2634297520661157,,0.0,signature_presence,0.08614780119731652,present,serine_rich_region,AlcoR,0.13999017694563934
,unknown,1.0,0.7871900826446281,0.3452160497812725,0.003937007874015748,signature_presence,0.08614780119731652,present,serine_rich_region,AlcoR,0.13999017694563934
,diverse,0.0,0.045454545454545456,,0.0,signature_presence,0.9967223332655162,present,polar_linker,AlcoR,0.9967223332655162
,mRNA,1.0,0.7789256198347108,0.36044252400593013,0.002652519893899204,signature_presence,0.9967223332655162,present,polar_linker,AlcoR,0.9967223332655162
,ncRNA,0.0,0.1322314049586777,,0.0,signature_presence,0.9967223332655162,present,polar_linker,AlcoR,0.9967223332655162
,pre-rRNA,0.0,0.10950413223140495,,0.0,signature_presence,0.9967223332655162,present,polar_linker,AlcoR,0.9967223332655162
,ribosomal protein,0.0,0.10743801652892562,,0.0,signature_presence,0.9967223332655162,present,polar_linker,AlcoR,0.9967223332655162
,snRNA,0.0,0.08471074380165289,,0.0,signature_presence,0.9967223332655162,present,polar_linker,AlcoR,0.9967223332655162
,snoRNA,0.0,0.04132231404958678,,0.0,signature_presence,0.9967223332655162,present,polar_linker,AlcoR,0.9967223332655162
,tRNA,0.0,0.1756198347107438,,0.0,signature_presence,0.9967223332655162,present,polar_linker,AlcoR,0.9967223332655162
,unknown,1.0,0.5247933884297521,0.9301785505024286,0.003937007874015748,signature_presence,0.9967223332655162,present,polar_linker,AlcoR,0.9967223332655162
,diverse,0.0,0.022727272727272728,,0.0,signature_presence,0.9454861002439089,present,glutamine_rich_region,AlcoR,0.9967223332655162
,mRNA,0.0,0.3894628099173554,,0.0,signature_presence,0.9454861002439089,present,glutamine_rich_region,AlcoR,0.9967223332655162
,ncRNA,0.0,0.06611570247933884,,0.0,signature_presence,0.9454861002439089,present,glutamine_rich_region,AlcoR,0.9967223332655162
,pre-rRNA,0.0,0.05475206611570248,,0.0,signature_presence,0.9454861002439089,present,glutamine_rich_region,AlcoR,0.9967223332655162
,ribosomal protein,0.0,0.05371900826446281,,0.0,signature_presence,0.9454861002439089,present,glutamine_rich_region,AlcoR,0.9967223332655162
,snRNA,0.0,0.042355371900826444,,0.0,signature_presence,0.9454861002439089,present,glutamine_rich_region,AlcoR,0.9967223332655162
,snoRNA,0.0,0.02066115702479339,,0.0,signature_presence,0.9454861002439089,present,glutamine_rich_region,AlcoR,0.9967223332655162
,tRNA,0.0,0.0878099173553719,,0.0,signature_presence,0.9454861002439089,present,glutamine_rich_region,AlcoR,0.9967223332655162
,unknown,1.0,0.26239669421487605,1.9301785505024287,0.003937007874015748,signature_presence,0.9454861002439089,present,glutamine_rich_region,AlcoR,0.9967223332655162
