level,method,metric,rna_class,n,median,q1,q3,iqr,mean,sd,p_value,p_fdr
protein,AlcoR,coverage,diverse,22,0.3352729231908947,0.1053708133971292,0.8115528920794575,0.7061820786823283,0.4491919643204227,0.3625317173084952,0.0070370604762254,0.0189666191871256
protein,AlcoR,coverage,mRNA,377,0.2883506343713956,0.095679012345679,0.6197411003236246,0.5240620879779456,0.3928781333081714,0.3335808624738565,0.0070370604762254,0.0189666191871256
protein,AlcoR,coverage,ncRNA,64,0.1700666196304035,0.0602713111293402,0.414523973840744,0.3542526627114037,0.2947544738539182,0.3089482234608343,0.0070370604762254,0.0189666191871256
protein,AlcoR,coverage,pre-rRNA,53,0.23125,0.0974889217134416,0.7881773399014779,0.6906884181880362,0.4122528412119485,0.369166691125277,0.0070370604762254,0.0189666191871256
protein,AlcoR,coverage,ribosomal protein,52,0.4462222222222222,0.1995867768595041,0.957757084676735,0.7581703078172308,0.5193904761604424,0.3566697025213632,0.0070370604762254,0.0189666191871256
protein,AlcoR,coverage,snRNA,41,0.2724358974358974,0.1186440677966101,0.7608695652173914,0.6422254974207812,0.4109316413098102,0.3674349842052568,0.0070370604762254,0.0189666191871256
protein,AlcoR,coverage,snoRNA,20,0.2344648137196924,0.081922957920792,0.3399234411647563,0.2580004832439643,0.2844086478271013,0.2769715883664506,0.0070370604762254,0.0189666191871256
protein,AlcoR,coverage,tRNA,85,0.2822164948453608,0.0838709677419354,0.558091286307054,0.4742203185651185,0.3701250167331057,0.3264395320233594,0.0070370604762254,0.0189666191871256
protein,AlcoR,coverage,unknown,254,0.3515095685249019,0.1063435190192897,0.8086313774881967,0.702287858468907,0.4465556962972905,0.3523284727055277,0.0070370604762254,0.0189666191871256
protein,CAST,coverage,diverse,15,0.2567409144196952,0.1244843619063066,0.5010516617994716,0.3765672998931649,0.3216524580230499,0.2529050684139105,6.89186484591315e-07,6.585559741650343e-06
protein,CAST,coverage,mRNA,487,0.33,0.1780939054726368,0.5176622753006963,0.3395683698280595,0.3728067213848869,0.254012330220955,6.89186484591315e-07,6.585559741650343e-06
protein,CAST,coverage,ncRNA,69,0.1959247648902821,0.1004366812227074,0.4206500956022944,0.320213414379587,0.2814601728357179,0.2460917689494061,6.89186484591315e-07,6.585559741650343e-06
protein,CAST,coverage,pre-rRNA,82,0.2856800766283525,0.1583837924514755,0.4761316689554729,0.3177478765039974,0.3392103362902094,0.2379421979859745,6.89186484591315e-07,6.585559741650343e-06
protein,CAST,coverage,ribosomal protein,46,0.2693994601889339,0.1871532642196693,0.4666317443687794,0.2794784801491101,0.3595512056329117,0.2568701805781088,6.89186484591315e-07,6.585559741650343e-06
protein,CAST,coverage,snRNA,60,0.320741274415626,0.1508375429569397,0.5061244401443666,0.3552868971874269,0.3444527501972594,0.2268566278747605,6.89186484591315e-07,6.585559741650343e-06
protein,CAST,coverage,snoRNA,29,0.2703213610586011,0.2057044079515989,0.5326370757180157,0.3269326677664167,0.3852699604738088,0.2871940824065337,6.89186484591315e-07,6.585559741650343e-06
protein,CAST,coverage,tRNA,51,0.1422222222222222,0.0740360610263523,0.2189032339180899,0.1448671728917376,0.1708945472670487,0.128326128668251,6.89186484591315e-07,6.585559741650343e-06
protein,CAST,coverage,unknown,216,0.3176593521421108,0.1443473465359732,0.4797719062915505,0.3354245597555771,0.335559409456943,0.2365277920229823,6.89186484591315e-07,6.585559741650343e-06
protein,FLPS,coverage,diverse,43,0.1493506493506493,0.0846125730994152,0.2335372482148566,0.1489246751154414,0.1720151201213871,0.1163828186996352,6.435295204008922e-28,6.4352952040089215e-27
protein,FLPS,coverage,mRNA,674,0.213897150739256,0.1070987291127324,0.389134420800883,0.2820356916881507,0.2547029558371697,0.1808850809143007,6.435295204008922e-28,6.4352952040089215e-27
protein,FLPS,coverage,ncRNA,113,0.1134903640256959,0.0674603174603174,0.2256097560975609,0.1581494386372435,0.160158657526459,0.1216885876477114,6.435295204008922e-28,6.4352952040089215e-27
protein,FLPS,coverage,pre-rRNA,109,0.1706484641638225,0.1018363939899833,0.2486865148861646,0.1468501208961813,0.1793503536012259,0.1065660172372722,6.435295204008922e-28,6.4352952040089215e-27
protein,FLPS,coverage,ribosomal protein,118,0.1955616610789024,0.117874469375379,0.3012326125877978,0.1833581432124188,0.2259943451285658,0.155194366988509,6.435295204008922e-28,6.4352952040089215e-27
protein,FLPS,coverage,snRNA,92,0.1844054375185654,0.0872733435011015,0.3545296167247386,0.2672562732236371,0.2392178691490219,0.1802767321487918,6.435295204008922e-28,6.4352952040089215e-27
protein,FLPS,coverage,snoRNA,37,0.2296296296296296,0.118850987432675,0.3,0.1811490125673249,0.2296257042000119,0.1379862337485376,6.435295204008922e-28,6.4352952040089215e-27
protein,FLPS,coverage,tRNA,145,0.0837209302325581,0.0476190476190476,0.137299771167048,0.0896807235480004,0.1021698018848869,0.0778388030155001,6.435295204008922e-28,6.4352952040089215e-27
protein,FLPS,coverage,unknown,366,0.1429707017942312,0.0634143134407964,0.2660289365452409,0.2026146231044444,0.1860243833499001,0.1568462581939658,6.435295204008922e-28,6.4352952040089215e-27
protein,LCRFinder,coverage,diverse,21,0.0389610389610389,0.0293083235638921,0.0496894409937888,0.0203811174298966,0.0486989003152882,0.0353104981192324,1.0751847927772929e-17,9.915593088946148e-17
protein,LCRFinder,coverage,mRNA,465,0.0619136960600375,0.0298661174047373,0.116546762589928,0.0866806451851906,0.0863253994326159,0.076923429667466,1.0751847927772929e-17,9.915593088946148e-17
protein,LCRFinder,coverage,ncRNA,65,0.032171581769437,0.015625,0.0631313131313131,0.0475063131313131,0.0472549633558304,0.0470531917532418,1.0751847927772929e-17,9.915593088946148e-17
protein,LCRFinder,coverage,pre-rRNA,67,0.0375426621160409,0.0235227969740339,0.0598632428177882,0.0363404458437543,0.0469783446492566,0.0326073737307765,1.0751847927772929e-17,9.915593088946148e-17
protein,LCRFinder,coverage,ribosomal protein,21,0.064516129032258,0.0344827586206896,0.1194968553459119,0.0850140967252223,0.0757148034270465,0.0515957583593068,1.0751847927772929e-17,9.915593088946148e-17
protein,LCRFinder,coverage,snRNA,58,0.0648168187323681,0.028675679022931,0.1197198275862068,0.0910441485632758,0.0877014501132018,0.0777037757351397,1.0751847927772929e-17,9.915593088946148e-17
protein,LCRFinder,coverage,snoRNA,29,0.0502599653379549,0.0236983842010772,0.1127348643006263,0.0890364800995491,0.0876543726724034,0.097968624616414,1.0751847927772929e-17,9.915593088946148e-17
protein,LCRFinder,coverage,tRNA,51,0.0198150594451783,0.0107095847792269,0.0428520946467334,0.0321425098675064,0.0351012964732411,0.0391755725816176,1.0751847927772929e-17,9.915593088946148e-17
protein,LCRFinder,coverage,unknown,231,0.0305149396058486,0.016004376210632,0.0698482080312009,0.0538438318205688,0.0496546915193547,0.0478477464098342,1.0751847927772929e-17,9.915593088946148e-17
protein,SEG,coverage,diverse,2,0.037618835412953,0.0270164884135472,0.0482211824123588,0.0212046939988116,0.037618835412953,0.0299879658390908,0.0001095383548593,0.0007180847707447
protein,SEG,coverage,mRNA,170,0.0481608921291406,0.0280589101763695,0.096639222567148,0.0685803123907784,0.0754490212214929,0.0709584461975872,0.0001095383548593,0.0007180847707447
protein,SEG,coverage,ncRNA,14,0.0448856652343075,0.0263240534802608,0.0738038969042037,0.0474798434239429,0.0650135482280596,0.0641384521385025,0.0001095383548593,0.0007180847707447
protein,SEG,coverage,pre-rRNA,14,0.0415553893814763,0.0191352066352066,0.0994363714072016,0.0803011647719949,0.0556818933071335,0.0402350255071252,0.0001095383548593,0.0007180847707447
protein,SEG,coverage,ribosomal protein,4,0.0866114004841904,0.0599351120628327,0.1077554939193514,0.0478203818565186,0.0810792054979937,0.0333596176811311,0.0001095383548593,0.0007180847707447
protein,SEG,coverage,snRNA,19,0.0368217054263565,0.0274154810284632,0.1148626282687851,0.0874471472403219,0.0887349542252864,0.1102248261136382,0.0001095383548593,0.0007180847707447
protein,SEG,coverage,snoRNA,10,0.1117649077060317,0.042060084139938,0.2151113266424896,0.1730512425025516,0.1494413647063388,0.1383384222371902,0.0001095383548593,0.0007180847707447
protein,SEG,coverage,tRNA,3,0.0508196721311475,0.0356979019091951,0.1535853556960587,0.1178874537868635,0.1092489476931201,0.1282884910752815,0.0001095383548593,0.0007180847707447
protein,SEG,coverage,unknown,60,0.0272789284385464,0.0156139299574531,0.041451665953436,0.0258377359959829,0.0389801428500828,0.0395183013867869,0.0001095383548593,0.0007180847707447
protein,SEG_intermediate,coverage,diverse,9,0.0897435897435897,0.0662824207492795,0.1416083916083916,0.075325970859112,0.1026222376539806,0.0596317909742935,9.376608608431836e-06,8.022209587213905e-05
protein,SEG_intermediate,coverage,mRNA,330,0.0846957160016015,0.0379428033591225,0.1732243115586846,0.135281508199562,0.1303364167103882,0.1225719557347316,9.376608608431836e-06,8.022209587213905e-05
protein,SEG_intermediate,coverage,ncRNA,36,0.054396706793967,0.0348427048494983,0.0900164442476756,0.0551737393981773,0.0748976852308675,0.0648367655173703,9.376608608431836e-06,8.022209587213905e-05
protein,SEG_intermediate,coverage,pre-rRNA,39,0.0575980392156862,0.0340262970859985,0.0823426253543617,0.0483163282683631,0.0653429134442564,0.0423828992970133,9.376608608431836e-06,8.022209587213905e-05
protein,SEG_intermediate,coverage,ribosomal protein,16,0.1226325757575757,0.0824822518370905,0.2221551585385482,0.1396729067014576,0.2024516533148953,0.2328343210568099,9.376608608431836e-06,8.022209587213905e-05
protein,SEG_intermediate,coverage,snRNA,39,0.1471861471861472,0.0464548400454853,0.204822511964427,0.1583676719189417,0.1540086383382629,0.1252920029859184,9.376608608431836e-06,8.022209587213905e-05
protein,SEG_intermediate,coverage,snoRNA,18,0.0562689147813689,0.0475528968095047,0.2083292928313413,0.1607763960218366,0.1347634899316788,0.1351525263654368,9.376608608431836e-06,8.022209587213905e-05
protein,SEG_intermediate,coverage,tRNA,17,0.0736698499317871,0.0232240437158469,0.1459016393442622,0.1226775956284152,0.0944960982656214,0.0856954418389394,9.376608608431836e-06,8.022209587213905e-05
protein,SEG_intermediate,coverage,unknown,118,0.0536788248528902,0.0328209741343345,0.0893791822863749,0.0565582081520403,0.0817698001188994,0.0793715924438633,9.376608608431836e-06,8.022209587213905e-05
lcr,AlcoR,coverage_per_lcr,diverse,60,0.0721247563352826,0.0196737044145873,0.154934380759558,0.1352606763449707,0.1647037202508216,0.2428191516611056,6.605169798341823e-16,7.926203758010188e-15
lcr,AlcoR,coverage_per_lcr,mRNA,1040,0.0474315710536182,0.021327868852459,0.1465864227993337,0.1252585539468747,0.1424183233242121,0.2220817761278119,6.605169798341823e-16,7.926203758010188e-15
lcr,AlcoR,coverage_per_lcr,ncRNA,196,0.0331398541062044,0.0178196235321206,0.078547794117647,0.0607281705855264,0.0962463588094426,0.1710732866455787,6.605169798341823e-16,7.926203758010188e-15
lcr,AlcoR,coverage_per_lcr,pre-rRNA,133,0.0431765612952968,0.0171503957783641,0.1441798941798941,0.12702949840153,0.1642812074002501,0.2692158937185562,6.605169798341823e-16,7.926203758010188e-15
lcr,AlcoR,coverage_per_lcr,ribosomal protein,98,0.1318388307327671,0.0831533028666389,0.3726050819820636,0.2894517791154246,0.2755949465341123,0.2951055539750004,6.605169798341823e-16,7.926203758010188e-15
lcr,AlcoR,coverage_per_lcr,snRNA,87,0.0593385214007782,0.0191615887232949,0.2223779621738805,0.2032163734505856,0.1936574401574967,0.2949128918072901,6.605169798341823e-16,7.926203758010188e-15
lcr,AlcoR,coverage_per_lcr,snoRNA,60,0.0328620503648184,0.0220045309615707,0.089801975304204,0.0677974443426333,0.0948028826090337,0.1748039441581168,6.605169798341823e-16,7.926203758010188e-15
lcr,AlcoR,coverage_per_lcr,tRNA,245,0.047808764940239,0.0257104194857916,0.1265560165975103,0.1008455971117187,0.1284107200910775,0.1989643215983818,6.605169798341823e-16,7.926203758010188e-15
lcr,AlcoR,coverage_per_lcr,unknown,885,0.0411663807890223,0.0170415814587593,0.1404140414041404,0.123372459945381,0.1281640077508608,0.2003433865312055,6.605169798341823e-16,7.926203758010188e-15
lcr,CAST,coverage_per_lcr,diverse,27,0.1188760806916426,0.0541400222731034,0.2419180077445024,0.187777985471399,0.1786958100128055,0.2033837045371903,1.726115881219506e-14,5.178347643658519e-14
lcr,CAST,coverage_per_lcr,mRNA,879,0.1299040976460331,0.060409533249234,0.2736028999656488,0.2131933667164147,0.2065493439299657,0.2081311242031351,1.726115881219506e-14,5.178347643658519e-14
lcr,CAST,coverage_per_lcr,ncRNA,124,0.0933834367470145,0.0385746115246619,0.1958530121788269,0.1572784006541649,0.1566189671424559,0.186853044902358,1.726115881219506e-14,5.178347643658519e-14
lcr,CAST,coverage_per_lcr,pre-rRNA,119,0.1635883905013192,0.094088238844405,0.3040430622009569,0.2099548233565518,0.2337415762672031,0.1974484144481308,1.726115881219506e-14,5.178347643658519e-14
lcr,CAST,coverage_per_lcr,ribosomal protein,48,0.2626134301270417,0.1713776525198939,0.4277601443863579,0.256382491866464,0.344569905398207,0.2524847098027466,1.726115881219506e-14,5.178347643658519e-14
lcr,CAST,coverage_per_lcr,snRNA,109,0.1559356136820925,0.0638297872340425,0.2857142857142857,0.2218844984802431,0.189607018457207,0.1551107862126273,1.726115881219506e-14,5.178347643658519e-14
lcr,CAST,coverage_per_lcr,snoRNA,52,0.147799827437446,0.0555781998899976,0.2699184697610531,0.2143402698710555,0.2148620933411626,0.2327411001451017,1.726115881219506e-14,5.178347643658519e-14
lcr,CAST,coverage_per_lcr,tRNA,62,0.0980371514130638,0.0518682270474962,0.1876431585292345,0.1357749314817382,0.1405745469454755,0.1222199544511464,1.726115881219506e-14,5.178347643658519e-14
lcr,CAST,coverage_per_lcr,unknown,460,0.0917085524131594,0.0421139304011345,0.2068933045780169,0.1647793741768823,0.1575670270493471,0.1719117139423317,1.726115881219506e-14,5.178347643658519e-14
lcr,FLPS,coverage_per_lcr,diverse,176,0.0256229350953852,0.0141848602434812,0.0571949947862356,0.0430101345427544,0.0420264213932934,0.0497644017408962,1.860485183137963e-103,2.232582219765556e-102
lcr,FLPS,coverage_per_lcr,mRNA,3504,0.0269817995624447,0.0126272875953537,0.0565821360567768,0.043954848461423,0.048992520614798,0.0686594900143129,1.860485183137963e-103,2.232582219765556e-102
lcr,FLPS,coverage_per_lcr,ncRNA,603,0.0161439114391143,0.0082219999121274,0.0353639363858427,0.0271419364737153,0.0300131480936813,0.0385284271865203,1.860485183137963e-103,2.232582219765556e-102
lcr,FLPS,coverage_per_lcr,pre-rRNA,497,0.0242782152230971,0.0114247311827957,0.0477611940298507,0.036336462847055,0.0393343833853795,0.0443088297949207,1.860485183137963e-103,2.232582219765556e-102
lcr,FLPS,coverage_per_lcr,ribosomal protein,204,0.1038013059701492,0.0565805943164433,0.1825882486259844,0.126007654309541,0.1307222192410331,0.1167617972925751,1.860485183137963e-103,2.232582219765556e-102
lcr,FLPS,coverage_per_lcr,snRNA,441,0.0235294117647058,0.0109223300970873,0.0521844660194174,0.04126213592233,0.0499048615911791,0.0737700409244211,1.860485183137963e-103,2.232582219765556e-102
lcr,FLPS,coverage_per_lcr,snoRNA,185,0.0233463035019455,0.0118491921005386,0.0615384615384615,0.0496892694379229,0.0459251408400023,0.0539758292364774,1.860485183137963e-103,2.232582219765556e-102
lcr,FLPS,coverage_per_lcr,tRNA,385,0.024024024024024,0.0113636363636363,0.05,0.0386363636363636,0.0384795357748275,0.0401581691220528,1.860485183137963e-103,2.232582219765556e-102
lcr,FLPS,coverage_per_lcr,unknown,2104,0.0172975481422464,0.0089325597719731,0.0376015242943346,0.0286689645223615,0.0323597548983191,0.0485978275577899,1.860485183137963e-103,2.232582219765556e-102
lcr,LCRFinder,coverage_per_lcr,diverse,93,0.0069930069930069,0.0041753653444676,0.0113960113960113,0.0072206460515437,0.0109965258776457,0.0111769135870064,7.037198473588471e-95,8.444638168306164e-94
lcr,LCRFinder,coverage_per_lcr,mRNA,3379,0.0077639751552795,0.0044444444444444,0.0140845070422535,0.009640062597809,0.0118796421237544,0.0148895399639783,7.037198473588471e-95,8.444638168306164e-94
lcr,LCRFinder,coverage_per_lcr,ncRNA,396,0.0048780487804878,0.0028702640642939,0.0086623174518335,0.0057920533875396,0.0077564965104267,0.0103241101749124,7.037198473588471e-95,8.444638168306164e-94
lcr,LCRFinder,coverage_per_lcr,pre-rRNA,320,0.0072674418604651,0.0049109938815821,0.010752688172043,0.0058416942904608,0.0098360909109381,0.0096901614980121,7.037198473588471e-95,8.444638168306164e-94
lcr,LCRFinder,coverage_per_lcr,ribosomal protein,52,0.024024024024024,0.0185617833029686,0.0403211009174311,0.0217593176144625,0.0305771321532303,0.017502452684387,7.037198473588471e-95,8.444638168306164e-94
lcr,LCRFinder,coverage_per_lcr,snRNA,351,0.0079840319361277,0.0050150905432595,0.016025185382206,0.0110100948389465,0.0144919775115832,0.0209973846757538,7.037198473588471e-95,8.444638168306164e-94
lcr,LCRFinder,coverage_per_lcr,snoRNA,150,0.0102799354255238,0.0058737151248164,0.0196029020134896,0.0137291868886731,0.0169465120499979,0.0249343573259465,7.037198473588471e-95,8.444638168306164e-94
lcr,LCRFinder,coverage_per_lcr,tRNA,147,0.0085616438356164,0.00456996945399,0.014367816091954,0.0097978466379639,0.0121780008172469,0.0141525163481631,7.037198473588471e-95,8.444638168306164e-94
lcr,LCRFinder,coverage_per_lcr,unknown,1483,0.005090909090909,0.0030706243602865,0.0086518875733256,0.005581263213039,0.0077344799332238,0.0083142722002381,7.037198473588471e-95,8.444638168306164e-94
lcr,SEG,coverage_per_lcr,diverse,2,0.037618835412953,0.0270164884135472,0.0482211824123588,0.0212046939988116,0.037618835412953,0.0299879658390908,6.6214382367277816e-12,2.648575294691113e-11
lcr,SEG,coverage_per_lcr,mRNA,287,0.0328638497652582,0.0212324736788823,0.0542335115864527,0.0330010379075704,0.0446910578663895,0.0364035858318803,6.6214382367277816e-12,2.648575294691113e-11
lcr,SEG,coverage_per_lcr,ncRNA,34,0.0158745084814644,0.012269114616375,0.0261349484886222,0.0138658338722471,0.0267702845644951,0.0410079890758992,6.6214382367277816e-12,2.648575294691113e-11
lcr,SEG,coverage_per_lcr,pre-rRNA,20,0.0249868417407684,0.0127016129032258,0.0389915607306911,0.0262899478274653,0.0389773253149934,0.0362916596569446,6.6214382367277816e-12,2.648575294691113e-11
lcr,SEG,coverage_per_lcr,ribosomal protein,4,0.0866114004841904,0.0599351120628327,0.1077554939193514,0.0478203818565186,0.0810792054979937,0.0333596176811311,6.6214382367277816e-12,2.648575294691113e-11
lcr,SEG,coverage_per_lcr,snRNA,26,0.0337248957938613,0.0203480346097496,0.0958488420181968,0.0755008074084471,0.0648447742415555,0.0648834070933837,6.6214382367277816e-12,2.648575294691113e-11
lcr,SEG,coverage_per_lcr,snoRNA,21,0.048582995951417,0.0240112994350282,0.092814371257485,0.0688030718224567,0.0711625546220661,0.0648860451460519,6.6214382367277816e-12,2.648575294691113e-11
lcr,SEG,coverage_per_lcr,tRNA,6,0.0424677242267065,0.0233606557377049,0.0675519630484988,0.0441913073107939,0.05462447384656,0.0418793979833641,6.6214382367277816e-12,2.648575294691113e-11
lcr,SEG,coverage_per_lcr,unknown,93,0.0205278592375366,0.0108798486281929,0.0301507537688442,0.0192709051406512,0.0251484792581179,0.0178746318769075,6.6214382367277816e-12,2.648575294691113e-11
lcr,SEG_intermediate,coverage_per_lcr,diverse,19,0.0353535353535353,0.0174803399599472,0.0768547858391608,0.0593744458792135,0.0486105336255698,0.0365495117143166,4.142961571770857e-26,4.971553886125029e-25
lcr,SEG_intermediate,coverage_per_lcr,mRNA,719,0.0409026798307475,0.0239747982756714,0.0734322961271291,0.0494574978514576,0.0598206085040724,0.060830861680822,4.142961571770857e-26,4.971553886125029e-25
lcr,SEG_intermediate,coverage_per_lcr,ncRNA,69,0.0244464944649446,0.0164383561643835,0.0438356164383561,0.0273972602739726,0.0390770531639309,0.0457118297840899,4.142961571770857e-26,4.971553886125029e-25
lcr,SEG_intermediate,coverage_per_lcr,pre-rRNA,66,0.0271923442833958,0.013434841919435,0.0514272086621656,0.0379923667427306,0.038611721580697,0.0347922353862202,4.142961571770857e-26,4.971553886125029e-25
lcr,SEG_intermediate,coverage_per_lcr,ribosomal protein,18,0.132,0.084294000494265,0.1847719141323792,0.1004779136381141,0.1799570251687958,0.2137792628578019,4.142961571770857e-26,4.971553886125029e-25
lcr,SEG_intermediate,coverage_per_lcr,snRNA,77,0.0459641255605381,0.0274122807017543,0.0949612403100775,0.0675489596083231,0.078004375262237,0.0787248829794426,4.142961571770857e-26,4.971553886125029e-25
lcr,SEG_intermediate,coverage_per_lcr,snoRNA,38,0.0426866062178932,0.0266926895288238,0.0583187372468537,0.0316260477180298,0.0638353373360584,0.072427946640166,4.142961571770857e-26,4.971553886125029e-25
lcr,SEG_intermediate,coverage_per_lcr,tRNA,23,0.0467914438502673,0.0217634756796869,0.0931930952547347,0.0714296195750478,0.0698449421963289,0.0653665208456993,4.142961571770857e-26,4.971553886125029e-25
lcr,SEG_intermediate,coverage_per_lcr,unknown,278,0.0248276334413953,0.013340174448435,0.0450013029415822,0.0316611284931471,0.0347080446547846,0.0347905413016753,4.142961571770857e-26,4.971553886125029e-25
protein,AlcoR,property_fraction__acidic_region,mRNA,50,0.0364557091429531,0.0218147728545459,0.0595350296363539,0.037720256781808,0.054790937526292,0.0614657918677627,0.0096609845599929,0.0195415369508948
protein,AlcoR,property_fraction__acidic_region,ncRNA,5,0.0174418604651162,0.0146484375,0.0468292682926829,0.0321808307926829,0.0291904843492496,0.0238765455440717,0.0096609845599929,0.0195415369508948
protein,AlcoR,property_fraction__acidic_region,pre-rRNA,10,0.0430168520762198,0.0325304459566017,0.0846569088223445,0.0521264628657428,0.1105900067712807,0.1910308399972453,0.0096609845599929,0.0195415369508948
protein,AlcoR,property_fraction__acidic_region,ribosomal protein,3,0.1983471074380165,0.1307269517772606,0.2166598925168225,0.0859329407395618,0.1654755270500499,0.0905255538621606,0.0096609845599929,0.0195415369508948
protein,AlcoR,property_fraction__acidic_region,snRNA,5,0.1186440677966101,0.0386847195357833,0.1304347826086956,0.0917500630729122,0.1182401350610778,0.1114733680319022,0.0096609845599929,0.0195415369508948
protein,AlcoR,property_fraction__acidic_region,snoRNA,7,0.0211864406779661,0.0114758499120954,0.0505376819931849,0.0390618320810894,0.0340005411841301,0.0342096774469428,0.0096609845599929,0.0195415369508948
protein,AlcoR,property_fraction__acidic_region,tRNA,12,0.021514318002516,0.0179497628927089,0.0740690218788346,0.0561192589861256,0.085964184898392,0.1683620251722047,0.0096609845599929,0.0195415369508948
protein,AlcoR,property_fraction__acidic_region,unknown,41,0.0227272727272727,0.0137931034482758,0.0411663807890223,0.0273732773407464,0.0417533326936322,0.0710077788887824,0.0096609845599929,0.0195415369508948
protein,FLPS,property_fraction__acidic_region,diverse,15,0.0227703984819734,0.0145629833129833,0.0460340332098257,0.0314710498968424,0.0316046780517872,0.0229070460402522,1.6663893278460203e-05,2.777315546410034e-05
protein,FLPS,property_fraction__acidic_region,mRNA,292,0.0410277558027974,0.0182235170148143,0.0851502824197371,0.0669267654049228,0.0644786603521538,0.0681312919724866,1.6663893278460203e-05,2.777315546410034e-05
protein,FLPS,property_fraction__acidic_region,ncRNA,44,0.0390163165586894,0.0245932194522196,0.0670025531529029,0.0424093337006833,0.0542970492982603,0.0496756616465894,1.6663893278460203e-05,2.777315546410034e-05
protein,FLPS,property_fraction__acidic_region,pre-rRNA,69,0.0763299922898997,0.0368763557483731,0.1121495327102803,0.0752731769619072,0.0836630292952782,0.063331519436046,1.6663893278460203e-05,2.777315546410034e-05
protein,FLPS,property_fraction__acidic_region,ribosomal protein,12,0.0482639208922011,0.0309855540533773,0.1066190785204412,0.0756335244670638,0.0690855622084009,0.0545814579713391,1.6663893278460203e-05,2.777315546410034e-05
protein,FLPS,property_fraction__acidic_region,snRNA,51,0.0592105263157894,0.0378731081635386,0.1104668232530828,0.0725937150895442,0.0818617770580028,0.0649652255859146,1.6663893278460203e-05,2.777315546410034e-05
protein,FLPS,property_fraction__acidic_region,snoRNA,25,0.0557377049180327,0.0247524752475247,0.1169102296450939,0.0921577543975691,0.0827492674903062,0.0734871429138554,1.6663893278460203e-05,2.777315546410034e-05
protein,FLPS,property_fraction__acidic_region,tRNA,38,0.0340075690770135,0.0160680751173708,0.0746614920841776,0.0585934169668067,0.0530146654683602,0.0480942650430453,1.6663893278460203e-05,2.777315546410034e-05
protein,FLPS,property_fraction__acidic_region,unknown,176,0.0302550517149057,0.0182412247946228,0.0602364264161787,0.0419952016215558,0.0572636012299759,0.0787156976495063,1.6663893278460203e-05,2.777315546410034e-05
protein,LCRFinder,property_fraction__acidic_region,diverse,7,0.0117233294255568,0.0058110183217989,0.0248381811288051,0.0190271628070061,0.0160257231402623,0.0127985346055434,0.0007560617078541,0.0011620948472573
protein,LCRFinder,property_fraction__acidic_region,mRNA,206,0.015044286304977,0.0085022261450541,0.0328350443951165,0.0243328182500623,0.022456356670571,0.0185746155245098,0.0007560617078541,0.0011620948472573
protein,LCRFinder,property_fraction__acidic_region,ncRNA,32,0.0151199823416264,0.0085799883000159,0.0273860739922363,0.0188060856922203,0.0215643650158318,0.0204877455449008,0.0007560617078541,0.0011620948472573
protein,LCRFinder,property_fraction__acidic_region,pre-rRNA,45,0.0256166982922201,0.0171957671957671,0.048064085447263,0.0308683182514958,0.0347048294961712,0.0261057981201281,0.0007560617078541,0.0011620948472573
protein,LCRFinder,property_fraction__acidic_region,ribosomal protein,6,0.0246203585774468,0.0169143987595572,0.0362687137082439,0.0193543149486866,0.0373877982977475,0.0344251908940118,0.0007560617078541,0.0011620948472573
protein,LCRFinder,property_fraction__acidic_region,snRNA,33,0.02,0.0109649122807017,0.0285400658616904,0.0175751535809886,0.0228377288071347,0.0165795863319261,0.0007560617078541,0.0011620948472573
protein,LCRFinder,property_fraction__acidic_region,snoRNA,22,0.019664696990518,0.0094471236287116,0.0411618942731277,0.0317147706444161,0.03607566871582,0.0401780372089786,0.0007560617078541,0.0011620948472573
protein,LCRFinder,property_fraction__acidic_region,tRNA,18,0.0118618266978922,0.0087501590938017,0.0208404897016996,0.0120903306078979,0.0179762365762742,0.0143059074220757,0.0007560617078541,0.0011620948472573
protein,LCRFinder,property_fraction__acidic_region,unknown,128,0.0137627818857871,0.0066367881933864,0.0241614892046942,0.0175247010113077,0.0190269271535848,0.0173193541756178,0.0007560617078541,0.0011620948472573
protein,SEG_intermediate,property_fraction__acidic_region,mRNA,62,0.0304271571098609,0.020060895510229,0.0643381914935864,0.0442772959833574,0.0478222004957092,0.0387985256817155,0.0101458785230146,0.0246173603004174
protein,SEG_intermediate,property_fraction__acidic_region,ncRNA,15,0.0423387096774193,0.0147669289976649,0.057387252809788,0.042620323812123,0.0394050409479844,0.0266025647559791,0.0101458785230146,0.0246173603004174
protein,SEG_intermediate,property_fraction__acidic_region,pre-rRNA,30,0.0553940568475452,0.0316271780112888,0.0779203152364273,0.0462931372251384,0.0600529551031099,0.0385853732556808,0.0101458785230146,0.0246173603004174
protein,SEG_intermediate,property_fraction__acidic_region,ribosomal protein,2,0.1023868475784886,0.0796672278894721,0.1251064672675052,0.0454392393780331,0.1023868475784886,0.0642607885923319,0.0101458785230146,0.0246173603004174
protein,SEG_intermediate,property_fraction__acidic_region,snRNA,9,0.0421607378129117,0.0272108843537414,0.0561122244488977,0.0289013400951563,0.05051632729954,0.0424284593164155,0.0101458785230146,0.0246173603004174
protein,SEG_intermediate,property_fraction__acidic_region,snoRNA,10,0.0481160726204779,0.0330899700264683,0.0604032523898472,0.0273132823633788,0.0702395792072396,0.061040254879402,0.0101458785230146,0.0246173603004174
protein,SEG_intermediate,property_fraction__acidic_region,tRNA,5,0.0467213114754098,0.0232240437158469,0.1328671328671328,0.1096430891512858,0.0826777239491265,0.0753678631065673,0.0101458785230146,0.0246173603004174
protein,SEG_intermediate,property_fraction__acidic_region,unknown,42,0.0258059110051519,0.0130706564328744,0.0401857585139318,0.0271151020810574,0.0353001099456205,0.033940096652779,0.0101458785230146,0.0246173603004174
protein,AlcoR,property_fraction__arginine_rich_rna_contact_region,diverse,3,0.023728813559322,0.0142363232881999,0.0402044877513209,0.025968164463121,0.0283842695065732,0.0262792792546009,0.0011672875847182,0.0057715886133292
protein,AlcoR,property_fraction__arginine_rich_rna_contact_region,mRNA,32,0.0257794761034501,0.0159715525554484,0.054574506638553,0.0386029540831046,0.0365394855878902,0.0308115447505996,0.0011672875847182,0.0057715886133292
protein,AlcoR,property_fraction__arginine_rich_rna_contact_region,ncRNA,9,0.0234146341463414,0.0192837465564738,0.034274193548387,0.0149904469919132,0.0278786339017206,0.0161835726153097,0.0011672875847182,0.0057715886133292
protein,AlcoR,property_fraction__arginine_rich_rna_contact_region,pre-rRNA,11,0.0257731958762886,0.0170464700625558,0.0711576054348036,0.0541111353722477,0.0507039731049646,0.0489286926149663,0.0011672875847182,0.0057715886133292
protein,AlcoR,property_fraction__arginine_rich_rna_contact_region,ribosomal protein,9,0.28,0.0936170212765957,0.3609022556390977,0.2672852343625019,0.3022670556481329,0.2882600350216565,0.0011672875847182,0.0057715886133292
protein,AlcoR,property_fraction__arginine_rich_rna_contact_region,snRNA,1,0.0146561443066516,0.0146561443066516,0.0146561443066516,0.0,0.0146561443066516,,0.0011672875847182,0.0057715886133292
protein,AlcoR,property_fraction__arginine_rich_rna_contact_region,snoRNA,1,0.0061041292639138,0.0061041292639138,0.0061041292639138,0.0,0.0061041292639138,,0.0011672875847182,0.0057715886133292
protein,AlcoR,property_fraction__arginine_rich_rna_contact_region,tRNA,8,0.0214577075098814,0.018102865965454,0.0332282592877486,0.0151253933222946,0.0360907920451606,0.036015951487245,0.0011672875847182,0.0057715886133292
protein,AlcoR,property_fraction__arginine_rich_rna_contact_region,unknown,14,0.0231421899831329,0.0114513593554816,0.0556645983706892,0.0442132390152076,0.0333078359873637,0.029664956904005,0.0011672875847182,0.0057715886133292
protein,FLPS,property_fraction__arginine_rich_rna_contact_region,diverse,13,0.0323590814196242,0.013555787278415,0.0949720670391061,0.0814162797606911,0.0581170376691637,0.05266969149925,3.926642469519849e-16,1.308880823173283e-15
protein,FLPS,property_fraction__arginine_rich_rna_contact_region,mRNA,190,0.0270400804520132,0.014756335282651,0.0604741019214703,0.0457177666388192,0.0518359571630827,0.0700608527989287,3.926642469519849e-16,1.308880823173283e-15
protein,FLPS,property_fraction__arginine_rich_rna_contact_region,ncRNA,42,0.0253865979381443,0.0151835108843042,0.0606571038869897,0.0454735930026855,0.0456397734782776,0.047800913442383,3.926642469519849e-16,1.308880823173283e-15
protein,FLPS,property_fraction__arginine_rich_rna_contact_region,pre-rRNA,54,0.0515024034219646,0.0237446197991391,0.0904886685552407,0.0667440487561016,0.0714986135267168,0.0695607577727816,3.926642469519849e-16,1.308880823173283e-15
protein,FLPS,property_fraction__arginine_rich_rna_contact_region,ribosomal protein,56,0.129146588448914,0.0748409331919406,0.2689766589506173,0.1941357257586766,0.1943475537170736,0.1774919157055284,3.926642469519849e-16,1.308880823173283e-15
protein,FLPS,property_fraction__arginine_rich_rna_contact_region,snRNA,30,0.01832942751925,0.0089901167786915,0.0393917400262221,0.0304016232475306,0.0331131089476593,0.0388830801651771,3.926642469519849e-16,1.308880823173283e-15
protein,FLPS,property_fraction__arginine_rich_rna_contact_region,snoRNA,11,0.0440366972477064,0.0133830350161209,0.084633665327139,0.0712506303110181,0.064924963124879,0.0703459708387533,3.926642469519849e-16,1.308880823173283e-15
protein,FLPS,property_fraction__arginine_rich_rna_contact_region,tRNA,40,0.02982655236401,0.0178091590643945,0.0618184796854521,0.0440093206210575,0.0585711206909365,0.0695449185958724,3.926642469519849e-16,1.308880823173283e-15
protein,FLPS,property_fraction__arginine_rich_rna_contact_region,unknown,140,0.0251682096919375,0.0120506157496328,0.0495140821317143,0.0374634663820815,0.0395997480655965,0.0470769445760714,3.926642469519849e-16,1.308880823173283e-15
protein,LCRFinder,property_fraction__arginine_rich_rna_contact_region,diverse,5,0.0134680134680134,0.0105509964830011,0.0147058823529411,0.00415488586994,0.0118941725671486,0.0048382800685185,2.0829501253074964e-07,6.403142977797118e-07
protein,LCRFinder,property_fraction__arginine_rich_rna_contact_region,mRNA,178,0.0181451612903225,0.0094339622641509,0.0357124876653845,0.0262785254012336,0.0279785061006621,0.0273421613125471,2.0829501253074964e-07,6.403142977797118e-07
protein,LCRFinder,property_fraction__arginine_rich_rna_contact_region,ncRNA,20,0.0121022352850807,0.0052340810514214,0.0159298464092984,0.010695765357877,0.0130222830348291,0.0099435119172239,2.0829501253074964e-07,6.403142977797118e-07
protein,LCRFinder,property_fraction__arginine_rich_rna_contact_region,pre-rRNA,22,0.0105726954318503,0.0048272596765235,0.0169496419496419,0.0121223822731184,0.0140671876340831,0.0117245666626565,2.0829501253074964e-07,6.403142977797118e-07
protein,LCRFinder,property_fraction__arginine_rich_rna_contact_region,ribosomal protein,5,0.0206185567010309,0.0194552529182879,0.0217391304347826,0.0022838775164946,0.0248507025490487,0.0152016896208062,2.0829501253074964e-07,6.403142977797118e-07
protein,LCRFinder,property_fraction__arginine_rich_rna_contact_region,snRNA,24,0.0144045271371002,0.0079257246376811,0.037997653172408,0.0300719285347268,0.0275597487227402,0.0305937238381044,2.0829501253074964e-07,6.403142977797118e-07
protein,LCRFinder,property_fraction__arginine_rich_rna_contact_region,snoRNA,6,0.0067863314019088,0.0050183543158493,0.0094647318525616,0.0044463775367123,0.0074010614041683,0.0034659268104143,2.0829501253074964e-07,6.403142977797118e-07
protein,LCRFinder,property_fraction__arginine_rich_rna_contact_region,tRNA,13,0.0129032258064516,0.0088652482269503,0.0189504373177842,0.0100851890908339,0.0149688080379023,0.0087021957206323,2.0829501253074964e-07,6.403142977797118e-07
protein,LCRFinder,property_fraction__arginine_rich_rna_contact_region,unknown,77,0.0097751710654936,0.0052281368821292,0.0164609053497942,0.0112327684676649,0.0121073293707144,0.0097657962871974,2.0829501253074964e-07,6.403142977797118e-07
protein,AlcoR,property_fraction__aromatic_sticker_region,diverse,15,0.300383877159309,0.081404399323181,0.5799656533893753,0.4985612540661943,0.3551736455937856,0.3239841583152675,0.0280138050063791,0.0413882659830274
protein,AlcoR,property_fraction__aromatic_sticker_region,mRNA,245,0.1661237785016286,0.0686612139474817,0.43929173693086,0.3706305229833783,0.2878509112681912,0.2867361716686534,0.0280138050063791,0.0413882659830274
protein,AlcoR,property_fraction__aromatic_sticker_region,ncRNA,44,0.1122888095119109,0.0623185536609456,0.2118434628476692,0.1495249091867236,0.2143559550278362,0.255841594980264,0.0280138050063791,0.0413882659830274
protein,AlcoR,property_fraction__aromatic_sticker_region,pre-rRNA,26,0.2437631102212052,0.0403592862609256,0.4514901002300361,0.4111308139691105,0.342485911468097,0.3532130599106146,0.0280138050063791,0.0413882659830274
protein,AlcoR,property_fraction__aromatic_sticker_region,ribosomal protein,30,0.3236368994989684,0.134947356876508,0.71932260650481,0.5843752496283019,0.4227636839282293,0.3364714377170203,0.0280138050063791,0.0413882659830274
protein,AlcoR,property_fraction__aromatic_sticker_region,snRNA,27,0.1819066147859922,0.0633656592750493,0.4856016443478978,0.4222359850728485,0.3323665555226273,0.3593510079401784,0.0280138050063791,0.0413882659830274
protein,AlcoR,property_fraction__aromatic_sticker_region,snoRNA,14,0.2298071780306523,0.0292115096399677,0.2831349496129691,0.2539234399730014,0.2294401550472642,0.2646327230926037,0.0280138050063791,0.0413882659830274
protein,AlcoR,property_fraction__aromatic_sticker_region,tRNA,60,0.2437607563823007,0.0550904452690167,0.5210346185298482,0.4659441732608315,0.3368883841303846,0.3081926592048876,0.0280138050063791,0.0413882659830274
protein,AlcoR,property_fraction__aromatic_sticker_region,unknown,188,0.2665844298245614,0.0902054850642615,0.5373762237861524,0.4471707387218908,0.3542448852655203,0.3065294451223986,0.0280138050063791,0.0413882659830274
protein,FLPS,property_fraction__aromatic_sticker_region,diverse,16,0.0651875901875901,0.0300675817254478,0.1459327389921312,0.1158651572666834,0.1091726897428819,0.1160136175992677,6.807698248538758e-08,1.3615396497077513e-07
protein,FLPS,property_fraction__aromatic_sticker_region,mRNA,324,0.0667140151515151,0.0322451868086928,0.1263304229491176,0.0940852361404248,0.0981534611820474,0.0931884388397344,6.807698248538758e-08,1.3615396497077513e-07
protein,FLPS,property_fraction__aromatic_sticker_region,ncRNA,57,0.0492505353319057,0.0237892948173322,0.1124546553808948,0.0886653605635626,0.0703812155669799,0.0616448106288912,6.807698248538758e-08,1.3615396497077513e-07
protein,FLPS,property_fraction__aromatic_sticker_region,pre-rRNA,21,0.027065527065527,0.0204313280363223,0.0382585751978891,0.0178272471615668,0.0470636500915132,0.0597747829796507,6.807698248538758e-08,1.3615396497077513e-07
protein,FLPS,property_fraction__aromatic_sticker_region,ribosomal protein,22,0.1401848848180305,0.0881639483196983,0.2197769023675667,0.1316129540478683,0.1520025193965316,0.0712178869059014,6.807698248538758e-08,1.3615396497077513e-07
protein,FLPS,property_fraction__aromatic_sticker_region,snRNA,34,0.040267720136239,0.0195613318136954,0.0772727272727272,0.0577113954590318,0.0725688835978918,0.1006395943353614,6.807698248538758e-08,1.3615396497077513e-07
protein,FLPS,property_fraction__aromatic_sticker_region,snoRNA,10,0.0591314098495427,0.0265221463682088,0.1228777589134125,0.0963556125452037,0.0812267314643155,0.0715567513792449,6.807698248538758e-08,1.3615396497077513e-07
protein,FLPS,property_fraction__aromatic_sticker_region,tRNA,44,0.0465503485619367,0.0290032679738562,0.0618490478836663,0.03284577990981,0.0544211211477121,0.0398751720356874,6.807698248538758e-08,1.3615396497077513e-07
protein,FLPS,property_fraction__aromatic_sticker_region,unknown,201,0.0529363110008271,0.0244498777506112,0.1016949152542373,0.077245037503626,0.0779631727560977,0.0891482394710454,6.807698248538758e-08,1.3615396497077513e-07
protein,LCRFinder,property_fraction__aromatic_sticker_region,diverse,3,0.0067796610169491,0.005441413157947,0.0069921359839788,0.0015507228260318,0.0060291457556342,0.0016814268200775,0.0364636276467682,0.0426264942912924
protein,LCRFinder,property_fraction__aromatic_sticker_region,mRNA,98,0.0138031550068587,0.0082731545162769,0.0271854183775891,0.0189122638613122,0.022237262442092,0.0278138149304424,0.0364636276467682,0.0426264942912924
protein,LCRFinder,property_fraction__aromatic_sticker_region,ncRNA,10,0.0132073141964114,0.0047244094488188,0.0171860125001724,0.0124616030513535,0.0150716692893068,0.0136084099665853,0.0364636276467682,0.0426264942912924
protein,LCRFinder,property_fraction__aromatic_sticker_region,ribosomal protein,1,0.0275229357798165,0.0275229357798165,0.0275229357798165,0.0,0.0275229357798165,,0.0364636276467682,0.0426264942912924
protein,LCRFinder,property_fraction__aromatic_sticker_region,snRNA,5,0.0248226950354609,0.0193965517241379,0.0257847533632287,0.0063882016390907,0.021063578115381,0.0083354170875001,0.0364636276467682,0.0426264942912924
protein,LCRFinder,property_fraction__aromatic_sticker_region,snoRNA,2,0.0315439468931059,0.0220350214632544,0.0410528723229574,0.019017850859703,0.0315439468931059,0.0268953026129808,0.0364636276467682,0.0426264942912924
protein,LCRFinder,property_fraction__aromatic_sticker_region,tRNA,2,0.0422986859363809,0.0373156247233867,0.0472817471493751,0.0099661224259883,0.0422986859363809,0.0140942254991033,0.0364636276467682,0.0426264942912924
protein,LCRFinder,property_fraction__aromatic_sticker_region,unknown,36,0.0099109833778118,0.0059540193559787,0.0166627124554793,0.0107086930995006,0.0156834998954332,0.0160438293612396,0.0364636276467682,0.0426264942912924
protein,CAST,property_fraction__basic_enriched_region,diverse,2,0.2530988808613118,0.2323186711998866,0.2738790905227369,0.0415604193228502,0.2530988808613118,0.0587753086642876,0.0021028644433326,0.0066980126713557
protein,CAST,property_fraction__basic_enriched_region,mRNA,18,0.0756371026819575,0.0575505328861623,0.20758368080352,0.1500331479173576,0.1390591129291669,0.121447679493797,0.0021028644433326,0.0066980126713557
protein,CAST,property_fraction__basic_enriched_region,ncRNA,10,0.0705532354600534,0.0388266391084254,0.1767202486056768,0.1378936094972514,0.1444088703274765,0.1723795916664835,0.0021028644433326,0.0066980126713557
protein,CAST,property_fraction__basic_enriched_region,pre-rRNA,30,0.2103640775891053,0.133647682627832,0.2877674120649002,0.1541197294370681,0.2481360175006171,0.194214139336567,0.0021028644433326,0.0066980126713557
protein,CAST,property_fraction__basic_enriched_region,ribosomal protein,16,0.2815705128205128,0.2409883145177263,0.4380683008589985,0.1970799863412722,0.371550124657635,0.2389286668057935,0.0021028644433326,0.0066980126713557
protein,CAST,property_fraction__basic_enriched_region,snRNA,9,0.1022222222222222,0.0418679549114331,0.1730279898218829,0.1311600349104497,0.132470938299215,0.1072593229007872,0.0021028644433326,0.0066980126713557
protein,CAST,property_fraction__basic_enriched_region,snoRNA,11,0.2412451361867704,0.0272172732655435,0.3081250922587039,0.2809078189931604,0.2510998210109107,0.2797605050827468,0.0021028644433326,0.0066980126713557
protein,CAST,property_fraction__basic_enriched_region,tRNA,3,0.0690335305719921,0.0523173981973884,0.0841962524654832,0.0318788542680947,0.0679979235845837,0.0318914676805678,0.0021028644433326,0.0066980126713557
protein,CAST,property_fraction__basic_enriched_region,unknown,23,0.0743134087237479,0.0437540674170617,0.1585338097581127,0.1147797423410509,0.1459193684200886,0.1632872052567179,0.0021028644433326,0.0066980126713557
protein,FLPS,property_fraction__basic_enriched_region,diverse,12,0.0323543674607504,0.0190274040536693,0.0705980854756481,0.0515706814219787,0.0594855989389013,0.0726481501936241,2.8798276412527164e-14,7.19956910313179e-14
protein,FLPS,property_fraction__basic_enriched_region,mRNA,156,0.030917268956874,0.0171421098286947,0.0616271905805038,0.044485080751809,0.0493890459655161,0.0575955415614573,2.8798276412527164e-14,7.19956910313179e-14
protein,FLPS,property_fraction__basic_enriched_region,ncRNA,39,0.0251168224299065,0.01298040699716,0.0516034541788716,0.0386230471817116,0.0382461607414239,0.0376112492086646,2.8798276412527164e-14,7.19956910313179e-14
protein,FLPS,property_fraction__basic_enriched_region,pre-rRNA,55,0.0542082738944365,0.0352268029480106,0.0965727529846422,0.0613459500366315,0.0745884265721489,0.0675594821310425,2.8798276412527164e-14,7.19956910313179e-14
protein,FLPS,property_fraction__basic_enriched_region,ribosomal protein,34,0.1443567961165048,0.0846364581666933,0.2017227564102564,0.117086298243563,0.1608833001555363,0.1166287770594123,2.8798276412527164e-14,7.19956910313179e-14
protein,FLPS,property_fraction__basic_enriched_region,snRNA,30,0.0293674084943343,0.0158694529322887,0.058088525949422,0.0422190730171332,0.0417633140436442,0.0350931714610605,2.8798276412527164e-14,7.19956910313179e-14
protein,FLPS,property_fraction__basic_enriched_region,snoRNA,22,0.0845134286710847,0.0365574888214712,0.1382047345703733,0.1016472457489021,0.0984213200052094,0.0701671460271343,2.8798276412527164e-14,7.19956910313179e-14
protein,FLPS,property_fraction__basic_enriched_region,tRNA,31,0.0222222222222222,0.0143258388759674,0.0563538689531068,0.0420280300771393,0.0372373715985478,0.0348077018197099,2.8798276412527164e-14,7.19956910313179e-14
protein,FLPS,property_fraction__basic_enriched_region,unknown,129,0.0263522884882108,0.0133037694013303,0.0560043080236941,0.0427005386223637,0.0459192171721605,0.0558873452959157,2.8798276412527164e-14,7.19956910313179e-14
protein,LCRFinder,property_fraction__basic_enriched_region,diverse,4,0.0046129351974863,0.0041742768759211,0.0066368816368816,0.0024626047609605,0.0061982233153164,0.0034897851119169,3.553415583818272e-06,8.192597040469905e-06
protein,LCRFinder,property_fraction__basic_enriched_region,mRNA,112,0.0104893059288482,0.0054311005066572,0.0164864034662269,0.0110553029595696,0.014512880616684,0.0140411470509194,3.553415583818272e-06,8.192597040469905e-06
protein,LCRFinder,property_fraction__basic_enriched_region,ncRNA,17,0.0097560975609756,0.0070866141732283,0.0139275766016713,0.0068409624284429,0.0117732971530467,0.0080605769052549,3.553415583818272e-06,8.192597040469905e-06
protein,LCRFinder,property_fraction__basic_enriched_region,pre-rRNA,35,0.0131926121372031,0.0083644538103741,0.019806338028169,0.0114418842177949,0.0170641521290256,0.0134517338233361,3.553415583818272e-06,8.192597040469905e-06
protein,LCRFinder,property_fraction__basic_enriched_region,ribosomal protein,9,0.064516129032258,0.041860465116279,0.1025641025641025,0.0607036374478234,0.0685004797712681,0.0342536998217662,3.553415583818272e-06,8.192597040469905e-06
protein,LCRFinder,property_fraction__basic_enriched_region,snRNA,20,0.0104560984605827,0.0059170495111566,0.0176476444346797,0.0117305949235231,0.0183016265753018,0.0206491210627211,3.553415583818272e-06,8.192597040469905e-06
protein,LCRFinder,property_fraction__basic_enriched_region,snoRNA,15,0.0237154150197628,0.0082157693848716,0.036682562567003,0.0284667931821313,0.0251614723116861,0.0185410785946914,3.553415583818272e-06,8.192597040469905e-06
protein,LCRFinder,property_fraction__basic_enriched_region,tRNA,14,0.0084010782736331,0.0055053423758843,0.0215469099032017,0.0160415675273174,0.0175906241559769,0.019054957576028,3.553415583818272e-06,8.192597040469905e-06
protein,LCRFinder,property_fraction__basic_enriched_region,unknown,81,0.0084104289318755,0.0052830188679245,0.0142942227516378,0.0090112038837133,0.0125692724334856,0.0146006188765053,3.553415583818272e-06,8.192597040469905e-06
protein,SEG_intermediate,property_fraction__basic_enriched_region,mRNA,23,0.0355029585798816,0.0166848130169819,0.0497219698166877,0.0330371567997057,0.0384719500308952,0.0235783511169272,0.0124685331391724,0.0246173603004174
protein,SEG_intermediate,property_fraction__basic_enriched_region,ncRNA,4,0.0198317512163587,0.0150061881188118,0.0246265930676191,0.0096204049488072,0.0198010299700722,0.0097901419347109,0.0124685331391724,0.0246173603004174
protein,SEG_intermediate,property_fraction__basic_enriched_region,pre-rRNA,5,0.0281862745098039,0.023521505376344,0.0306406685236768,0.0071191631473327,0.0278229235128107,0.0108883119153013,0.0124685331391724,0.0246173603004174
protein,SEG_intermediate,property_fraction__basic_enriched_region,ribosomal protein,4,0.1344233723265981,0.0824822518370905,0.2054230769230769,0.1229408250859863,0.1534819564335693,0.0884717325908343,0.0124685331391724,0.0246173603004174
protein,SEG_intermediate,property_fraction__basic_enriched_region,snRNA,5,0.0436941410129096,0.0261627906976744,0.135678391959799,0.1095156012621245,0.0823986467469881,0.0765525681430606,0.0124685331391724,0.0246173603004174
protein,SEG_intermediate,property_fraction__basic_enriched_region,snoRNA,3,0.0415879017013232,0.0340495181889437,0.0441402543526071,0.0100907361636634,0.0382638811272594,0.0104933212524569,0.0124685331391724,0.0246173603004174
protein,SEG_intermediate,property_fraction__basic_enriched_region,tRNA,5,0.0195578231292517,0.0145502645502645,0.0245901639344262,0.0100398993841616,0.0299593172537956,0.0265950608660373,0.0124685331391724,0.0246173603004174
protein,SEG_intermediate,property_fraction__basic_enriched_region,unknown,16,0.0174879953436484,0.0130161857836085,0.0340511212867256,0.021034935503117,0.0269507961931646,0.0215231420840926,0.0124685331391724,0.0246173603004174
protein,AlcoR,property_fraction__disorder_rich_spacer_region,diverse,2,0.0613410945614335,0.0398230896535981,0.0828590994692689,0.0430360098156708,0.0613410945614335,0.0608621087517433,0.0288322751791876,0.0413882659830274
protein,AlcoR,property_fraction__disorder_rich_spacer_region,mRNA,65,0.0351351351351351,0.0226415094339622,0.0567901234567901,0.0341486140228278,0.0521647069460226,0.0560160857920925,0.0288322751791876,0.0413882659830274
protein,AlcoR,property_fraction__disorder_rich_spacer_region,ncRNA,11,0.0413223140495867,0.0247779091806829,0.0639400921658986,0.0391621829852156,0.0527896818482787,0.0480176096141104,0.0288322751791876,0.0413882659830274
protein,AlcoR,property_fraction__disorder_rich_spacer_region,pre-rRNA,9,0.0282258064516129,0.0189003436426116,0.0461538461538461,0.0272535025112344,0.0359896170736846,0.0207776149213151,0.0288322751791876,0.0413882659830274
protein,AlcoR,property_fraction__disorder_rich_spacer_region,ribosomal protein,7,0.0909090909090909,0.0681862063639172,0.128,0.0598137936360828,0.10591674147772,0.0530985213843045,0.0288322751791876,0.0413882659830274
protein,AlcoR,property_fraction__disorder_rich_spacer_region,snRNA,1,0.014720314033366,0.014720314033366,0.014720314033366,0.0,0.014720314033366,,0.0288322751791876,0.0413882659830274
protein,AlcoR,property_fraction__disorder_rich_spacer_region,snoRNA,4,0.0691448382126348,0.0489009929624987,0.0805084745762712,0.0316074816137724,0.0602646293261351,0.0331087496118903,0.0288322751791876,0.0413882659830274
protein,AlcoR,property_fraction__disorder_rich_spacer_region,tRNA,14,0.0359905956969846,0.0259668133747731,0.0632598714974554,0.0372930581226823,0.068930458181465,0.0855024626620775,0.0288322751791876,0.0413882659830274
protein,AlcoR,property_fraction__disorder_rich_spacer_region,unknown,41,0.0280898876404494,0.0141612200435729,0.0426997245179063,0.0285385044743333,0.0405500080593703,0.0469579200926343,0.0288322751791876,0.0413882659830274
protein,CAST,property_fraction__disorder_rich_spacer_region,diverse,2,0.0090961114312396,0.0089548353766367,0.0092373874858425,0.0002825521092057,0.0090961114312396,0.0003995890249159,0.0028988395153241,0.0069250055088299
protein,CAST,property_fraction__disorder_rich_spacer_region,mRNA,128,0.0610060415024954,0.0372745259686727,0.1171817765567765,0.0799072505881038,0.0885833667721987,0.0811580697150913,0.0028988395153241,0.0069250055088299
protein,CAST,property_fraction__disorder_rich_spacer_region,ncRNA,15,0.0615711252653927,0.0320011511981235,0.0809465249127261,0.0489453737146025,0.0671989415418004,0.0514931972220764,0.0028988395153241,0.0069250055088299
protein,CAST,property_fraction__disorder_rich_spacer_region,pre-rRNA,4,0.0499664823194234,0.0301934287228404,0.1052175022324276,0.0750240735095871,0.0854444486358446,0.1006762696068692,0.0028988395153241,0.0069250055088299
protein,CAST,property_fraction__disorder_rich_spacer_region,ribosomal protein,5,0.1230283911671924,0.0689655172413793,0.3130434782608696,0.2440779610194902,0.1822388576715248,0.1491572215669545,0.0028988395153241,0.0069250055088299
protein,CAST,property_fraction__disorder_rich_spacer_region,snRNA,13,0.1551071878940731,0.0899122807017543,0.2375886524822695,0.1476763717805151,0.2073412550835146,0.1995356565533271,0.0028988395153241,0.0069250055088299
protein,CAST,property_fraction__disorder_rich_spacer_region,snoRNA,4,0.0990407673860911,0.0576363455475895,0.1637651821862348,0.1061288366386452,0.1223607603477332,0.0973913180558807,0.0028988395153241,0.0069250055088299
protein,CAST,property_fraction__disorder_rich_spacer_region,tRNA,13,0.0818553888130968,0.0648464163822525,0.1907514450867052,0.1259050287044526,0.12147283136192,0.0823955861981696,0.0028988395153241,0.0069250055088299
protein,CAST,property_fraction__disorder_rich_spacer_region,unknown,55,0.0562851782363977,0.0308203450302901,0.0841842752670778,0.0533639302367876,0.0726734819822252,0.0646499850144158,0.0028988395153241,0.0069250055088299
protein,FLPS,property_fraction__disorder_rich_spacer_region,diverse,21,0.0304568527918781,0.020434227330779,0.069090909090909,0.04865668176013,0.0573327781647473,0.0575793975073047,0.0092373763449683,0.0092373763449683
protein,FLPS,property_fraction__disorder_rich_spacer_region,mRNA,404,0.052236604948386,0.0237942628878138,0.090944769516198,0.0671505066283842,0.0694381186136565,0.0613715419309699,0.0092373763449683,0.0092373763449683
protein,FLPS,property_fraction__disorder_rich_spacer_region,ncRNA,60,0.0494464884708787,0.0162554467772055,0.0932563752622134,0.0770009284850078,0.0628140006036022,0.0636230500443201,0.0092373763449683,0.0092373763449683
protein,FLPS,property_fraction__disorder_rich_spacer_region,pre-rRNA,42,0.0313544466518639,0.0203595042309674,0.0635928383532217,0.0432333341222542,0.0527196658278817,0.0544337861153872,0.0092373763449683,0.0092373763449683
protein,FLPS,property_fraction__disorder_rich_spacer_region,ribosomal protein,19,0.0670103092783505,0.0476614888379594,0.0958949120859863,0.0482334232480269,0.0816998150865812,0.0653941076711801,0.0092373763449683,0.0092373763449683
protein,FLPS,property_fraction__disorder_rich_spacer_region,snRNA,45,0.057286432160804,0.0336134453781512,0.1052631578947368,0.0716497125165855,0.0963811136081949,0.1234190974763988,0.0092373763449683,0.0092373763449683
protein,FLPS,property_fraction__disorder_rich_spacer_region,snoRNA,13,0.0221932114882506,0.0117845117845117,0.096,0.0842154882154882,0.0655765508620263,0.0801130088014038,0.0092373763449683,0.0092373763449683
protein,FLPS,property_fraction__disorder_rich_spacer_region,tRNA,53,0.0321406913280776,0.0142857142857142,0.0817610062893081,0.0674752920035938,0.0598585348327511,0.067401905557344,0.0092373763449683,0.0092373763449683
protein,FLPS,property_fraction__disorder_rich_spacer_region,unknown,192,0.0433168023384292,0.0183210984594775,0.0773522768737615,0.059031178414284,0.0615549428889877,0.0617975882447288,0.0092373763449683,0.0092373763449683
protein,LCRFinder,property_fraction__disorder_rich_spacer_region,diverse,12,0.0145614050723539,0.0099468079460357,0.0488701113701113,0.0389233034240756,0.0319112031819762,0.0311078406812512,1.0301158911473422e-08,4.7499788314016336e-08
protein,LCRFinder,property_fraction__disorder_rich_spacer_region,mRNA,354,0.0251782884310618,0.0134438738608418,0.0520109618650609,0.0385670880042191,0.0374111162132389,0.0349399709629543,1.0301158911473422e-08,4.7499788314016336e-08
protein,LCRFinder,property_fraction__disorder_rich_spacer_region,ncRNA,46,0.0114240635773973,0.0055333232379084,0.0275099345488546,0.0219766113109461,0.0257221163113977,0.0358427792872481,1.0301158911473422e-08,4.7499788314016336e-08
protein,LCRFinder,property_fraction__disorder_rich_spacer_region,pre-rRNA,25,0.0110294117647058,0.0062402496099844,0.018018018018018,0.0117777684080336,0.0165597044330324,0.0151295266590676,1.0301158911473422e-08,4.7499788314016336e-08
protein,LCRFinder,property_fraction__disorder_rich_spacer_region,ribosomal protein,10,0.030257446168393,0.0204067704067704,0.0529078517060747,0.0325010812993043,0.039696454427505,0.0245925790617452,1.0301158911473422e-08,4.7499788314016336e-08
protein,LCRFinder,property_fraction__disorder_rich_spacer_region,snRNA,33,0.02625,0.011441647597254,0.0647639956092206,0.0533223480119666,0.0454399855907709,0.0501753704103183,1.0301158911473422e-08,4.7499788314016336e-08
protein,LCRFinder,property_fraction__disorder_rich_spacer_region,snoRNA,10,0.0204726609220991,0.0142438843587842,0.126368112262403,0.1121242279036187,0.0614225786061457,0.0621633778955589,1.0301158911473422e-08,4.7499788314016336e-08
protein,LCRFinder,property_fraction__disorder_rich_spacer_region,tRNA,22,0.0144083789394225,0.0101679203481121,0.0177184267549777,0.0075505064068655,0.0223766468753498,0.0219153133704093,1.0301158911473422e-08,4.7499788314016336e-08
protein,LCRFinder,property_fraction__disorder_rich_spacer_region,unknown,147,0.0142964635063957,0.007655074343488,0.0263616303911467,0.0187065560476587,0.0235999912036601,0.0260540719666784,1.0301158911473422e-08,4.7499788314016336e-08
protein,SEG,property_fraction__disorder_rich_spacer_region,diverse,2,0.037618835412953,0.0270164884135472,0.0482211824123588,0.0212046939988116,0.037618835412953,0.0299879658390908,0.0046702380051466,0.0172215026439782
protein,SEG,property_fraction__disorder_rich_spacer_region,mRNA,82,0.0366281425996059,0.023212585415033,0.0493428140486964,0.0261302286336633,0.0422193907055,0.0282464440653132,0.0046702380051466,0.0172215026439782
protein,SEG,property_fraction__disorder_rich_spacer_region,ncRNA,6,0.0548813525587155,0.0290314175104228,0.0759262917756518,0.0468948742652289,0.0813186895926898,0.085657965423666,0.0046702380051466,0.0172215026439782
protein,SEG,property_fraction__disorder_rich_spacer_region,ribosomal protein,2,0.0866114004841904,0.0764287286332624,0.0967940723351184,0.020365343701856,0.0866114004841904,0.0288009452655543,0.0046702380051466,0.0172215026439782
protein,SEG,property_fraction__disorder_rich_spacer_region,snRNA,5,0.0201793721973094,0.0175631174533479,0.0271629778672032,0.0095998604138552,0.0227882481383129,0.0080284981811387,0.0046702380051466,0.0172215026439782
protein,SEG,property_fraction__disorder_rich_spacer_region,snoRNA,2,0.0429818843065943,0.0320841624922802,0.0538796061209085,0.0217954436286282,0.0429818843065943,0.0308234119775443,0.0046702380051466,0.0172215026439782
protein,SEG,property_fraction__disorder_rich_spacer_region,unknown,29,0.0227479526842584,0.0123203285420944,0.0321285140562249,0.0198081855141304,0.0294227970912507,0.0328870792805113,0.0046702380051466,0.0172215026439782
protein,SEG_intermediate,property_fraction__disorder_rich_spacer_region,diverse,5,0.1102941176470588,0.0333680917622523,0.1212121212121212,0.0878440294498688,0.0827880698696936,0.0587576175413649,0.0023920164538041,0.0080080550844747
protein,SEG_intermediate,property_fraction__disorder_rich_spacer_region,mRNA,146,0.0470077837496573,0.0283121709082931,0.0739564257876696,0.0456442548793765,0.0609406944656702,0.0516341558848415,0.0023920164538041,0.0080080550844747
protein,SEG_intermediate,property_fraction__disorder_rich_spacer_region,ncRNA,14,0.0543487154311896,0.0200161567287276,0.1122657229134298,0.0922495661847022,0.0756021748435744,0.0692793710883132,0.0023920164538041,0.0080080550844747
protein,SEG_intermediate,property_fraction__disorder_rich_spacer_region,pre-rRNA,3,0.0530085959885386,0.0467745682645396,0.0747668462568176,0.0279922779922779,0.0633580776847252,0.0293922005935545,0.0023920164538041,0.0080080550844747
protein,SEG_intermediate,property_fraction__disorder_rich_spacer_region,ribosomal protein,4,0.2047327621379029,0.1581285305553517,0.2340961098398169,0.0759675792844651,0.1874918782572658,0.0723440650246392,0.0023920164538041,0.0080080550844747
protein,SEG_intermediate,property_fraction__disorder_rich_spacer_region,snRNA,16,0.0408177625521204,0.0274952720103009,0.1548003324570898,0.1273050604467888,0.1193924269046303,0.1435827948656584,0.0023920164538041,0.0080080550844747
protein,SEG_intermediate,property_fraction__disorder_rich_spacer_region,snoRNA,4,0.0726378411440887,0.0449527586228338,0.0942024634598229,0.0492497048369891,0.0665173809385679,0.0352876628092124,0.0023920164538041,0.0080080550844747
protein,SEG_intermediate,property_fraction__disorder_rich_spacer_region,tRNA,6,0.0714762069085847,0.0534363017757487,0.1479288470775295,0.0944925453017807,0.0924285769755749,0.0619459653289214,0.0023920164538041,0.0080080550844747
protein,SEG_intermediate,property_fraction__disorder_rich_spacer_region,unknown,53,0.0304635761589403,0.0210526315789473,0.0517826825127334,0.030730050933786,0.0442512934475468,0.0494159757117653,0.0023920164538041,0.0080080550844747
protein,FLPS,property_fraction__gs_rich_neutral_region,diverse,6,0.0325229304539649,0.0187945755901557,0.078033422083685,0.0592388464935293,0.0486467758603509,0.0414618327667559,0.0001037706221188,0.0001297132776486
protein,FLPS,property_fraction__gs_rich_neutral_region,mRNA,131,0.0568356374807987,0.0283656240820444,0.0996367410482615,0.071271116966217,0.0834066692241482,0.0896910531847461,0.0001037706221188,0.0001297132776486
protein,FLPS,property_fraction__gs_rich_neutral_region,ncRNA,14,0.0277440836642367,0.0080403849282112,0.0514009103879339,0.0433605254597227,0.0423106483420458,0.0482848627889365,0.0001037706221188,0.0001297132776486
protein,FLPS,property_fraction__gs_rich_neutral_region,pre-rRNA,6,0.0408460660311028,0.0222313965717659,0.0624457469445447,0.0402143503727787,0.0684543218130206,0.0851219751582609,0.0001037706221188,0.0001297132776486
protein,FLPS,property_fraction__gs_rich_neutral_region,ribosomal protein,3,0.2234042553191489,0.1361207323107372,0.2367021276595744,0.1005813953488372,0.1740804882071581,0.1092759927518735,0.0001037706221188,0.0001297132776486
protein,FLPS,property_fraction__gs_rich_neutral_region,snRNA,10,0.0149135958336621,0.0113151496699495,0.0220304019546974,0.0107152522847479,0.0282952802594703,0.0418691197530521,0.0001037706221188,0.0001297132776486
protein,FLPS,property_fraction__gs_rich_neutral_region,snoRNA,1,0.0363636363636363,0.0363636363636363,0.0363636363636363,0.0,0.0363636363636363,,0.0001037706221188,0.0001297132776486
protein,FLPS,property_fraction__gs_rich_neutral_region,tRNA,11,0.0155339805825242,0.011856119653072,0.0582464024972146,0.0463902828441425,0.0338838737400041,0.0272673483153048,0.0001037706221188,0.0001297132776486
protein,FLPS,property_fraction__gs_rich_neutral_region,unknown,59,0.0285714285714285,0.0142091022504496,0.0574398555042454,0.0432307532537958,0.0432078132064269,0.0413725353642681,0.0001037706221188,0.0001297132776486
protein,FLPS,property_fraction__hydrophobic_region,diverse,19,0.0384615384615384,0.0224393557926707,0.0526406926406926,0.0302013368480218,0.0399657255235841,0.026509409194903,3.58058570708624e-05,5.115122438694629e-05
protein,FLPS,property_fraction__hydrophobic_region,mRNA,120,0.0108360171765968,0.0069424542901358,0.0188522361209889,0.0119097818308531,0.0153316916560656,0.0119758178457073,3.58058570708624e-05,5.115122438694629e-05
protein,FLPS,property_fraction__hydrophobic_region,ncRNA,30,0.0092505299525512,0.0057348153199727,0.0150721089965044,0.0093372936765317,0.0121449096460403,0.009574337182944,3.58058570708624e-05,5.115122438694629e-05
protein,FLPS,property_fraction__hydrophobic_region,pre-rRNA,24,0.0117506325625673,0.0086612279142355,0.0141913515201186,0.0055301236058831,0.0212108340615937,0.04144989253677,3.58058570708624e-05,5.115122438694629e-05
protein,FLPS,property_fraction__hydrophobic_region,ribosomal protein,9,0.0246305418719211,0.0224215246636771,0.0446428571428571,0.02222133247918,0.0320672703026701,0.0153251115853417,3.58058570708624e-05,5.115122438694629e-05
protein,FLPS,property_fraction__hydrophobic_region,snRNA,18,0.0149032604649588,0.009148583666707,0.018385869077555,0.0092372854108479,0.0164467809845207,0.0109412700771432,3.58058570708624e-05,5.115122438694629e-05
protein,FLPS,property_fraction__hydrophobic_region,snoRNA,5,0.0149700598802395,0.0108813928182807,0.0247524752475247,0.013871082429244,0.0158997685203796,0.0095044750506178,3.58058570708624e-05,5.115122438694629e-05
protein,FLPS,property_fraction__hydrophobic_region,tRNA,36,0.0132275132275132,0.0094559245027973,0.0264333492594362,0.0169774247566388,0.0204389660182242,0.0191848758503328,3.58058570708624e-05,5.115122438694629e-05
protein,FLPS,property_fraction__hydrophobic_region,unknown,89,0.0104166666666666,0.0058411214953271,0.0165441176470588,0.0107029961517317,0.0158835533028058,0.0176251040009232,3.58058570708624e-05,5.115122438694629e-05
protein,LCRFinder,property_fraction__hydrophobic_region,diverse,13,0.0256410256410256,0.0108459869848156,0.0389610389610389,0.0281150519762233,0.0251354144795415,0.0152745479161816,0.001827910086299,0.0024081990025845
protein,LCRFinder,property_fraction__hydrophobic_region,mRNA,138,0.0094900371496116,0.0052922776148582,0.0159990021717438,0.0107067245568855,0.011916391310795,0.0101061011391847,0.001827910086299,0.0024081990025845
protein,LCRFinder,property_fraction__hydrophobic_region,ncRNA,25,0.0052754982415005,0.004492362982929,0.0137772675086107,0.0092849045256817,0.0097182906194508,0.0090466895197254,0.001827910086299,0.0024081990025845
protein,LCRFinder,property_fraction__hydrophobic_region,pre-rRNA,14,0.0103781929054939,0.0056796765793571,0.0143663194444444,0.0086866428650872,0.0100222539853678,0.0048488179457657,0.001827910086299,0.0024081990025845
protein,LCRFinder,property_fraction__hydrophobic_region,ribosomal protein,1,0.0326086956521739,0.0326086956521739,0.0326086956521739,0.0,0.0326086956521739,,0.001827910086299,0.0024081990025845
protein,LCRFinder,property_fraction__hydrophobic_region,snRNA,18,0.0057467469764171,0.0045073934592769,0.0106923767053674,0.0061849832460904,0.0087407456274558,0.0081273773379503,0.001827910086299,0.0024081990025845
protein,LCRFinder,property_fraction__hydrophobic_region,snoRNA,6,0.0060813192539349,0.0030118713349041,0.0068794104152794,0.0038675390803752,0.0085880254054359,0.0099718514400565,0.001827910086299,0.0024081990025845
protein,LCRFinder,property_fraction__hydrophobic_region,tRNA,16,0.0112879297109605,0.0041262547946974,0.0191732648247978,0.0150470100301003,0.0140962609419415,0.0103849646675785,0.001827910086299,0.0024081990025845
protein,LCRFinder,property_fraction__hydrophobic_region,unknown,82,0.006724223026814,0.0043241484786264,0.0107804445876288,0.0064562961090024,0.0109250846169511,0.0137351214013741,0.001827910086299,0.0024081990025845
protein,AlcoR,property_fraction__other,diverse,3,0.0404761904761904,0.0249838579499596,0.271117344945012,0.2461334869950524,0.1839087384379176,0.2757015873756233,0.0076718909071519,0.0189666191871256
protein,AlcoR,property_fraction__other,mRNA,104,0.2609013306687725,0.0468013468013468,0.6033358833295355,0.5565345365281886,0.3600811538123109,0.350003904921318,0.0076718909071519,0.0189666191871256
protein,AlcoR,property_fraction__other,ncRNA,11,0.0376855728968405,0.0158882698520113,0.0905476673427991,0.0746593974907878,0.096781520373477,0.1425107004316091,0.0076718909071519,0.0189666191871256
protein,AlcoR,property_fraction__other,pre-rRNA,7,0.0343642611683848,0.018834005376344,0.5666844906214201,0.5478504852450761,0.316189610991712,0.4085563262982226,0.0076718909071519,0.0189666191871256
protein,AlcoR,property_fraction__other,ribosomal protein,9,0.4444444444444444,0.0985221674876847,0.5858585858585859,0.4873364183709011,0.4327009528883528,0.3859339082481691,0.0076718909071519,0.0189666191871256
protein,AlcoR,property_fraction__other,snRNA,8,0.2644230769230768,0.1138051084270571,0.4405288365084582,0.3267237280814011,0.3700449336744058,0.3817370873924917,0.0076718909071519,0.0189666191871256
protein,AlcoR,property_fraction__other,snoRNA,2,0.0495107323232323,0.0419428661616161,0.0570785984848484,0.0151357323232323,0.0495107323232323,0.0214051579279639,0.0076718909071519,0.0189666191871256
protein,AlcoR,property_fraction__other,tRNA,7,0.045662100456621,0.0237841714915296,0.06780671332136,0.0440225418298303,0.0486318579596118,0.03472254490179,0.0076718909071519,0.0189666191871256
protein,AlcoR,property_fraction__other,unknown,63,0.0933333333333333,0.0234128403805831,0.2996604711400469,0.2762476307594637,0.2282044604828029,0.3001945587185436,0.0076718909071519,0.0189666191871256
protein,CAST,property_fraction__other,diverse,3,0.0531803962460896,0.0418305263762687,0.0618977152073273,0.0200671888310585,0.0514253623070341,0.0201246658525499,0.0001297668151029,0.000619997005492
protein,CAST,property_fraction__other,mRNA,98,0.1704254728394164,0.0700852701639483,0.3849136257763975,0.3148283556124491,0.2837016500009326,0.2834433524413948,0.0001297668151029,0.000619997005492
protein,CAST,property_fraction__other,ncRNA,10,0.0608620531981605,0.0215191101886478,0.0823818897637795,0.0608627795751317,0.0741427262902504,0.0770228172495171,0.0001297668151029,0.000619997005492
protein,CAST,property_fraction__other,pre-rRNA,18,0.118925421010425,0.0750560497330532,0.2509160985435388,0.1758600488104856,0.1801021880062222,0.1414604151743461,0.0001297668151029,0.000619997005492
protein,CAST,property_fraction__other,ribosomal protein,16,0.4006151337730675,0.2209035630467249,0.6988378684807257,0.4779343054340007,0.456226093130371,0.3008659470269035,0.0001297668151029,0.000619997005492
protein,CAST,property_fraction__other,snRNA,10,0.2062029608799934,0.1374001930132833,0.2830542288857989,0.1456540358725155,0.2526609225869479,0.2142281550123558,0.0001297668151029,0.000619997005492
protein,CAST,property_fraction__other,snoRNA,5,0.2245508982035928,0.0704225352112676,0.348314606741573,0.2778920715303054,0.2485431282835302,0.195904835653371,0.0001297668151029,0.000619997005492
protein,CAST,property_fraction__other,tRNA,6,0.209255415558219,0.1145247505789354,0.2297257250301457,0.1152009744512102,0.1933631890412077,0.1260720925411696,0.0001297668151029,0.000619997005492
protein,CAST,property_fraction__other,unknown,46,0.0928362764333987,0.03930551323656,0.2666400729427855,0.2273345597062254,0.1677167783582226,0.1846057475190779,0.0001297668151029,0.000619997005492
protein,FLPS,property_fraction__other,diverse,13,0.0594405594405594,0.0454545454545454,0.0949152542372881,0.0494607087827426,0.0704672236771021,0.0379283813605387,5.358054604514994e-17,2.679027302257497e-16
protein,FLPS,property_fraction__other,mRNA,331,0.1218354430379746,0.0529100802721323,0.2551156783468104,0.2022055980746781,0.1791738498679078,0.1635220712734886,5.358054604514994e-17,2.679027302257497e-16
protein,FLPS,property_fraction__other,ncRNA,38,0.0455340101685672,0.0165616871332647,0.0916340046559082,0.0750723175226434,0.072551160486237,0.0847452210947564,5.358054604514994e-17,2.679027302257497e-16
protein,FLPS,property_fraction__other,pre-rRNA,18,0.0503856696231563,0.037284320128853,0.0833914675279828,0.0461071473991298,0.071958653134153,0.0662761202548127,5.358054604514994e-17,2.679027302257497e-16
protein,FLPS,property_fraction__other,ribosomal protein,14,0.1531007751937984,0.1111979166666666,0.2176067504813682,0.1064088338147015,0.1617351423662147,0.0750174966207979,5.358054604514994e-17,2.679027302257497e-16
protein,FLPS,property_fraction__other,snRNA,41,0.1469740634005763,0.0347533632286995,0.2949640287769784,0.2602106655482789,0.1830284790577181,0.1718127073631199,5.358054604514994e-17,2.679027302257497e-16
protein,FLPS,property_fraction__other,snoRNA,11,0.1228733459357277,0.0170616838955386,0.2476637633823262,0.2306020794867876,0.1571367947794821,0.1544608457717791,5.358054604514994e-17,2.679027302257497e-16
protein,FLPS,property_fraction__other,tRNA,27,0.059322033898305,0.0311104226540459,0.0823765856640684,0.0512661630100225,0.0663020664630789,0.0526270883814619,5.358054604514994e-17,2.679027302257497e-16
protein,FLPS,property_fraction__other,unknown,152,0.0408246244021835,0.0183069224353628,0.1025767621197159,0.0842698396843531,0.0815824193851855,0.1003146070008985,5.358054604514994e-17,2.679027302257497e-16
protein,LCRFinder,property_fraction__other,diverse,5,0.0070921985815602,0.0063131313131313,0.0087412587412587,0.0024281274281274,0.0094785375000218,0.0054067813049637,0.0003674150540814,0.0006776766553057
protein,LCRFinder,property_fraction__other,mRNA,169,0.0123982952344052,0.0064412238325281,0.0261382799325463,0.0196970561000181,0.022186069454609,0.0290706578296043,0.0003674150540814,0.0006776766553057
protein,LCRFinder,property_fraction__other,ncRNA,23,0.0049833887043189,0.0031105811289094,0.009511248750889,0.0064006676219795,0.0092050577947127,0.0144327745825726,0.0003674150540814,0.0006776766553057
protein,LCRFinder,property_fraction__other,pre-rRNA,9,0.0078048780487804,0.0046260601387818,0.0094562647754137,0.0048302046366319,0.0085876648695148,0.0063630527666867,0.0003674150540814,0.0006776766553057
protein,LCRFinder,property_fraction__other,ribosomal protein,1,0.091743119266055,0.091743119266055,0.091743119266055,0.0,0.091743119266055,,0.0003674150540814,0.0006776766553057
protein,LCRFinder,property_fraction__other,snRNA,19,0.0086580086580086,0.0059120993363535,0.0232007086439802,0.0172886093076266,0.031712821523348,0.053707452975473,0.0003674150540814,0.0006776766553057
protein,LCRFinder,property_fraction__other,snoRNA,8,0.025539829432045,0.0101137272000581,0.1068840006330115,0.0967702734329534,0.0747052262963836,0.0965400325925262,0.0003674150540814,0.0006776766553057
protein,LCRFinder,property_fraction__other,tRNA,9,0.0040609137055837,0.003770028275212,0.0141843971631205,0.0104143688879085,0.0210746040227468,0.041072772236657,0.0003674150540814,0.0006776766553057
protein,LCRFinder,property_fraction__other,unknown,66,0.006763563787748,0.004407678263312,0.0172155418336763,0.0128078635703643,0.0161427600362469,0.0225493251991224,0.0003674150540814,0.0006776766553057
protein,SEG_intermediate,property_fraction__other,diverse,4,0.0926659125188537,0.0878155048076923,0.1023034213685474,0.0144879165608551,0.097453013657386,0.0175645639734022,0.0204071107305063,0.0327364067968539
protein,SEG_intermediate,property_fraction__other,mRNA,53,0.0332167832167832,0.0193939393939393,0.0551181102362204,0.035724170842281,0.0455230538112853,0.0401582361169337,0.0204071107305063,0.0327364067968539
protein,SEG_intermediate,property_fraction__other,ncRNA,2,0.0210128677909069,0.0188991093786681,0.0231266262031457,0.0042275168244776,0.0210128677909069,0.0059786116283367,0.0204071107305063,0.0327364067968539
protein,SEG_intermediate,property_fraction__other,pre-rRNA,2,0.0237148913619501,0.0208664546899841,0.0265633280339162,0.0056968733439321,0.0237148913619501,0.0080565955461106,0.0204071107305063,0.0327364067968539
protein,SEG_intermediate,property_fraction__other,ribosomal protein,1,1.0,1.0,1.0,0.0,1.0,,0.0204071107305063,0.0327364067968539
protein,SEG_intermediate,property_fraction__other,snRNA,5,0.0412474849094567,0.0271317829457364,0.0519480519480519,0.0248162690023155,0.040768806385872,0.0143478522462986,0.0204071107305063,0.0327364067968539
protein,SEG_intermediate,property_fraction__other,snoRNA,2,0.0677071652088473,0.0628083848643106,0.0726059455533839,0.0097975606890732,0.0677071652088473,0.0138558432046609,0.0204071107305063,0.0327364067968539
protein,SEG_intermediate,property_fraction__other,tRNA,2,0.0360515957327846,0.0282577214680294,0.0438454699975398,0.0155877485295104,0.0360515957327846,0.0220444053772949,0.0204071107305063,0.0327364067968539
protein,SEG_intermediate,property_fraction__other,unknown,19,0.0194986072423398,0.0109878310555359,0.0272044681165852,0.0162166370610493,0.0307332392233184,0.0306261092198593,0.0204071107305063,0.0327364067968539
protein,SEG_intermediate,property_fraction__sr_rs_repeat_region,diverse,1,0.0180115273775216,0.0180115273775216,0.0180115273775216,0.0,0.0180115273775216,,0.0013726575301411,0.0075496164157762
protein,SEG_intermediate,property_fraction__sr_rs_repeat_region,mRNA,70,0.1245806902910923,0.0626477997412795,0.2644803320101047,0.2018325322688251,0.1779302402862315,0.1442720671079799,0.0013726575301411,0.0075496164157762
protein,SEG_intermediate,property_fraction__sr_rs_repeat_region,pre-rRNA,1,0.0841248303934871,0.0841248303934871,0.0841248303934871,0.0,0.0841248303934871,,0.0013726575301411,0.0075496164157762
protein,SEG_intermediate,property_fraction__sr_rs_repeat_region,snRNA,8,0.144122900039069,0.0856201357936306,0.2852564102564102,0.1996362744627796,0.1842362153382623,0.1328580907336198,0.0013726575301411,0.0075496164157762
protein,SEG_intermediate,property_fraction__sr_rs_repeat_region,unknown,11,0.0447284345047923,0.0304778209716036,0.0615554265639974,0.0310776055923938,0.0520638597922434,0.0302139622139981,0.0013726575301411,0.0075496164157762
protein,AlcoR,property_fraction__unmapped_physicochemical_properties,diverse,7,0.060200668896321,0.0341740301417897,0.1018143649722597,0.06764033483047,0.0693433003547911,0.0514186290459194,0.0001005109927958,0.0009939420398697
protein,AlcoR,property_fraction__unmapped_physicochemical_properties,mRNA,65,0.0380952380952381,0.0207684319833852,0.0638670166229221,0.0430985846395368,0.0511779919856794,0.0420102575578547,0.0001005109927958,0.0009939420398697
protein,AlcoR,property_fraction__unmapped_physicochemical_properties,ncRNA,11,0.0224260958205912,0.0137311324456535,0.0413651596181823,0.0276340271725287,0.0308103782675404,0.0230278888573995,0.0001005109927958,0.0009939420398697
protein,AlcoR,property_fraction__unmapped_physicochemical_properties,pre-rRNA,12,0.0312711794466521,0.0190378269881355,0.045384987113402,0.0263471601252665,0.0386879359867921,0.0289136414197098,0.0001005109927958,0.0009939420398697
protein,AlcoR,property_fraction__unmapped_physicochemical_properties,ribosomal protein,7,0.1201923076923077,0.1136826441102756,0.2079814538830932,0.0942988097728175,0.164008720602798,0.0991727244783561,0.0001005109927958,0.0009939420398697
protein,AlcoR,property_fraction__unmapped_physicochemical_properties,snRNA,6,0.0337341784764175,0.0180442091380628,0.0872655934828156,0.0692213843447527,0.0531997334956998,0.049288796386381,0.0001005109927958,0.0009939420398697
protein,AlcoR,property_fraction__unmapped_physicochemical_properties,snoRNA,1,0.0222772277227722,0.0222772277227722,0.0222772277227722,0.0,0.0222772277227722,,0.0001005109927958,0.0009939420398697
protein,AlcoR,property_fraction__unmapped_physicochemical_properties,tRNA,17,0.0581395348837209,0.0373443983402489,0.099601593625498,0.062257195285249,0.0702480928286747,0.0472324449314709,0.0001005109927958,0.0009939420398697
protein,AlcoR,property_fraction__unmapped_physicochemical_properties,unknown,63,0.023876404494382,0.0148592283628779,0.0410534719254247,0.0261942435625467,0.0350010164500875,0.0314094150437907,0.0001005109927958,0.0009939420398697
protein,FLPS,property_fraction__unmapped_physicochemical_properties,diverse,8,0.0484606672362747,0.0218281718281718,0.106046871909816,0.0842187000816442,0.0668970740273194,0.060780877781866,0.0078016383312666,0.0086684870347407
protein,FLPS,property_fraction__unmapped_physicochemical_properties,mRNA,104,0.0233501642669724,0.0120872334651757,0.0443044906900328,0.0322172572248571,0.0323188275341135,0.0269415527412708,0.0078016383312666,0.0086684870347407
protein,FLPS,property_fraction__unmapped_physicochemical_properties,ncRNA,27,0.0239471511147811,0.0146030541363381,0.03956557644468,0.0249625223083418,0.0298584291919393,0.0219834659730517,0.0078016383312666,0.0086684870347407
protein,FLPS,property_fraction__unmapped_physicochemical_properties,pre-rRNA,11,0.0329067641681901,0.0093212931380087,0.0482891145001636,0.0389678213621548,0.0359587825258715,0.0325546531926703,0.0078016383312666,0.0086684870347407
protein,FLPS,property_fraction__unmapped_physicochemical_properties,ribosomal protein,8,0.097125687102908,0.0649497360853827,0.1793996960486322,0.1144499599632494,0.1891649951730429,0.2478679330240237,0.0078016383312666,0.0086684870347407
protein,FLPS,property_fraction__unmapped_physicochemical_properties,snRNA,18,0.028588417703023,0.0165882228041616,0.0345516033683369,0.0179633805641752,0.0388414436462863,0.0412727444051431,0.0078016383312666,0.0086684870347407
protein,FLPS,property_fraction__unmapped_physicochemical_properties,snoRNA,2,0.0194230181325868,0.0174613754479075,0.0213846608172662,0.0039232853693586,0.0194230181325868,0.0055483633784069,0.0078016383312666,0.0086684870347407
protein,FLPS,property_fraction__unmapped_physicochemical_properties,tRNA,21,0.0355731225296442,0.02,0.053763440860215,0.033763440860215,0.0398641799706704,0.0250173579024685,0.0078016383312666,0.0086684870347407
protein,FLPS,property_fraction__unmapped_physicochemical_properties,unknown,79,0.0259067357512953,0.0114581372958141,0.0440657801409806,0.0326076428451664,0.0340052533779375,0.0301995438183992,0.0078016383312666,0.0086684870347407
