uniprot_accession,uniprot_length,rnaprimaryclass,method,cluster_pam_k2,cluster_hierarchical_k2,cluster_pam_k3,cluster_hierarchical_k3,cluster_pam_k4,cluster_hierarchical_k4,cluster_pam_k5,cluster_hierarchical_k5,cluster_pam_k6,cluster_hierarchical_k6,cluster_pam_k7,cluster_hierarchical_k7,cluster_pam_k8,cluster_hierarchical_k8,cluster_pam_k9,cluster_hierarchical_k9,cluster_pam_k10,cluster_hierarchical_k10,cluster_hdbscan,hdbscan_confidence
Q9Y2T7,364.0,mRNA,LCRFinder,0,2,0,2,3,3,4,3,4,4,3,4,3,4,3,5,3,6,-1,0.0
Q13395,1621.0,mRNA,LCRFinder,0,2,0,2,0,3,4,3,4,4,0,4,2,4,2,5,4,6,-1,0.0
Q9H6S0,1430.0,mRNA,LCRFinder,0,2,0,2,0,3,0,3,0,4,0,4,2,4,2,5,4,6,-1,0.0
Q8N1G1,1221.0,pre-rRNA,LCRFinder,1,2,1,2,1,3,1,3,3,4,1,5,1,6,1,7,1,8,-1,0.0
Q9BRR8,931.0,mRNA,LCRFinder,0,2,0,2,1,3,1,3,1,4,1,4,1,4,1,5,1,6,-1,0.0
Q9UNQ2,313.0,pre-rRNA,LCRFinder,0,2,0,2,0,3,0,3,0,4,0,4,0,4,0,5,2,6,2,0.7730032848664328
Q9BQI3,630.0,mRNA,LCRFinder,0,2,2,2,0,3,4,3,4,4,6,5,6,6,6,7,6,8,-1,0.0
Q9NW64,420.0,mRNA,LCRFinder,0,2,0,2,0,3,0,3,0,4,0,4,0,4,0,5,2,6,2,0.8087769816031397
Q9H501,851.0,pre-rRNA,LCRFinder,1,2,1,2,1,3,1,3,1,4,1,5,1,6,1,7,1,8,-1,0.0
Q9UJA5,497.0,tRNA,LCRFinder,0,2,0,2,0,3,4,3,4,4,4,4,2,4,2,5,4,6,-1,0.0
Q8N8D1,485.0,snRNA,LCRFinder,0,2,2,2,0,3,4,3,3,4,6,5,6,6,6,7,6,8,-1,0.0
P26640,1264.0,tRNA,LCRFinder,1,2,1,2,1,3,1,3,1,4,1,5,1,6,1,7,1,8,-1,0.0
P62318,126.0,snRNA,LCRFinder,0,2,0,2,3,3,3,3,0,4,5,4,5,4,0,5,5,6,-1,0.0
O00178,669.0,mRNA,LCRFinder,0,2,0,2,3,3,0,3,0,4,0,4,3,4,3,5,3,6,-1,0.0
O15371,548.0,mRNA,LCRFinder,1,2,2,2,2,3,2,3,2,4,2,5,4,6,4,7,9,8,-1,0.0
O75132,1171.0,unknown,LCRFinder,0,2,0,2,0,3,0,3,0,4,0,4,0,4,0,5,0,6,2,0.7053868670503253
Q86U42,306.0,mRNA,LCRFinder,1,2,1,2,3,3,1,3,3,4,3,4,3,4,3,5,3,6,-1,0.0
Q9H307,717.0,mRNA,LCRFinder,1,2,2,2,3,3,1,3,3,3,6,3,0,3,8,4,8,4,-1,0.0
Q9NR97,1041.0,ncRNA,LCRFinder,0,2,0,2,0,3,4,3,4,4,4,4,7,4,7,5,7,6,-1,0.0
O60828,265.0,mRNA,LCRFinder,0,2,2,2,2,3,3,3,5,3,5,3,5,3,5,4,5,5,-1,0.0
O43719,755.0,mRNA,LCRFinder,1,2,2,2,2,3,2,3,2,4,2,5,4,6,4,7,9,8,-1,0.0
Q14694,798.0,mRNA,LCRFinder,1,2,1,2,1,3,1,3,1,4,1,5,1,6,1,7,1,8,-1,0.0
Q96DP5,389.0,tRNA,LCRFinder,0,2,0,2,0,3,0,3,0,4,0,4,0,4,0,5,2,6,2,0.92795710171937
Q9NVM6,304.0,unknown,LCRFinder,1,2,1,2,1,3,1,3,1,4,6,5,6,6,6,7,6,8,-1,0.0
Q9UKV8,859.0,ncRNA,LCRFinder,0,2,0,2,0,3,0,3,0,4,0,4,0,4,0,5,2,6,2,1.0
P14866,589.0,mRNA,LCRFinder,0,2,0,2,3,3,0,3,0,4,3,4,3,4,3,5,3,6,-1,0.0
Q15428,464.0,snRNA,LCRFinder,0,2,0,2,3,3,0,3,0,4,0,4,3,4,3,5,0,6,-1,0.0
Q9NW13,759.0,snRNA,LCRFinder,1,2,2,2,2,3,2,3,2,4,2,5,4,6,4,7,9,8,-1,0.0
Q7Z333,2677.0,mRNA,LCRFinder,1,2,1,2,1,3,1,3,1,4,1,5,1,6,1,7,1,8,-1,0.0
Q9H6R0,707.0,mRNA,LCRFinder,0,2,0,2,3,3,0,3,0,4,0,4,0,4,0,5,3,6,-1,0.0
Q9Y5J1,556.0,snoRNA,LCRFinder,1,2,2,2,2,3,1,3,3,4,6,5,6,6,6,7,6,8,-1,0.0
Q7Z417,695.0,mRNA,LCRFinder,1,2,1,3,1,4,0,4,0,5,1,6,1,7,1,8,1,9,-1,0.0
Q9NY12,217.0,snoRNA,LCRFinder,0,2,0,2,3,3,0,3,0,4,3,4,3,4,3,5,3,6,-1,0.0
Q9H6F5,360.0,unknown,LCRFinder,0,2,2,2,2,3,3,3,5,3,5,3,5,3,5,4,5,5,-1,0.0
P16989,372.0,mRNA,LCRFinder,1,2,1,2,3,3,1,3,3,4,3,4,3,4,3,5,3,6,-1,0.0
A0A499FI31,981.0,snRNA,LCRFinder,1,2,1,2,1,3,1,3,3,4,1,5,1,6,1,7,1,8,-1,0.0
Q9Y6K5,1087.0,ncRNA,LCRFinder,0,2,0,2,0,3,0,3,0,4,0,4,0,4,0,5,2,6,2,0.8556968874754228
Q5XG87,792.0,diverse,LCRFinder,0,2,0,2,3,3,0,3,0,4,0,4,3,4,3,5,0,6,-1,0.0
O43818,475.0,snoRNA,LCRFinder,0,2,2,2,2,3,1,3,3,4,1,5,0,6,0,7,1,8,-1,0.0
Q96EP5,407.0,mRNA,LCRFinder,0,2,0,2,0,3,4,3,4,4,0,4,2,4,2,5,0,6,-1,0.0
Q4ZG55,1949.0,unknown,LCRFinder,0,2,0,2,1,3,1,3,3,4,6,5,6,6,6,7,6,8,-1,0.0
Q03701,1054.0,pre-rRNA,LCRFinder,1,2,1,2,2,3,1,3,1,4,1,5,1,6,1,7,1,8,-1,0.0
Q9BWT3,736.0,mRNA,LCRFinder,1,2,1,2,1,3,3,3,5,3,5,3,5,3,5,4,5,5,-1,0.0
Q13148,414.0,mRNA,LCRFinder,0,2,0,2,3,3,0,3,0,4,3,4,3,4,3,5,0,6,-1,0.0
Q06265,439.0,diverse,LCRFinder,1,2,2,2,2,3,2,3,2,4,2,5,4,6,4,7,9,8,1,0.7587439964440844
P09012,282.0,snRNA,LCRFinder,0,2,0,2,0,3,4,3,4,4,4,4,0,4,0,5,2,6,-1,0.0
Q13247,344.0,mRNA,LCRFinder,1,2,1,2,3,3,3,3,3,3,5,3,5,3,8,4,8,4,-1,0.0
Q8WVK2,155.0,snRNA,LCRFinder,1,2,1,2,3,3,3,3,3,3,5,3,5,3,8,4,8,4,-1,0.0
O00566,681.0,snoRNA,LCRFinder,1,2,1,2,2,3,2,3,2,4,2,5,4,6,4,7,9,8,-1,0.0
Q96EU6,259.0,pre-rRNA,LCRFinder,0,2,0,2,0,3,4,3,4,4,0,4,2,4,2,5,4,6,-1,0.0
P09234,159.0,snRNA,LCRFinder,0,2,0,2,0,3,0,3,0,4,0,4,2,4,2,5,4,6,-1,0.0
Q5JTZ9,985.0,tRNA,LCRFinder,0,2,0,2,3,3,3,3,0,4,3,4,3,4,3,5,3,6,-1,0.0
Q96J94,861.0,ncRNA,LCRFinder,0,2,0,2,3,3,3,3,3,3,5,3,5,3,3,4,3,5,-1,0.0
Q9BZI7,483.0,mRNA,LCRFinder,1,2,1,2,1,3,1,3,1,4,1,5,1,6,1,7,1,8,-1,0.0
Q92797,1274.0,mRNA,LCRFinder,0,2,0,2,0,3,0,3,0,4,6,5,2,6,2,7,4,8,-1,0.0
Q8IWZ8,645.0,mRNA,LCRFinder,0,2,0,2,3,3,3,3,3,4,6,5,6,6,6,7,6,8,-1,0.0
P51116,673.0,mRNA,LCRFinder,1,2,1,2,3,3,1,3,3,4,3,5,3,6,3,7,3,8,-1,0.0
Q15415,496.0,mRNA,LCRFinder,0,2,0,2,3,3,3,3,3,4,5,4,5,4,0,5,0,6,-1,0.0
Q7Z478,1369.0,mRNA,LCRFinder,1,2,1,2,2,3,1,3,1,4,6,5,6,6,6,7,6,8,-1,0.0
Q96DF8,476.0,mRNA,LCRFinder,1,2,2,2,1,3,1,3,1,4,1,5,0,6,0,7,1,8,-1,0.0
Q14151,953.0,mRNA,LCRFinder,1,2,1,2,1,3,1,3,1,4,1,5,1,6,1,7,1,8,-1,0.0
Q9BQ67,446.0,pre-rRNA,LCRFinder,1,2,2,2,2,3,2,3,2,4,2,5,4,6,4,7,9,8,1,0.7579782082802078
Q8WUA2,492.0,mRNA,LCRFinder,1,2,1,2,1,3,1,3,1,4,1,5,1,6,1,7,1,8,-1,0.0
P82663,173.0,ribosomal protein,LCRFinder,1,2,2,2,2,3,2,3,2,4,2,5,4,6,4,7,9,8,1,0.9803023394410723
Q9H9Z2,209.0,mRNA,LCRFinder,1,2,2,2,1,3,1,3,1,4,1,5,1,6,1,7,1,8,-1,0.0
O43159,456.0,pre-rRNA,LCRFinder,0,2,0,2,1,3,1,3,3,4,1,4,1,4,1,5,1,6,-1,0.0
Q96EY7,689.0,mRNA,LCRFinder,0,2,2,2,2,3,2,3,2,4,6,5,6,6,6,7,6,8,-1,0.0
Q12849,480.0,mRNA,LCRFinder,0,2,0,2,0,3,4,3,4,4,0,4,2,4,2,5,4,6,2,0.6641211445645581
Q9NQZ2,479.0,snoRNA,LCRFinder,1,2,1,2,1,3,1,3,1,4,1,5,1,6,1,7,1,8,-1,0.0
O95218,330.0,mRNA,LCRFinder,1,2,1,2,1,3,1,3,1,3,1,3,1,3,8,4,8,4,-1,0.0
P38935,993.0,tRNA,LCRFinder,1,2,1,2,1,3,3,3,5,3,5,3,5,3,5,4,5,5,-1,0.0
O15397,1037.0,ncRNA,LCRFinder,1,2,2,2,2,3,2,3,2,4,2,5,4,6,4,7,9,8,1,0.8937884576526615
Q9P031,241.0,unknown,LCRFinder,1,2,1,2,2,3,3,3,5,3,5,3,5,3,5,4,5,5,-1,0.0
Q76MJ5,926.0,mRNA,LCRFinder,0,2,0,2,0,3,4,3,4,4,4,4,7,4,7,5,7,6,0,1.0
Q5TAX3,1644.0,ncRNA,LCRFinder,1,2,1,2,1,3,1,3,1,4,1,5,1,6,1,7,1,8,-1,0.0
Q8NAV1,312.0,snRNA,LCRFinder,1,2,1,2,3,3,3,3,3,3,5,3,5,3,8,4,8,4,-1,0.0
Q86YF9,867.0,mRNA,LCRFinder,1,2,1,2,1,3,1,3,3,4,1,5,1,6,1,7,1,8,-1,0.0
Q9HA77,564.0,tRNA,LCRFinder,0,2,0,2,3,3,3,3,0,4,5,4,5,4,3,5,3,6,-1,0.0
O43347,362.0,mRNA,LCRFinder,0,2,0,2,0,3,0,3,0,4,0,4,2,4,2,5,2,6,2,0.930092989881187
A4D1B5,854.0,unknown,LCRFinder,0,2,0,2,0,3,4,3,4,4,4,4,0,4,0,5,7,6,-1,0.0
Q504Q3,1202.0,mRNA,LCRFinder,0,2,0,2,0,3,4,3,4,4,0,4,2,4,2,5,4,6,-1,0.0
Q96K80,434.0,unknown,LCRFinder,0,2,0,2,3,3,0,3,0,4,0,4,3,4,3,5,3,6,2,0.6261768134362345
Q14146,1524.0,pre-rRNA,LCRFinder,0,2,0,2,0,3,4,3,4,4,4,4,7,4,7,5,7,6,-1,0.0
Q07955,248.0,mRNA,LCRFinder,0,2,0,2,3,3,0,3,0,4,3,4,3,4,8,5,8,6,-1,0.0
O60518,1105.0,mRNA,LCRFinder,0,2,0,2,0,3,4,3,4,4,4,4,2,4,2,5,4,6,-1,0.0
Q96RS0,853.0,snRNA,LCRFinder,1,2,1,2,1,3,1,3,1,4,1,5,1,6,1,7,1,8,-1,0.0
Q9BRD0,619.0,mRNA,LCRFinder,1,2,1,2,1,3,1,3,3,4,1,5,1,6,1,7,1,8,-1,0.0
P42704,1394.0,mRNA,LCRFinder,0,2,0,2,0,3,4,3,4,4,4,4,7,4,7,5,7,6,-1,0.0
Q9UK59,544.0,mRNA,LCRFinder,1,2,2,2,2,3,2,3,2,4,2,5,4,6,4,7,9,8,-1,0.0
Q99728,777.0,ncRNA,LCRFinder,0,2,0,2,0,3,4,3,4,4,1,5,2,6,2,7,4,8,-1,0.0
P05455,408.0,tRNA,LCRFinder,1,2,1,2,1,3,1,3,1,3,1,3,1,3,1,4,1,5,-1,0.0
Q9GZL7,423.0,pre-rRNA,LCRFinder,0,2,0,2,0,3,0,3,0,4,4,4,0,4,0,5,7,6,-1,0.0
Q96BP3,646.0,mRNA,LCRFinder,1,2,2,2,2,3,3,3,3,4,6,5,6,6,6,7,6,8,-1,0.0
Q96IC2,774.0,pre-rRNA,LCRFinder,1,2,2,2,2,3,2,3,2,4,2,5,4,6,4,7,9,8,1,0.9727045932235943
Q13573,536.0,mRNA,LCRFinder,1,2,2,2,1,3,1,3,3,4,1,5,1,6,1,7,1,8,-1,0.0
O75691,2785.0,snoRNA,LCRFinder,1,2,1,2,1,3,1,3,1,4,1,5,1,6,1,7,1,8,-1,0.0
O60563,726.0,ncRNA,LCRFinder,0,2,0,2,0,3,0,3,0,4,0,4,0,4,0,5,0,6,-1,0.0
P56192,900.0,tRNA,LCRFinder,1,2,1,2,1,3,1,3,1,4,1,5,1,6,1,7,1,8,-1,0.0
P49790,1475.0,diverse,LCRFinder,0,2,0,2,1,3,0,3,0,4,1,4,1,4,1,5,0,6,-1,0.0
O15105,426.0,ncRNA,LCRFinder,0,2,0,2,0,3,0,3,0,4,0,4,0,4,0,5,2,6,2,0.7611711035180765
Q9Y473,711.0,unknown,LCRFinder,0,2,0,2,1,3,0,3,5,3,1,3,1,3,5,4,5,5,-1,0.0
Q14562,1220.0,mRNA,LCRFinder,1,2,1,2,3,3,3,3,3,3,5,3,5,3,8,4,8,4,-1,0.0
Q8TDI0,1954.0,unknown,LCRFinder,1,2,1,2,1,3,1,3,1,4,1,5,1,6,1,7,1,8,-1,0.0
Q6ZRS2,3230.0,unknown,LCRFinder,1,2,1,2,3,3,1,3,3,4,6,5,6,6,6,7,6,8,-1,0.0
O15047,1707.0,ncRNA,LCRFinder,0,2,0,2,3,3,1,3,3,4,6,4,6,4,6,5,6,6,-1,0.0
Q9UEG4,869.0,unknown,LCRFinder,0,2,0,2,2,3,4,3,4,4,6,5,6,6,6,7,6,8,-1,0.0
Q8IXZ2,948.0,mRNA,LCRFinder,0,2,0,2,3,3,0,3,3,4,3,4,3,4,3,5,3,6,-1,0.0
Q9UKV3,1341.0,mRNA,LCRFinder,1,2,1,2,1,3,1,3,3,3,1,3,1,3,1,4,1,4,-1,0.0
Q92900,1129.0,mRNA,LCRFinder,0,2,0,2,3,3,0,3,0,4,0,4,3,4,3,5,3,6,-1,0.0
P55199,621.0,snRNA,LCRFinder,0,2,2,2,1,3,3,3,5,3,5,3,5,3,5,4,5,5,-1,0.0
Q9UPR6,939.0,unknown,LCRFinder,1,2,1,2,3,3,1,3,3,4,3,4,3,4,3,5,3,6,-1,0.0
Q86US8,1419.0,mRNA,LCRFinder,1,2,2,2,2,3,3,3,3,4,6,5,6,6,6,7,6,8,-1,0.0
Q8WYQ5,773.0,ncRNA,LCRFinder,0,2,0,2,0,3,0,3,0,4,0,4,0,4,0,5,2,6,2,1.0
Q9NVP1,670.0,pre-rRNA,LCRFinder,0,2,0,2,3,3,3,3,5,3,5,3,5,3,5,4,5,5,-1,0.0
Q9UNW9,492.0,mRNA,LCRFinder,0,2,0,2,0,3,0,3,0,4,0,4,0,4,0,5,2,6,-1,0.0
Q96DI7,357.0,snRNA,LCRFinder,0,2,0,2,0,3,0,3,0,4,4,4,0,4,0,5,7,6,-1,0.0
Q9P2K8,1649.0,tRNA,LCRFinder,1,2,2,2,2,3,2,3,3,4,6,5,6,6,6,7,6,8,-1,0.0
Q9BSC4,688.0,pre-rRNA,LCRFinder,1,2,2,2,2,3,2,3,2,4,2,5,4,6,4,7,9,8,1,0.7966394041730928
O60583,730.0,ncRNA,LCRFinder,0,2,0,2,3,3,0,3,0,4,0,4,0,4,0,5,0,6,-1,0.0
Q5FWF4,1079.0,unknown,LCRFinder,0,2,0,2,0,3,0,3,0,4,0,4,2,4,2,5,4,6,2,0.66237335760418
Q15032,1099.0,unknown,LCRFinder,0,2,0,2,3,3,0,3,0,4,3,5,3,6,3,7,0,8,-1,0.0
O43432,1585.0,mRNA,LCRFinder,1,2,1,2,1,3,1,3,1,4,1,5,1,6,1,7,1,8,-1,0.0
Q9Y2X3,529.0,snoRNA,LCRFinder,1,2,1,2,2,3,1,3,5,4,1,5,1,6,5,7,5,8,-1,0.0
O15234,703.0,mRNA,LCRFinder,0,2,0,2,3,3,0,3,0,4,3,4,3,4,3,5,0,6,-1,0.0
Q9NXL6,827.0,ncRNA,LCRFinder,0,2,0,2,0,3,0,3,0,4,0,4,0,4,0,5,2,6,-1,0.0
Q9UBK2,798.0,unknown,LCRFinder,1,2,1,2,1,3,1,3,1,4,1,4,1,4,1,5,1,6,-1,0.0
Q96KR1,1074.0,unknown,LCRFinder,1,2,1,2,1,3,1,3,1,4,1,5,1,6,1,7,1,8,-1,0.0
Q17RY0,729.0,mRNA,LCRFinder,0,2,0,2,0,3,0,3,0,4,0,4,0,4,0,5,0,6,-1,0.0
Q9H089,658.0,pre-rRNA,LCRFinder,1,2,2,2,2,3,2,3,2,4,2,5,4,6,4,7,9,8,-1,0.0
Q9P2N5,1060.0,mRNA,LCRFinder,1,2,1,2,3,3,1,3,3,4,3,5,3,6,3,7,3,8,-1,0.0
Q9HAV4,1204.0,ncRNA,LCRFinder,0,2,0,2,0,3,4,3,4,4,4,4,7,4,7,5,7,6,-1,0.0
P51531,1590.0,unknown,LCRFinder,1,2,1,2,1,3,1,3,1,4,1,5,1,6,1,7,1,8,-1,0.0
P31942,346.0,mRNA,LCRFinder,0,2,0,2,3,3,4,3,4,4,3,4,3,4,3,5,3,6,-1,0.0
P78332,1123.0,mRNA,LCRFinder,1,2,1,2,1,3,1,3,1,4,1,5,1,6,1,7,1,8,-1,0.0
O94906,941.0,snRNA,LCRFinder,1,2,1,2,1,3,1,3,1,4,1,5,1,6,1,7,1,8,-1,0.0
Q8TBF4,217.0,snRNA,LCRFinder,1,2,1,2,1,3,1,3,1,4,1,5,1,6,1,7,1,8,-1,0.0
Q15633,366.0,mRNA,LCRFinder,0,2,0,2,0,3,4,3,4,4,0,4,2,4,2,5,4,6,-1,0.0
Q5T8P6,1007.0,mRNA,LCRFinder,1,2,1,2,1,3,1,3,1,4,1,4,1,4,1,5,1,6,-1,0.0
A7MD48,611.0,mRNA,LCRFinder,1,2,1,2,3,3,1,3,1,3,3,3,3,3,8,4,8,4,-1,0.0
Q5VZF2,373.0,mRNA,LCRFinder,0,2,0,2,0,3,4,3,4,4,0,4,2,4,2,5,4,6,2,0.6052510190046408
Q86U38,636.0,pre-rRNA,LCRFinder,0,2,2,2,2,3,4,3,4,4,6,5,6,6,6,7,6,8,-1,0.0
A0A0A0MQW0,576.0,mRNA,LCRFinder,0,2,0,2,0,3,4,3,4,4,0,4,2,4,2,5,4,6,-1,0.0
P37108,136.0,ncRNA,LCRFinder,0,2,0,2,3,3,0,3,0,4,3,4,3,4,3,5,3,6,-1,0.0
Q92620,1227.0,mRNA,LCRFinder,1,2,1,2,1,3,1,3,3,4,1,5,1,6,8,7,8,8,-1,0.0
Q8WYQ9,949.0,unknown,LCRFinder,0,2,0,2,3,3,0,3,0,4,3,4,3,4,3,5,0,6,-1,0.0
Q9ULX3,412.0,pre-rRNA,LCRFinder,1,2,2,2,2,3,2,3,2,4,2,5,4,6,4,7,9,8,1,1.0
O43823,692.0,mRNA,LCRFinder,1,2,1,2,3,3,1,3,3,4,3,5,3,6,3,7,3,8,-1,0.0
Q96L12,384.0,unknown,LCRFinder,1,2,2,2,2,3,2,3,2,4,2,5,4,6,4,7,9,8,1,1.0
Q9H0W8,520.0,mRNA,LCRFinder,0,2,0,2,3,3,3,3,3,4,3,5,0,6,0,7,3,8,-1,0.0
Q15427,424.0,mRNA,LCRFinder,0,2,0,2,3,3,0,3,0,4,3,4,3,4,3,5,0,6,-1,0.0
P41214,584.0,tRNA,LCRFinder,0,2,0,2,0,3,0,3,0,4,0,4,2,4,2,5,4,6,2,0.6128310456695834
Q9HC10,1997.0,unknown,LCRFinder,1,2,1,2,1,3,1,3,1,4,6,5,6,6,6,7,6,8,-1,0.0
P82675,430.0,ribosomal protein,LCRFinder,0,2,2,2,1,3,3,3,5,3,5,3,5,3,5,4,5,5,-1,0.0
Q96HR8,494.0,snoRNA,LCRFinder,0,2,0,2,3,3,0,3,0,4,0,4,0,4,0,5,0,6,-1,0.0
Q9ULW3,272.0,mRNA,LCRFinder,1,2,2,2,2,3,3,3,3,4,5,5,5,6,4,7,9,8,-1,0.0
Q5C9Z4,860.0,pre-rRNA,LCRFinder,1,2,1,2,1,3,1,3,1,4,1,5,1,6,1,7,1,8,-1,0.0
Q9NZB2,1118.0,mRNA,LCRFinder,0,2,0,2,3,3,0,3,0,4,0,4,0,4,0,5,0,6,-1,0.0
Q9C0D7,883.0,unknown,LCRFinder,0,2,0,2,2,3,0,3,3,4,0,5,0,6,0,7,6,8,2,0.6152267061910376
Q9UK39,431.0,mRNA,LCRFinder,0,2,0,2,0,3,4,3,4,4,0,4,2,4,2,5,4,6,-1,0.0
Q8IZD4,617.0,mRNA,LCRFinder,0,2,0,2,0,3,0,3,0,4,0,4,0,4,0,5,2,6,2,0.6075605103586994
Q5VWX1,349.0,mRNA,LCRFinder,0,2,0,2,3,3,0,3,0,4,3,4,3,4,3,5,3,6,-1,0.0
Q9H361,631.0,mRNA,LCRFinder,0,2,0,2,0,3,4,3,4,4,4,4,2,4,2,5,4,6,-1,0.0
Q8TBY0,533.0,mRNA,LCRFinder,0,2,0,2,0,3,0,3,0,4,0,4,0,4,0,5,2,6,2,0.921816940780382
Q5W0B1,726.0,unknown,LCRFinder,1,2,1,2,1,3,1,3,1,4,1,4,1,4,1,5,1,6,-1,0.0
Q5T200,1668.0,unknown,LCRFinder,1,1,1,1,1,2,1,2,1,2,1,2,1,2,1,2,1,2,-1,0.0
Q2TBE0,894.0,mRNA,LCRFinder,1,2,1,2,1,3,1,3,1,4,1,5,1,6,1,7,1,8,-1,0.0
P47974,494.0,mRNA,LCRFinder,0,2,0,2,3,3,0,3,0,4,3,4,3,4,3,5,3,6,-1,0.0
P49792,3224.0,mRNA,LCRFinder,1,2,1,2,1,3,1,3,1,4,1,5,1,6,1,7,1,8,-1,0.0
Q9BYG3,293.0,pre-rRNA,LCRFinder,1,2,1,2,2,3,3,3,5,3,5,3,5,3,5,4,5,5,-1,0.0
Q8TEQ6,1508.0,snRNA,LCRFinder,1,2,1,2,1,3,4,3,4,4,6,5,6,6,6,7,6,8,-1,0.0
O95104,1147.0,mRNA,LCRFinder,0,2,0,2,3,3,0,3,0,4,3,4,3,4,8,5,8,6,-1,0.0
O43541,496.0,ncRNA,LCRFinder,0,2,0,2,0,3,4,3,4,4,0,4,2,4,2,5,4,6,-1,0.0
O60841,1220.0,tRNA,LCRFinder,1,2,1,2,2,3,2,3,3,4,2,5,4,6,4,7,9,8,-1,0.0
Q9UKZ1,510.0,mRNA,LCRFinder,0,2,0,2,0,3,4,3,4,4,0,4,2,4,2,5,4,6,-1,0.0
Q86SE8,214.0,pre-rRNA,LCRFinder,1,2,1,2,2,3,2,3,2,4,2,5,4,6,4,7,9,8,-1,0.0
Q14974,876.0,mRNA,LCRFinder,0,2,2,2,2,3,2,3,2,4,2,5,4,6,4,7,9,8,-1,0.0
Q9NZI8,577.0,mRNA,LCRFinder,0,2,0,2,0,3,0,3,0,4,0,4,0,4,0,5,0,6,-1,0.0
Q5SZQ8,465.0,mRNA,LCRFinder,0,2,0,2,0,3,0,3,0,4,0,4,0,4,0,5,2,6,-1,0.0
Q9HC44,474.0,unknown,LCRFinder,0,2,0,2,0,3,0,3,0,4,0,4,0,4,0,5,4,6,2,0.6682991023358222
Q15269,919.0,snoRNA,LCRFinder,1,2,2,2,2,3,1,3,1,4,1,5,1,6,1,7,1,8,-1,0.0
Q15424,915.0,mRNA,LCRFinder,1,2,1,2,1,3,1,3,1,4,1,5,1,6,1,7,1,8,-1,0.0
P25311,298.0,unknown,LCRFinder,0,2,0,2,0,3,4,3,4,4,4,4,7,4,7,5,7,6,0,1.0
O75127,700.0,tRNA,LCRFinder,0,2,0,2,0,3,4,3,3,4,6,5,6,6,6,7,6,8,-1,0.0
Q8N6W0,485.0,mRNA,LCRFinder,0,2,0,2,0,3,0,3,0,4,0,4,0,4,0,5,2,6,-1,0.0
Q9NQ29,371.0,mRNA,LCRFinder,1,2,1,2,3,3,0,3,0,3,3,3,3,3,8,4,8,4,-1,0.0
O14979,420.0,mRNA,LCRFinder,0,2,0,2,3,3,0,3,0,4,3,4,3,4,3,5,3,6,-1,0.0
Q8TDG4,1101.0,unknown,LCRFinder,1,2,1,2,2,3,3,3,3,4,6,5,6,6,6,7,6,8,-1,0.0
Q96IZ7,334.0,mRNA,LCRFinder,1,2,2,2,3,3,3,3,3,3,5,3,5,3,8,4,8,4,-1,0.0
A0AV96,593.0,mRNA,LCRFinder,0,2,0,2,3,3,0,3,0,4,3,4,3,4,3,5,3,6,-1,0.0
Q8TAD8,396.0,ncRNA,LCRFinder,1,2,2,2,1,3,1,3,3,4,6,5,6,6,6,7,6,8,-1,0.0
O14776,1098.0,mRNA,LCRFinder,1,2,1,2,1,3,1,3,1,4,1,4,1,4,1,5,1,6,-1,0.0
O15455,904.0,ncRNA,LCRFinder,0,2,0,2,0,3,0,3,0,4,4,4,0,4,0,5,7,6,-1,0.0
O95391,586.0,mRNA,LCRFinder,1,2,1,2,1,3,1,3,1,4,1,5,1,6,1,7,1,8,-1,0.0
Q8TA86,221.0,snRNA,LCRFinder,1,2,1,2,1,3,3,3,5,3,5,3,5,3,5,4,5,5,-1,0.0
Q14296,549.0,mRNA,LCRFinder,0,2,0,2,0,3,4,3,4,4,6,4,2,4,2,5,4,6,-1,0.0
Q9H814,394.0,snRNA,LCRFinder,0,2,0,2,1,3,1,3,3,4,1,5,1,6,1,7,1,8,-1,0.0
O94913,1555.0,mRNA,LCRFinder,1,2,1,2,1,3,1,3,3,4,6,5,6,6,6,7,6,8,-1,0.0
Q96CM3,377.0,mRNA,LCRFinder,0,2,0,2,0,3,0,3,0,4,0,4,2,4,2,5,2,6,2,0.9857253814265605
Q9H1E1,156.0,diverse,LCRFinder,0,2,0,2,0,3,4,3,4,4,4,4,7,4,7,5,7,6,-1,0.0
Q8WWH5,349.0,tRNA,LCRFinder,0,2,0,2,0,3,4,3,4,4,0,4,2,4,2,5,4,6,2,0.7029177095578857
Q9BRS8,491.0,mRNA,LCRFinder,0,2,0,2,3,3,3,3,3,4,3,4,3,4,3,5,3,6,-1,0.0
P15918,1043.0,unknown,LCRFinder,0,2,0,2,3,3,3,3,3,3,5,3,5,3,3,4,3,5,-1,0.0
Q08AF3,891.0,unknown,LCRFinder,0,2,0,2,0,3,0,3,0,4,0,4,0,4,0,5,2,6,2,0.6501274893057467
Q6ZRY4,209.0,mRNA,LCRFinder,0,2,0,2,0,3,0,3,0,4,0,4,2,4,2,5,2,6,2,0.9874143530945892
Q86TB9,770.0,mRNA,LCRFinder,0,2,0,2,0,3,4,3,4,4,6,5,6,6,6,7,6,8,-1,0.0
P62314,119.0,snRNA,LCRFinder,0,2,0,2,3,3,3,3,0,4,5,4,5,4,3,5,3,6,-1,0.0
Q05481,1191.0,unknown,LCRFinder,1,2,1,2,1,3,3,3,5,3,5,3,5,3,5,4,5,5,-1,0.0
Q2NL82,804.0,pre-rRNA,LCRFinder,1,2,2,2,2,3,2,3,2,4,6,5,6,6,6,7,6,8,-1,0.0
Q15287,305.0,mRNA,LCRFinder,1,2,1,2,3,3,3,3,0,3,3,3,3,3,8,4,8,4,-1,0.0
Q1KMD3,747.0,mRNA,LCRFinder,1,2,1,2,3,3,1,3,3,4,6,5,6,6,6,7,6,8,-1,0.0
P51608,486.0,mRNA,LCRFinder,1,2,1,2,3,3,1,3,1,4,3,4,3,4,3,5,3,6,-1,0.0
Q93091,150.0,diverse,LCRFinder,0,2,0,2,0,3,4,3,4,4,4,4,7,4,7,5,7,6,-1,0.0
A0A499FIA3,238.0,unknown,LCRFinder,0,2,0,2,0,3,0,3,0,4,0,4,2,4,2,5,4,6,2,0.8383606967915274
P12724,160.0,diverse,LCRFinder,0,2,0,2,0,3,4,3,4,4,4,4,7,4,7,5,7,6,-1,0.0
P17480,764.0,pre-rRNA,LCRFinder,1,2,2,2,1,3,1,3,1,4,1,5,1,6,1,7,1,8,-1,0.0
Q96QU8,1125.0,mRNA,LCRFinder,0,2,0,2,0,3,4,3,4,4,4,4,7,4,7,5,7,6,-1,0.0
Q9UQ80,394.0,pre-rRNA,LCRFinder,0,2,2,2,2,3,3,3,5,3,5,3,5,3,5,4,5,5,-1,0.0
P46781,194.0,ribosomal protein,LCRFinder,0,2,2,2,3,3,3,3,3,4,5,4,5,4,5,5,5,6,-1,0.0
Q15696,482.0,mRNA,LCRFinder,1,2,1,2,1,3,1,3,3,3,1,3,1,3,8,4,8,4,-1,0.0
Q7Z570,1209.0,unknown,LCRFinder,0,2,0,2,3,3,4,3,4,4,3,4,3,4,3,5,3,6,-1,0.0
P10153,161.0,diverse,LCRFinder,0,2,0,2,0,3,4,3,4,4,4,4,7,4,7,5,7,6,-1,0.0
P17039,623.0,unknown,LCRFinder,0,2,0,2,0,3,4,3,4,4,4,4,7,4,7,5,7,6,-1,0.0
O75526,392.0,mRNA,LCRFinder,0,2,0,2,3,3,0,3,0,4,3,4,3,4,3,5,3,6,-1,0.0
Q9BRZ2,755.0,unknown,LCRFinder,1,2,1,2,1,3,1,3,3,4,1,5,1,6,1,7,1,8,-1,0.0
Q16637,294.0,snRNA,LCRFinder,0,2,0,2,3,3,0,3,0,4,0,4,3,4,3,5,0,6,2,0.6410260249693615
Q9BRJ7,211.0,snoRNA,LCRFinder,0,2,0,2,0,3,4,3,4,4,4,4,7,4,7,5,7,6,-1,0.0
O60294,686.0,tRNA,LCRFinder,0,2,0,2,0,3,3,3,4,4,5,4,5,4,6,5,6,6,-1,0.0
Q9NZJ5,1116.0,mRNA,LCRFinder,0,2,0,2,0,3,4,3,4,4,6,5,2,6,2,7,4,8,-1,0.0
Q16600,458.0,unknown,LCRFinder,0,2,0,2,0,3,3,3,5,3,5,3,0,3,5,4,5,5,-1,0.0
P26368,475.0,mRNA,LCRFinder,1,2,1,2,1,3,1,3,1,4,1,5,1,6,1,7,1,8,-1,0.0
F5H0R1,912.0,snRNA,LCRFinder,1,2,1,2,3,3,1,3,3,4,6,5,6,6,6,7,6,8,-1,0.0
Q7L2J0,689.0,ncRNA,LCRFinder,0,2,0,2,3,3,0,3,0,4,3,4,3,4,3,5,3,6,-1,0.0
Q6L8Q7,609.0,mRNA,LCRFinder,0,2,0,2,0,3,0,3,0,4,0,4,0,4,0,5,0,6,2,0.6399991286031791
Q9BWF3,364.0,mRNA,LCRFinder,0,2,0,2,0,3,4,3,4,4,0,4,2,4,2,5,4,6,-1,0.0
O14746,1132.0,ncRNA,LCRFinder,0,2,0,2,3,3,3,3,4,4,3,4,3,4,3,5,3,6,-1,0.0
Q969S3,477.0,unknown,LCRFinder,1,2,2,2,2,3,2,3,2,4,2,5,4,6,4,7,9,8,-1,0.0
Q32MZ4,808.0,ncRNA,LCRFinder,1,2,1,2,1,3,3,3,3,3,5,3,5,3,1,4,1,5,-1,0.0
Q9UL03,887.0,snRNA,LCRFinder,0,2,0,2,0,3,4,3,4,4,4,4,7,4,7,5,7,6,-1,0.0
O43290,800.0,snRNA,LCRFinder,1,2,1,2,3,3,1,3,3,4,6,5,6,6,6,7,6,8,-1,0.0
Q9BQ04,359.0,mRNA,LCRFinder,0,2,0,2,0,3,4,3,4,4,0,4,2,4,2,5,4,6,-1,0.0
Q8WW27,367.0,mRNA,LCRFinder,1,2,2,2,2,3,3,3,5,3,5,3,5,3,5,4,5,5,-1,0.0
Q9BUQ8,820.0,snRNA,LCRFinder,1,2,1,2,2,3,3,3,3,3,6,3,6,3,8,4,8,4,-1,0.0
O15446,510.0,pre-rRNA,LCRFinder,1,2,1,2,3,3,3,3,5,4,5,4,5,4,5,5,5,6,-1,0.0
Q8IY37,1157.0,snoRNA,LCRFinder,1,2,1,2,1,3,1,3,1,4,1,5,1,6,1,7,1,8,-1,0.0
Q8TDE3,154.0,diverse,LCRFinder,0,2,0,2,0,3,4,3,4,4,4,4,7,4,7,5,7,6,-1,0.0
Q12972,351.0,diverse,LCRFinder,0,2,0,2,0,3,4,3,4,4,0,4,2,4,2,5,4,6,-1,0.0
Q96PK6,669.0,mRNA,LCRFinder,0,2,0,2,0,3,0,3,0,4,0,4,0,4,0,5,0,6,-1,0.0
Q96G46,650.0,tRNA,LCRFinder,0,2,0,2,0,3,0,3,0,4,0,4,2,4,2,5,4,6,2,0.6662873058110403
Q00341,1268.0,mRNA,LCRFinder,0,2,0,2,0,3,4,3,5,4,4,4,7,4,7,5,7,6,-1,0.0
P52594,562.0,mRNA,LCRFinder,0,2,0,2,0,3,0,3,0,4,0,4,0,4,0,5,0,6,-1,0.0
Q9UHB9,627.0,ncRNA,LCRFinder,0,2,0,2,3,3,3,3,0,4,3,4,3,4,3,5,3,6,-1,0.0
Q8N5Y2,521.0,ncRNA,LCRFinder,1,2,1,2,1,3,1,3,1,4,1,5,1,6,1,7,1,8,-1,0.0
Q86YN6,1023.0,unknown,LCRFinder,1,2,1,2,1,3,1,3,3,4,6,5,6,6,6,7,6,8,-1,0.0
Q53GS9,565.0,snRNA,LCRFinder,1,2,1,2,1,3,1,3,5,3,1,3,1,3,5,4,5,5,-1,0.0
Q14103,355.0,mRNA,LCRFinder,0,2,0,2,3,3,4,3,4,4,3,5,3,6,3,7,3,8,-1,0.0
Q969Y2,492.0,tRNA,LCRFinder,0,2,0,2,0,3,4,3,4,4,0,4,2,4,2,5,4,6,2,0.729870643534587
Q07666,443.0,mRNA,LCRFinder,0,2,0,2,3,3,0,3,3,4,3,4,3,4,3,5,3,6,-1,0.0
Q13064,507.0,mRNA,LCRFinder,0,2,0,2,0,3,0,3,3,4,6,5,0,6,0,7,2,8,-1,0.0
Q8NBJ9,832.0,ncRNA,LCRFinder,0,2,0,2,0,3,4,3,4,4,4,4,7,4,7,5,7,6,-1,0.0
Q13151,305.0,mRNA,LCRFinder,0,2,0,2,3,3,4,3,4,4,0,4,3,4,3,5,0,6,-1,0.0
Q5ST30,1063.0,tRNA,LCRFinder,0,2,0,2,0,3,4,3,4,4,4,4,7,4,7,5,7,6,-1,0.0
Q15022,739.0,ncRNA,LCRFinder,0,2,0,2,3,3,0,3,0,4,0,5,0,6,0,7,0,8,-1,0.0
Q8N8U3,475.0,unknown,LCRFinder,0,2,0,2,0,3,0,3,3,4,0,5,2,6,2,7,4,8,2,0.6832075485114619
O75643,2136.0,snRNA,LCRFinder,1,2,2,2,2,3,1,3,3,4,1,5,1,6,1,7,1,8,-1,0.0
Q8N2A8,252.0,ncRNA,LCRFinder,0,2,0,2,0,3,4,3,4,4,6,4,2,4,2,5,4,6,-1,0.0
Q5PRF9,694.0,mRNA,LCRFinder,0,2,0,2,0,3,4,3,4,4,0,4,2,4,2,5,4,6,-1,0.0
O94762,991.0,unknown,LCRFinder,0,2,0,2,0,3,0,3,0,4,0,4,0,4,0,5,0,6,-1,0.0
Q7Z6E9,1792.0,mRNA,LCRFinder,1,2,1,2,1,3,1,3,3,4,1,4,1,4,1,5,1,6,-1,0.0
Q9Y3T9,749.0,pre-rRNA,LCRFinder,1,2,2,2,2,3,2,3,2,4,2,5,4,6,4,7,9,8,1,0.8288863137420988
Q96I24,572.0,mRNA,LCRFinder,0,2,0,2,3,3,0,3,0,4,3,4,3,4,3,5,3,6,-1,0.0
P19338,710.0,snoRNA,LCRFinder,1,2,1,2,1,3,1,3,1,4,1,5,1,6,1,7,1,8,-1,0.0
Q96E39,390.0,mRNA,LCRFinder,1,2,1,2,3,3,0,3,3,4,3,5,3,6,3,7,3,8,-1,0.0
Q13435,895.0,mRNA,LCRFinder,1,2,1,2,1,3,1,3,1,4,1,5,1,6,1,7,1,8,-1,0.0
Q8NC26,417.0,unknown,LCRFinder,0,2,0,2,0,3,3,3,5,3,5,3,0,3,5,4,5,5,-1,0.0
Q96BK5,328.0,ncRNA,LCRFinder,1,2,1,2,1,3,3,3,5,3,5,3,5,3,5,4,5,5,-1,0.0
Q7KZ85,1726.0,mRNA,LCRFinder,1,2,2,2,2,3,2,3,2,4,2,5,4,6,4,7,9,8,-1,0.0
Q15910,746.0,ncRNA,LCRFinder,1,2,2,2,2,3,2,3,2,4,2,5,4,6,4,7,9,8,-1,0.0
Q8NAF0,562.0,unknown,LCRFinder,1,2,1,2,3,3,0,3,0,4,3,4,3,4,3,5,3,6,-1,0.0
Q9Y6M1,599.0,mRNA,LCRFinder,0,2,0,2,3,3,0,3,0,4,3,4,0,4,0,5,2,6,-1,0.0
Q9Y2Z4,477.0,tRNA,LCRFinder,0,2,0,2,0,3,4,3,4,4,4,4,7,4,7,5,7,6,0,1.0
Q6ZP01,1051.0,mRNA,LCRFinder,0,2,0,2,0,3,4,3,4,4,4,4,2,4,2,5,4,6,-1,0.0
Q15050,365.0,pre-rRNA,LCRFinder,0,2,0,2,3,3,0,3,0,4,3,4,3,4,3,5,3,6,-1,0.0
Q07864,2286.0,unknown,LCRFinder,1,2,2,2,2,3,2,3,2,4,2,5,4,6,4,7,9,8,1,1.0
Q9H9L3,353.0,pre-rRNA,LCRFinder,1,2,1,2,1,3,3,3,5,3,5,3,5,3,5,4,5,5,-1,0.0
Q9BWU0,742.0,unknown,LCRFinder,1,2,1,2,1,3,1,3,1,4,1,5,1,6,1,7,1,8,-1,0.0
Q8TDD1,881.0,pre-rRNA,LCRFinder,1,2,1,2,1,3,1,3,1,4,1,5,1,6,1,7,1,8,-1,0.0
Q96MX3,618.0,unknown,LCRFinder,0,2,0,2,3,3,3,3,3,4,6,5,0,6,0,7,2,8,-1,0.0
Q7Z7H8,261.0,ribosomal protein,LCRFinder,1,2,1,2,1,3,1,3,1,4,1,5,1,6,1,7,1,8,-1,0.0
Q8WWY3,499.0,snRNA,LCRFinder,1,2,2,2,2,3,2,3,2,4,2,5,4,6,4,7,9,8,1,0.9579109794655432
Q02040,695.0,mRNA,LCRFinder,1,2,2,2,2,3,3,3,3,4,6,5,6,6,6,7,6,8,-1,0.0
P52272,730.0,mRNA,LCRFinder,0,2,0,2,0,3,0,3,0,4,0,4,2,4,2,5,4,6,-1,0.0
Q92615,738.0,mRNA,LCRFinder,0,2,0,2,3,3,3,3,3,4,3,4,3,4,3,5,0,6,-1,0.0
Q86XZ4,545.0,mRNA,LCRFinder,0,2,0,2,1,3,3,3,5,3,5,3,5,3,5,4,5,5,-1,0.0
Q8NDV7,1962.0,mRNA,LCRFinder,1,1,1,1,1,2,1,2,1,2,1,2,1,2,1,3,1,3,-1,0.0
Q7Z6J9,526.0,tRNA,LCRFinder,1,2,1,2,3,3,0,3,3,4,3,4,3,4,3,5,3,6,-1,0.0
Q6P9B9,1019.0,snRNA,LCRFinder,0,2,0,2,0,3,4,3,4,4,4,4,2,4,2,5,4,6,-1,0.0
Q9NRA8,985.0,mRNA,LCRFinder,0,2,0,2,3,3,0,3,0,4,3,4,3,4,3,5,3,6,-1,0.0
Q9UBC3,853.0,diverse,LCRFinder,1,2,2,2,2,3,3,3,3,4,6,5,6,6,6,7,6,8,-1,0.0
O94992,359.0,ncRNA,LCRFinder,1,2,1,2,1,3,1,3,1,4,1,5,1,6,1,7,1,8,-1,0.0
P98175,930.0,mRNA,LCRFinder,1,2,2,2,2,3,1,3,3,4,6,5,6,6,6,7,6,8,-1,0.0
A4D1E1,1349.0,unknown,LCRFinder,0,2,0,2,1,3,0,3,0,4,0,4,0,4,0,5,0,6,-1,0.0
Q9Y295,367.0,mRNA,LCRFinder,0,2,0,2,3,3,0,3,0,4,0,4,0,4,0,5,2,6,2,0.6569304437634435
Q53H54,448.0,tRNA,LCRFinder,0,2,0,2,0,3,4,3,4,4,4,4,7,4,7,5,7,6,0,1.0
Q6ZN04,569.0,mRNA,LCRFinder,0,2,0,2,3,3,0,3,0,4,3,4,3,4,3,5,0,6,-1,0.0
Q9UJV9,622.0,mRNA,LCRFinder,1,2,2,2,2,3,2,3,2,4,2,5,4,6,4,7,9,8,1,0.8591745709875428
B0QYK0,618.0,mRNA,LCRFinder,0,2,0,2,3,3,0,3,0,4,3,4,3,4,3,5,3,6,-1,0.0
Q14147,1143.0,mRNA,LCRFinder,1,2,1,2,1,3,1,3,3,4,6,5,6,6,6,7,6,8,-1,0.0
Q8N5A5,531.0,unknown,LCRFinder,1,2,2,2,2,3,2,3,2,4,2,5,4,6,4,7,9,8,-1,0.0
Q8IYY4,767.0,mRNA,LCRFinder,1,2,2,2,0,3,1,3,3,4,6,5,6,6,6,7,6,8,-1,0.0
Q9NUL7,540.0,pre-rRNA,LCRFinder,0,2,0,2,3,3,4,3,4,4,3,4,3,4,3,5,3,6,-1,0.0
Q9H0L4,616.0,mRNA,LCRFinder,0,2,0,2,0,3,0,3,0,4,0,4,2,4,2,5,4,6,2,0.7092859349475881
Q00577,322.0,mRNA,LCRFinder,0,2,0,2,3,3,0,3,0,4,3,5,3,6,3,7,3,8,-1,0.0
F8W6I7,307.0,mRNA,LCRFinder,0,2,0,2,3,3,0,3,0,4,0,4,3,4,3,5,0,6,-1,0.0
P52815,198.0,ribosomal protein,LCRFinder,0,2,0,2,0,3,0,3,0,4,0,4,0,4,0,5,2,6,2,0.7406443729667995
Q7Z4G4,463.0,tRNA,LCRFinder,0,2,0,2,0,3,4,3,4,4,4,4,7,4,7,5,7,6,-1,0.0
Q8WXA9,508.0,mRNA,LCRFinder,1,2,1,2,1,3,1,3,3,4,1,5,1,6,8,7,8,8,-1,0.0
Q2NKX8,1250.0,unknown,LCRFinder,0,2,2,2,2,3,2,3,2,4,2,5,4,6,4,7,9,8,-1,0.0
O75533,1304.0,mRNA,LCRFinder,0,2,0,2,0,3,4,3,4,4,6,5,6,6,6,7,6,8,-1,0.0
Q9BZC1,486.0,mRNA,LCRFinder,0,2,0,2,0,3,4,3,4,4,0,4,0,4,0,5,2,6,-1,0.0
Q92973,898.0,mRNA,LCRFinder,1,2,2,2,2,3,2,3,2,4,2,5,4,6,4,7,9,8,-1,0.0
Q6PKG0,1096.0,mRNA,LCRFinder,0,2,0,2,3,3,0,3,0,4,3,4,3,4,3,5,3,6,-1,0.0
O15523,660.0,mRNA,LCRFinder,0,2,0,2,0,3,0,3,0,4,0,4,0,4,0,5,0,6,-1,0.0
O43143,795.0,mRNA,LCRFinder,1,2,1,2,1,3,1,3,3,4,1,5,1,6,1,7,1,8,-1,0.0
Q13523,1007.0,snRNA,LCRFinder,1,2,1,2,1,3,1,3,3,3,1,3,1,3,8,4,8,4,-1,0.0
P82979,210.0,mRNA,LCRFinder,1,2,2,2,2,3,2,3,2,4,2,5,4,6,4,7,9,8,-1,0.0
Q8N3Z6,543.0,diverse,LCRFinder,1,2,2,2,2,3,2,3,2,4,2,5,4,6,4,7,9,8,-1,0.0
Q8WU90,426.0,unknown,LCRFinder,1,2,1,2,1,3,1,3,1,4,1,5,1,6,1,7,1,8,-1,0.0
Q9Y388,322.0,mRNA,LCRFinder,1,2,1,2,3,3,3,3,1,3,5,3,5,3,8,4,8,4,-1,0.0
Q14684,758.0,pre-rRNA,LCRFinder,1,2,1,2,1,3,3,3,5,3,5,3,5,3,5,4,5,5,-1,0.0
Q86U06,439.0,mRNA,LCRFinder,1,2,1,2,3,3,3,3,3,4,3,4,3,4,8,5,8,6,-1,0.0
Q9BV44,507.0,tRNA,LCRFinder,0,2,0,2,2,3,3,3,5,3,5,3,5,3,5,4,5,5,-1,0.0
Q8TBZ8,553.0,unknown,LCRFinder,0,2,0,2,0,3,0,3,0,4,0,4,0,4,0,5,2,6,-1,0.0
Q17RN3,349.0,unknown,LCRFinder,1,2,1,2,1,3,1,3,5,3,1,3,1,3,5,4,5,5,-1,0.0
P06748,294.0,pre-rRNA,LCRFinder,1,2,2,2,2,3,2,3,2,4,2,5,4,6,4,7,9,8,-1,0.0
Q13485,552.0,ncRNA,LCRFinder,0,2,0,2,0,3,0,3,0,4,0,4,0,4,0,5,2,6,-1,0.0
Q969H6,163.0,ncRNA,LCRFinder,1,2,2,2,2,3,1,3,1,4,6,5,6,6,6,7,6,8,-1,0.0
P60323,173.0,mRNA,LCRFinder,0,2,0,2,3,3,0,3,0,4,3,5,3,6,3,7,3,8,-1,0.0
P52756,815.0,mRNA,LCRFinder,0,2,0,2,3,3,4,3,4,4,3,5,3,6,3,7,3,8,-1,0.0
H7BXY3,1166.0,mRNA,LCRFinder,1,2,1,2,1,3,1,3,1,4,6,5,6,6,6,7,6,8,-1,0.0
Q04637,1599.0,mRNA,LCRFinder,0,1,0,1,0,2,4,2,3,2,6,2,6,2,6,3,6,3,-1,0.0
Q9UPY3,1922.0,ncRNA,LCRFinder,1,2,2,2,2,3,2,3,2,4,2,5,4,6,4,7,9,8,-1,0.0
P49761,490.0,mRNA,LCRFinder,0,2,0,2,3,3,3,3,3,3,5,3,0,3,8,4,8,4,-1,0.0
Q5T619,568.0,unknown,LCRFinder,0,2,0,2,0,3,0,3,0,4,0,4,0,4,0,5,0,6,-1,0.0
Q6ZN17,250.0,mRNA,LCRFinder,0,2,0,2,3,3,0,3,0,4,0,4,0,4,0,5,0,6,-1,0.0
Q96MT3,831.0,unknown,LCRFinder,0,2,0,2,3,3,3,3,3,4,5,4,5,4,0,5,5,6,-1,0.0
Q9UJV8,347.0,mRNA,LCRFinder,0,2,0,2,3,3,0,3,0,4,0,4,3,4,3,5,3,6,2,0.605849537630363
Q14157,1087.0,mRNA,LCRFinder,0,2,0,2,3,3,0,3,0,4,0,4,0,4,0,5,0,6,-1,0.0
Q5T9H5,84.0,mRNA,LCRFinder,0,2,0,2,3,3,0,3,0,4,3,4,0,4,0,5,2,6,2,0.6220536501811476
P05386,114.0,ribosomal protein,LCRFinder,0,2,2,2,2,3,0,3,3,4,6,5,0,6,0,7,2,8,-1,0.0
Q9NR30,783.0,pre-rRNA,LCRFinder,1,2,1,2,1,3,1,3,1,4,1,5,1,6,1,7,1,8,-1,0.0
Q8TEX9,1081.0,mRNA,LCRFinder,1,2,1,2,3,3,4,3,4,4,6,4,6,4,6,5,6,6,-1,0.0
P22626,353.0,mRNA,LCRFinder,0,2,0,2,3,3,0,3,0,4,0,4,3,4,3,5,0,6,-1,0.0
Q7KZF4,910.0,mRNA,LCRFinder,0,2,2,2,2,3,4,3,4,4,6,5,6,6,6,7,6,8,-1,0.0
Q8NHU6,1098.0,mRNA,LCRFinder,1,2,2,2,2,3,2,3,2,4,2,5,4,6,4,7,9,8,-1,0.0
Q8NI27,1593.0,mRNA,LCRFinder,1,2,1,2,1,3,1,3,1,4,1,5,1,6,1,7,1,8,-1,0.0
Q8IWR0,971.0,unknown,LCRFinder,0,2,0,2,0,3,4,3,4,4,6,5,6,6,6,7,6,8,-1,0.0
Q03468,1493.0,unknown,LCRFinder,1,2,1,2,1,3,1,3,1,4,1,5,1,6,1,7,1,8,-1,0.0
Q13283,466.0,mRNA,LCRFinder,1,2,2,2,1,3,1,3,3,4,1,5,1,6,1,7,1,8,-1,0.0
Q9HAU5,1272.0,mRNA,LCRFinder,1,2,1,2,1,3,2,3,2,4,2,5,4,6,4,7,9,8,-1,0.0
J3KP02,692.0,unknown,LCRFinder,1,2,2,2,2,3,1,3,3,4,6,5,6,6,6,7,6,8,-1,0.0
Q14204,4646.0,mRNA,LCRFinder,0,2,0,2,3,3,4,3,4,4,0,4,3,4,3,5,3,6,-1,0.0
P18583,2426.0,mRNA,LCRFinder,1,2,1,2,1,3,1,3,3,3,6,3,6,3,6,4,6,5,-1,0.0
P26599,557.0,mRNA,LCRFinder,0,2,0,2,0,3,0,3,0,4,0,4,0,4,0,5,2,6,-1,0.0
Q6NZI2,390.0,pre-rRNA,LCRFinder,1,2,2,2,2,3,2,3,2,4,2,5,4,6,4,7,9,8,1,0.7457348130483887
P23246,707.0,mRNA,LCRFinder,0,2,0,2,3,3,0,3,0,4,3,4,3,4,3,5,3,6,-1,0.0
P78362,688.0,mRNA,LCRFinder,1,2,1,2,1,3,1,3,1,4,1,5,1,6,1,7,1,8,-1,0.0
Q32P51,320.0,mRNA,LCRFinder,0,2,0,2,3,3,0,3,0,4,0,4,3,4,3,5,0,6,-1,0.0
O00410,1097.0,mRNA,LCRFinder,0,2,0,2,0,3,4,3,4,4,4,4,2,4,2,5,4,6,-1,0.0
Q12904,312.0,tRNA,LCRFinder,1,2,1,2,1,3,1,3,1,4,1,5,1,6,1,7,1,8,-1,0.0
Q9HCS7,855.0,mRNA,LCRFinder,1,2,2,2,2,3,2,3,2,4,2,5,4,6,4,7,9,8,-1,0.0
Q92879,486.0,mRNA,LCRFinder,0,2,0,2,0,3,0,3,0,4,0,4,0,4,0,5,0,6,-1,0.0
O75179,2603.0,unknown,LCRFinder,1,1,1,1,1,2,1,2,1,2,6,2,6,2,6,2,6,2,-1,0.0
Q6P2E9,1401.0,mRNA,LCRFinder,0,2,0,2,0,3,4,3,4,4,6,5,2,6,2,7,4,8,-1,0.0
Q9H4L7,1026.0,unknown,LCRFinder,0,2,0,2,3,3,3,3,3,3,5,3,5,3,8,4,8,5,-1,0.0
Q9UGY1,213.0,pre-rRNA,LCRFinder,1,2,1,2,1,3,1,3,1,3,1,3,1,3,1,4,1,5,-1,0.0
Q86XP3,938.0,mRNA,LCRFinder,0,2,0,2,2,3,1,3,3,4,6,5,6,6,6,7,6,8,-1,0.0
B0QYY4,370.0,mRNA,LCRFinder,0,2,0,2,3,3,0,3,0,4,3,5,3,6,3,7,3,8,-1,0.0
P26358,1616.0,ncRNA,LCRFinder,1,2,1,2,1,3,1,3,1,4,1,5,1,6,1,7,1,8,-1,0.0
Q9NV66,732.0,tRNA,LCRFinder,1,2,2,2,2,3,2,3,2,4,2,5,4,6,4,7,9,8,1,0.9194241575403685
Q9NTZ6,932.0,mRNA,LCRFinder,0,2,0,2,0,3,4,3,4,4,0,4,2,4,2,5,4,6,-1,0.0
Q9UN86,482.0,mRNA,LCRFinder,1,2,2,2,1,3,1,3,1,4,1,5,1,6,1,7,1,8,-1,0.0
Q9BXY0,300.0,pre-rRNA,LCRFinder,1,2,2,2,2,3,2,3,2,4,2,5,4,6,4,7,9,8,-1,0.0
Q9H7N4,1312.0,mRNA,LCRFinder,1,2,1,2,1,3,1,3,3,4,1,4,1,4,8,5,0,6,-1,0.0
P36776,959.0,diverse,LCRFinder,0,2,0,2,0,3,4,3,4,4,6,5,2,6,2,7,4,8,-1,0.0
Q8IWZ3,2542.0,unknown,LCRFinder,1,2,1,2,1,3,1,3,1,4,6,5,6,6,6,7,6,8,-1,0.0
P55884,814.0,mRNA,LCRFinder,1,2,1,2,1,3,1,3,1,4,1,5,1,6,1,7,1,8,-1,0.0
P11387,765.0,unknown,LCRFinder,1,2,2,2,2,3,1,3,5,4,1,5,1,6,5,7,5,8,-1,0.0
Q96P70,1041.0,mRNA,LCRFinder,1,2,1,2,1,3,1,3,1,4,1,5,1,6,1,7,1,8,-1,0.0
P49760,499.0,mRNA,LCRFinder,0,2,2,2,3,3,3,3,3,3,5,3,5,3,8,4,8,5,-1,0.0
Q12905,390.0,mRNA,LCRFinder,1,2,1,2,1,3,1,3,1,4,1,5,1,6,1,7,1,8,-1,0.0
Q86Y13,1208.0,mRNA,LCRFinder,1,2,1,2,1,3,1,3,1,4,6,5,6,6,6,7,6,8,-1,0.0
Q9UPR3,1016.0,mRNA,LCRFinder,1,2,1,2,3,3,1,3,3,4,6,5,6,6,6,7,6,8,-1,0.0
Q9UQ84,846.0,diverse,LCRFinder,0,2,0,2,0,3,0,3,0,4,0,4,0,4,0,5,2,6,2,0.6838657661803905
Q9H583,2144.0,snoRNA,LCRFinder,0,2,0,2,0,3,4,3,4,4,4,5,7,6,7,7,7,8,-1,0.0
P09874,1014.0,mRNA,LCRFinder,0,2,0,2,1,3,1,3,1,4,1,4,1,4,1,5,1,6,-1,0.0
P07814,1512.0,tRNA,LCRFinder,1,2,1,2,1,3,1,3,5,4,1,5,1,6,5,7,5,8,-1,0.0
Q9NVH2,962.0,snRNA,LCRFinder,0,2,0,2,0,3,4,3,4,4,0,4,0,4,0,5,0,6,-1,0.0
Q9UPN6,1271.0,mRNA,LCRFinder,1,2,1,2,3,3,1,3,3,4,6,5,6,6,6,7,6,8,-1,0.0
P12270,2363.0,mRNA,LCRFinder,1,2,2,2,2,3,1,3,3,4,1,5,1,6,1,7,1,8,-1,0.0
Q5T5J6,900.0,mRNA,LCRFinder,0,2,0,2,0,3,4,3,4,4,0,4,2,4,2,5,4,6,-1,0.0
Q7Z2T5,733.0,tRNA,LCRFinder,0,2,0,2,0,3,4,3,4,4,0,4,2,4,2,5,4,6,2,0.6229964666065987
Q08211,1270.0,ncRNA,LCRFinder,1,2,1,2,1,3,1,3,1,4,1,5,1,6,1,7,1,8,-1,0.0
Q5TC82,1133.0,mRNA,LCRFinder,0,2,0,2,0,3,0,3,0,4,0,4,0,4,0,5,2,6,2,1.0
Q9NR48,2969.0,ncRNA,LCRFinder,1,2,1,2,1,3,1,3,3,4,6,5,6,6,6,7,6,8,-1,0.0
P55265,1226.0,mRNA,LCRFinder,0,2,0,2,0,3,4,3,4,4,0,4,0,4,0,5,2,6,-1,0.0
Q9Y3Y2,248.0,mRNA,LCRFinder,0,2,0,2,3,3,4,3,4,4,3,4,3,4,3,5,3,6,-1,0.0
Q9H0R6,528.0,tRNA,LCRFinder,0,2,0,2,0,3,0,3,0,4,0,4,0,4,0,5,0,6,-1,0.0
Q14152,1382.0,mRNA,LCRFinder,1,2,1,2,1,3,1,3,3,4,6,5,6,5,6,6,6,7,-1,0.0
O94874,794.0,unknown,LCRFinder,0,2,0,2,1,3,3,3,5,3,5,3,5,3,5,4,5,5,-1,0.0
H9KV63,1113.0,ncRNA,LCRFinder,0,2,0,2,0,3,4,3,4,4,4,4,7,4,7,5,7,6,-1,0.0
Q99590,1463.0,mRNA,LCRFinder,0,2,0,2,3,3,3,3,3,3,3,3,0,3,0,4,3,4,-1,0.0
Q9UNY4,1162.0,mRNA,LCRFinder,1,2,1,2,1,3,1,3,1,4,1,5,1,6,1,7,1,8,-1,0.0
Q5T481,1227.0,mRNA,LCRFinder,0,2,0,2,0,3,4,3,3,4,6,5,6,6,6,7,6,8,-1,0.0
O60832,514.0,snoRNA,LCRFinder,1,2,1,2,1,3,1,3,5,4,1,5,1,6,5,7,5,8,-1,0.0
O60506,623.0,mRNA,LCRFinder,1,2,1,2,1,3,1,3,1,4,6,5,6,6,6,7,6,8,-1,0.0
Q96IP4,442.0,unknown,LCRFinder,0,2,2,2,3,3,0,3,0,4,0,5,3,6,3,7,3,8,-1,0.0
Q14690,1871.0,snoRNA,LCRFinder,1,2,2,2,1,3,1,3,5,4,1,5,1,6,5,7,5,8,-1,0.0
A0A0A0MRM9,708.0,snoRNA,LCRFinder,1,2,1,2,1,3,1,3,1,4,1,5,1,6,1,7,1,8,-1,0.0
X6R7H2,631.0,mRNA,LCRFinder,0,2,0,2,3,3,0,3,0,3,3,3,3,3,8,4,8,4,-1,0.0
Q5VTL8,546.0,snRNA,LCRFinder,1,2,1,2,3,3,3,3,3,3,3,3,3,3,8,4,8,4,-1,0.0
O75607,178.0,pre-rRNA,LCRFinder,1,2,2,2,1,3,1,3,1,4,1,5,1,6,1,7,1,8,-1,0.0
Q9UKA9,531.0,mRNA,LCRFinder,0,2,0,2,0,3,0,3,0,4,0,4,0,4,0,5,2,6,2,0.6155933899273244
A2PYH4,1435.0,unknown,LCRFinder,0,2,0,2,1,3,3,3,5,3,5,3,5,3,5,4,5,5,-1,0.0
Q06787,632.0,mRNA,LCRFinder,0,2,0,2,3,3,3,3,3,4,5,4,5,4,3,5,3,6,-1,0.0
Q5JSJ4,861.0,mRNA,LCRFinder,0,2,0,2,0,3,4,3,4,4,4,4,7,4,7,5,7,6,0,1.0
Q6IPR3,259.0,tRNA,LCRFinder,1,2,2,2,2,3,2,3,2,4,2,5,4,6,4,7,9,8,-1,0.0
Q8NC51,408.0,mRNA,LCRFinder,1,2,1,2,3,3,0,3,3,4,3,4,3,4,3,5,3,6,-1,0.0
O15541,343.0,snRNA,LCRFinder,1,2,2,2,2,3,2,3,2,4,2,5,4,6,4,7,9,8,1,1.0
Q99459,802.0,mRNA,LCRFinder,1,2,1,2,2,3,3,3,3,4,5,5,5,6,1,7,1,8,-1,0.0
Q13325,482.0,tRNA,LCRFinder,1,2,2,2,1,3,1,3,1,4,1,5,1,6,1,7,1,8,-1,0.0
P09913,472.0,ncRNA,LCRFinder,1,2,2,2,2,3,2,3,2,4,2,5,4,6,4,7,9,8,-1,0.0
O95793,577.0,mRNA,LCRFinder,1,2,1,2,1,3,1,3,1,4,1,5,1,6,1,7,1,8,-1,0.0
Q9GZR2,422.0,pre-rRNA,LCRFinder,1,2,1,2,2,3,3,3,5,3,5,3,5,3,5,4,5,5,-1,0.0
Q96GM8,510.0,unknown,LCRFinder,0,2,2,2,2,3,3,3,5,3,5,3,5,3,5,4,5,5,-1,0.0
P67809,324.0,mRNA,LCRFinder,0,2,0,2,3,3,3,3,3,4,3,4,3,4,3,5,3,6,-1,0.0
Q14249,297.0,diverse,LCRFinder,0,2,0,2,3,3,4,3,4,4,3,4,3,4,3,5,3,6,-1,0.0
P55795,449.0,mRNA,LCRFinder,0,2,0,2,3,3,0,3,0,4,0,4,3,4,3,5,0,6,-1,0.0
Q13310,644.0,mRNA,LCRFinder,0,2,0,2,0,3,4,3,4,4,0,4,2,4,2,5,4,6,-1,0.0
Q9Y3A2,253.0,snoRNA,LCRFinder,1,2,2,2,2,3,3,3,5,3,5,3,5,3,5,4,5,5,-1,0.0
Q12874,501.0,snRNA,LCRFinder,1,2,2,2,2,3,2,3,2,4,2,5,4,6,4,7,9,8,-1,0.0
Q86U90,279.0,tRNA,LCRFinder,0,2,0,2,0,3,4,3,4,4,0,4,2,4,2,5,4,6,-1,0.0
Q13823,731.0,pre-rRNA,LCRFinder,1,2,1,2,2,3,1,3,1,4,1,5,1,6,1,7,1,8,-1,0.0
Q5D1E8,599.0,ncRNA,LCRFinder,0,2,0,2,0,3,0,3,0,4,0,4,0,4,0,5,0,6,-1,0.0
P82914,257.0,ribosomal protein,LCRFinder,0,2,0,2,3,3,3,3,3,4,5,4,5,4,3,5,3,6,-1,0.0
Q8TD26,2715.0,mRNA,LCRFinder,1,2,1,2,1,3,1,3,3,3,1,3,1,3,1,4,1,5,-1,0.0
P46100,2492.0,unknown,LCRFinder,1,2,1,2,1,3,1,3,1,4,1,5,1,6,1,7,1,8,-1,0.0
Q9BQ39,737.0,pre-rRNA,LCRFinder,1,2,1,2,1,3,0,3,0,3,1,3,1,3,1,4,1,4,-1,0.0
Q08170,494.0,mRNA,LCRFinder,1,2,1,2,3,3,3,3,3,3,5,3,5,3,8,4,8,4,-1,0.0
Q9NX07,287.0,tRNA,LCRFinder,0,2,0,3,0,4,4,4,4,5,4,6,0,7,0,8,7,9,-1,0.0
Q9H694,974.0,mRNA,LCRFinder,0,2,0,2,0,3,4,3,4,4,0,4,2,4,2,5,4,6,-1,0.0
P62906,217.0,ribosomal protein,LCRFinder,0,2,2,2,2,3,3,3,5,3,5,3,5,3,5,4,5,5,-1,0.0
Q14692,1282.0,pre-rRNA,LCRFinder,1,2,1,2,1,3,1,3,1,4,1,5,1,6,1,7,1,8,-1,0.0
O43390,633.0,mRNA,LCRFinder,1,2,1,2,1,3,1,3,1,4,1,5,1,6,1,7,1,8,-1,0.0
O15213,610.0,snoRNA,LCRFinder,1,2,2,2,2,3,3,3,3,4,5,5,5,6,1,7,1,8,-1,0.0
P20042,333.0,tRNA,LCRFinder,1,2,1,2,1,3,1,3,1,4,1,5,1,6,1,7,1,8,-1,0.0
Q09161,790.0,mRNA,LCRFinder,1,2,2,2,2,3,2,3,2,4,2,5,4,6,4,7,9,8,-1,0.0
Q969E8,191.0,pre-rRNA,LCRFinder,1,2,2,2,2,3,2,3,2,4,2,5,4,6,4,7,9,8,-1,0.0
Q9NX05,1096.0,unknown,LCRFinder,0,2,0,2,0,3,0,3,0,4,0,4,0,4,0,5,0,6,-1,0.0
Q5JVS0,413.0,mRNA,LCRFinder,1,2,1,2,3,3,1,3,3,4,3,4,3,4,3,5,3,6,-1,0.0
Q6BEB4,398.0,unknown,LCRFinder,0,2,0,2,3,3,0,3,0,4,3,4,3,4,3,5,3,6,2,0.6978992358527603
Q9H1J1,476.0,mRNA,LCRFinder,1,2,1,2,3,3,3,3,3,4,5,4,5,4,8,5,8,6,-1,0.0
J3KPD3,267.0,mRNA,LCRFinder,0,2,0,2,3,3,0,3,3,4,3,4,3,4,3,5,3,6,-1,0.0
Q13825,339.0,mRNA,LCRFinder,0,2,0,2,0,3,4,3,4,4,0,4,2,4,2,5,4,6,2,0.6234195795544597
Q96T58,3664.0,mRNA,LCRFinder,1,2,1,2,1,3,1,3,1,4,1,5,1,6,1,7,1,8,-1,0.0
Q96T21,854.0,mRNA,LCRFinder,1,2,1,2,2,3,1,3,1,4,1,5,1,6,1,7,1,8,-1,0.0
Q5VYS8,1495.0,ncRNA,LCRFinder,1,2,2,2,2,3,2,3,2,4,2,5,4,6,4,7,9,8,-1,0.0
O60812,293.0,mRNA,LCRFinder,1,2,2,2,2,3,1,3,3,4,1,5,1,6,1,7,1,8,2,0.604818713277624
P61978,463.0,mRNA,LCRFinder,0,2,0,2,3,3,4,3,4,4,3,4,3,4,3,5,3,6,-1,0.0
P98179,157.0,mRNA,LCRFinder,0,2,0,2,3,3,4,3,4,4,4,4,3,4,3,5,3,6,-1,0.0
P05388,317.0,ribosomal protein,LCRFinder,0,2,0,2,0,3,4,3,4,4,0,5,0,6,0,7,2,8,-1,0.0
Q5SY16,702.0,pre-rRNA,LCRFinder,0,2,0,2,0,3,4,3,4,4,5,4,5,4,6,5,6,6,-1,0.0
Q9Y2L1,958.0,diverse,LCRFinder,1,2,1,2,2,3,3,3,5,3,5,3,5,3,5,4,5,5,-1,0.0
Q9P2E9,1410.0,mRNA,LCRFinder,1,2,1,2,1,3,1,3,1,4,1,5,1,6,1,7,1,8,-1,0.0
Q8N1G4,583.0,unknown,LCRFinder,0,2,0,2,3,3,3,3,3,4,3,5,3,6,3,7,3,8,-1,0.0
O60293,1989.0,unknown,LCRFinder,1,2,1,2,1,3,1,3,3,4,6,5,6,6,6,7,6,8,-1,0.0
P51843,470.0,mRNA,LCRFinder,0,2,2,2,2,3,2,3,2,4,2,5,0,6,0,7,2,8,-1,0.0
Q9BX46,236.0,mRNA,LCRFinder,0,2,0,2,0,3,4,3,4,4,0,4,2,4,2,5,4,6,-1,0.0
Q9UHK0,495.0,snoRNA,LCRFinder,1,2,1,2,1,3,1,3,1,4,1,5,1,6,1,7,1,8,-1,0.0
Q5T6F2,1119.0,mRNA,LCRFinder,0,2,0,2,3,3,0,3,0,4,3,4,3,4,3,5,3,6,-1,0.0
Q12986,1120.0,mRNA,LCRFinder,0,2,0,2,3,3,0,3,0,4,3,4,0,4,0,5,3,6,2,0.7408985152128944
O60870,393.0,snRNA,LCRFinder,1,2,1,2,1,3,1,3,1,4,1,5,1,6,1,7,1,8,-1,0.0
O95373,1038.0,mRNA,LCRFinder,1,2,2,2,2,3,2,3,2,4,2,5,4,6,4,7,9,8,-1,0.0
Q9BRS2,568.0,pre-rRNA,LCRFinder,1,2,2,2,2,3,2,3,2,4,2,5,4,6,4,7,9,8,-1,0.0
Q96I25,401.0,mRNA,LCRFinder,1,2,1,2,2,3,1,3,3,4,1,5,1,6,1,7,1,8,-1,0.0
Q01081,240.0,mRNA,LCRFinder,0,2,0,2,3,3,0,3,0,4,3,4,3,4,8,5,8,6,-1,0.0
Q9H5H4,540.0,unknown,LCRFinder,1,2,2,2,2,3,2,3,2,4,2,5,4,6,4,7,9,8,1,0.7401913041391851
Q9NWH9,1034.0,mRNA,LCRFinder,1,2,1,2,1,3,1,3,1,4,1,5,1,6,1,7,1,8,-1,0.0
Q9NYK1,1049.0,ncRNA,LCRFinder,0,2,0,2,0,3,4,3,4,4,4,4,7,4,7,5,7,6,0,1.0
O75475,530.0,mRNA,LCRFinder,1,2,2,2,2,3,3,3,5,4,5,5,5,6,5,7,5,8,-1,0.0
Q16594,264.0,snoRNA,LCRFinder,1,2,2,2,2,3,2,3,2,4,2,5,4,6,4,7,9,8,-1,0.0
Q58A45,887.0,mRNA,LCRFinder,0,2,0,2,0,3,0,3,0,4,0,4,2,4,2,5,4,6,-1,0.0
Q6UX04,472.0,mRNA,LCRFinder,1,2,2,2,1,3,1,3,1,4,1,5,1,6,1,7,1,8,-1,0.0
Q92664,365.0,pre-rRNA,LCRFinder,1,2,2,2,2,3,3,3,5,3,5,3,5,3,5,4,5,5,-1,0.0
O00567,594.0,snoRNA,LCRFinder,1,2,1,2,1,3,1,3,1,4,1,5,1,6,1,7,1,8,-1,0.0
Q9NS39,739.0,mRNA,LCRFinder,0,2,0,2,3,3,3,3,3,4,3,4,3,4,3,5,3,6,-1,0.0
P14678,240.0,snRNA,LCRFinder,0,2,0,2,3,3,0,3,0,4,0,4,3,4,3,5,3,6,2,0.6222881442825309
Q8NE18,718.0,pre-rRNA,LCRFinder,0,2,0,2,2,3,3,3,5,3,5,3,5,3,5,4,5,5,-1,0.0
Q9UKK3,1724.0,ncRNA,LCRFinder,0,2,0,2,0,3,0,3,3,4,6,5,6,6,6,7,6,8,-1,0.0
P62995,288.0,mRNA,LCRFinder,0,2,0,2,3,3,0,3,3,3,3,3,3,3,8,4,8,4,-1,0.0
Q9NR90,486.0,mRNA,LCRFinder,0,2,0,2,0,3,0,3,0,4,0,4,0,4,0,5,2,6,2,1.0
A0A5K1VW79,999.0,mRNA,LCRFinder,0,2,0,2,3,3,0,3,0,4,0,4,0,4,0,5,0,6,-1,0.0
P46087,812.0,pre-rRNA,LCRFinder,1,2,2,2,2,3,2,3,2,4,2,5,4,6,4,7,9,8,-1,0.0
E9PBY2,654.0,mRNA,LCRFinder,0,2,0,2,0,3,0,3,0,4,0,4,0,4,0,5,2,6,2,1.0
Q9P2P1,1898.0,unknown,LCRFinder,1,2,1,2,3,3,4,3,4,4,6,5,6,6,6,7,6,8,-1,0.0
J3KPK3,459.0,mRNA,LCRFinder,0,2,0,2,3,3,3,3,3,4,5,4,5,4,3,5,0,6,-1,0.0
Q8WWM7,1075.0,mRNA,LCRFinder,0,2,0,2,3,3,0,3,0,4,3,4,3,4,3,5,3,6,-1,0.0
O60287,2271.0,pre-rRNA,LCRFinder,0,2,0,2,0,3,4,3,4,4,4,4,2,4,2,5,4,6,-1,0.0
O43310,598.0,mRNA,LCRFinder,0,2,2,2,2,3,3,3,5,3,5,3,5,3,5,4,5,5,-1,0.0
A6NDE4,496.0,mRNA,LCRFinder,0,2,0,2,3,3,3,3,3,4,5,4,5,4,3,5,0,6,-1,0.0
O43148,476.0,mRNA,LCRFinder,1,2,1,2,3,3,3,3,5,3,5,3,5,3,5,4,5,5,-1,0.0
A0A140T8Y2,407.0,pre-rRNA,LCRFinder,1,2,2,2,2,3,2,3,2,4,2,5,4,6,4,7,9,8,1,1.0
O60231,1041.0,snRNA,LCRFinder,1,2,1,2,1,3,1,3,1,4,1,5,1,6,1,7,1,8,-1,0.0
Q2Q1W2,868.0,ncRNA,LCRFinder,0,2,0,2,0,3,4,3,4,4,0,4,2,4,2,5,4,6,-1,0.0
Q9HCE5,456.0,mRNA,LCRFinder,1,2,1,2,3,3,0,3,0,4,3,4,3,4,3,5,3,6,-1,0.0
Q53F19,620.0,unknown,LCRFinder,1,2,2,2,2,3,2,3,2,4,2,5,4,6,4,7,9,8,-1,0.0
A0A0A0MRZ1,733.0,unknown,LCRFinder,0,2,0,2,3,3,0,3,0,4,3,4,3,4,3,5,3,6,-1,0.0
P41250,739.0,tRNA,LCRFinder,0,2,0,2,0,3,4,3,4,4,0,4,2,4,2,5,4,6,2,0.6150691758920516
Q8N163,923.0,mRNA,LCRFinder,1,2,1,2,0,3,4,3,4,4,6,4,6,4,6,5,6,6,-1,0.0
Q96L91,3159.0,unknown,LCRFinder,1,1,1,1,1,2,1,2,1,2,1,2,1,2,1,3,1,3,-1,0.0
Q14444,709.0,mRNA,LCRFinder,1,2,1,2,3,3,0,3,3,4,3,5,3,6,3,7,3,8,-1,0.0
Q8IYL2,757.0,tRNA,LCRFinder,0,2,0,2,0,3,0,3,0,4,0,4,2,4,2,5,4,6,2,0.7611452633384725
Q8N5X7,224.0,mRNA,LCRFinder,0,2,0,2,3,3,0,3,0,4,0,4,0,4,0,5,2,6,2,0.7163415587402671
Q7Z6M4,381.0,pre-rRNA,LCRFinder,1,2,2,2,2,3,2,3,2,4,2,5,4,6,4,7,9,8,-1,0.0
Q9BUJ2,856.0,mRNA,LCRFinder,0,1,0,1,3,2,0,2,0,2,6,2,6,2,6,3,0,3,-1,0.0
Q9NYF8,920.0,mRNA,LCRFinder,1,1,1,1,3,1,1,1,3,1,3,1,3,1,8,1,8,1,-1,0.0
Q66PJ3,237.0,mRNA,LCRFinder,0,2,0,2,3,3,3,3,3,3,5,3,5,3,8,4,8,4,-1,0.0
Q13595,282.0,mRNA,LCRFinder,0,2,0,2,3,3,3,3,0,3,3,3,3,3,8,4,8,4,-1,0.0
P55010,431.0,mRNA,LCRFinder,1,2,1,2,1,3,1,3,1,4,1,5,1,6,1,7,1,8,-1,0.0
Q9H0A6,362.0,unknown,LCRFinder,0,2,0,2,0,3,0,3,0,4,0,4,0,4,0,5,2,6,2,1.0
Q9UIF8,2168.0,ncRNA,LCRFinder,1,2,1,2,1,3,1,3,1,4,6,5,6,6,6,7,6,8,-1,0.0
J3KPP4,489.0,mRNA,LCRFinder,1,2,1,2,1,3,1,3,1,3,1,3,1,3,8,4,8,4,-1,0.0
Q9ULR0,285.0,mRNA,LCRFinder,1,2,2,2,2,3,2,3,2,4,2,5,4,6,4,7,9,8,1,0.8088101121032409
P31943,449.0,mRNA,LCRFinder,0,2,0,2,3,3,0,3,0,4,0,4,3,4,3,5,0,6,-1,0.0
Q8IY21,1712.0,ncRNA,LCRFinder,0,2,2,2,2,3,4,3,4,4,6,5,6,6,6,7,6,8,-1,0.0
Q8TE96,717.0,mRNA,LCRFinder,1,2,1,2,2,3,4,3,4,4,6,5,6,6,6,7,6,8,-1,0.0
A0A0B4J1V9,884.0,unknown,LCRFinder,1,2,1,2,1,3,1,3,1,4,1,5,1,6,1,7,1,8,-1,0.0
O14647,1828.0,unknown,LCRFinder,1,2,1,2,1,3,1,3,1,4,1,5,1,6,1,7,1,8,-1,0.0
P35269,517.0,mRNA,LCRFinder,1,2,2,2,2,3,2,3,2,4,2,5,4,6,4,7,9,8,-1,0.0
Q9BPZ3,127.0,mRNA,LCRFinder,1,2,2,2,2,3,2,3,2,4,2,5,4,6,4,7,9,8,-1,0.0
A8MXP9,895.0,mRNA,LCRFinder,0,2,0,2,0,3,4,3,4,4,0,5,2,6,2,7,4,8,-1,0.0
Q5T760,491.0,mRNA,LCRFinder,1,2,1,2,3,3,1,3,1,3,3,3,3,3,8,4,8,4,-1,0.0
P51825,1210.0,mRNA,LCRFinder,1,1,1,1,1,2,1,2,1,2,1,2,1,2,1,3,1,3,-1,0.0
Q14764,893.0,ncRNA,LCRFinder,1,2,2,2,2,3,2,3,2,4,2,5,4,6,4,7,9,8,-1,0.0
Q99613,913.0,mRNA,LCRFinder,1,2,2,2,2,3,2,3,2,4,2,5,4,6,4,7,9,8,-1,0.0
Q96QR8,312.0,mRNA,LCRFinder,0,2,0,2,3,3,0,3,0,4,0,4,0,4,0,5,3,6,-1,0.0
Q9P2E3,1918.0,unknown,LCRFinder,1,2,1,2,1,3,1,3,1,4,1,5,1,6,1,7,1,8,-1,0.0
P50914,215.0,ribosomal protein,LCRFinder,0,2,0,2,3,3,0,3,0,4,3,4,3,4,3,5,3,6,-1,0.0
Q9Y4F3,1742.0,ncRNA,LCRFinder,0,2,0,2,0,3,4,3,4,4,0,4,2,4,2,5,4,6,-1,0.0
Q9BSV6,310.0,tRNA,LCRFinder,0,2,0,2,3,3,4,3,4,4,3,4,3,4,3,5,3,6,-1,0.0
A0A5H1ZRQ2,731.0,mRNA,LCRFinder,0,2,0,2,3,3,0,3,0,4,3,4,3,4,3,5,3,6,-1,0.0
Q8N8A6,666.0,pre-rRNA,LCRFinder,1,2,1,2,1,3,3,3,3,4,6,5,6,6,6,7,6,8,-1,0.0
Q52LJ0,433.0,tRNA,LCRFinder,0,2,0,2,3,3,0,3,0,4,0,4,3,4,3,5,3,6,-1,0.0
Q15397,648.0,mRNA,LCRFinder,0,2,0,2,0,3,4,3,4,4,4,4,7,4,7,5,7,6,-1,0.0
Q9NVR2,710.0,snRNA,LCRFinder,0,2,0,2,0,3,4,3,4,4,4,4,7,4,7,5,7,6,0,1.0
Q92945,711.0,mRNA,LCRFinder,0,2,0,2,3,3,0,3,0,4,3,4,3,4,3,5,3,6,-1,0.0
Q3L8U1,2897.0,unknown,LCRFinder,1,2,1,2,1,3,1,3,1,4,1,5,1,6,1,7,1,8,-1,0.0
Q6P6C2,394.0,mRNA,LCRFinder,0,2,0,2,0,3,0,3,0,4,0,4,2,4,2,5,2,6,-1,0.0
Q8IXT5,1001.0,mRNA,LCRFinder,1,2,2,2,2,3,3,3,3,4,5,5,5,5,6,6,6,7,-1,0.0
P57052,281.0,mRNA,LCRFinder,1,2,1,2,1,3,1,3,1,4,1,5,1,6,1,7,1,8,-1,0.0
B5MCF9,571.0,pre-rRNA,LCRFinder,1,2,1,2,2,3,2,3,2,4,2,5,4,6,4,7,9,8,-1,0.0
Q9UBB9,837.0,mRNA,LCRFinder,1,2,2,2,2,3,2,3,2,4,2,5,4,6,4,7,9,8,1,0.870564678378053
Q15061,677.0,pre-rRNA,LCRFinder,1,2,1,2,2,3,1,3,1,4,1,5,1,6,1,7,1,8,-1,0.0
B5MCY1,1934.0,unknown,LCRFinder,0,2,0,2,0,3,4,3,4,4,4,4,2,4,2,5,4,6,-1,0.0
Q86XN8,651.0,mRNA,LCRFinder,0,2,0,2,3,3,0,3,0,4,0,5,3,6,3,7,3,8,-1,0.0
Q9NQZ3,744.0,mRNA,LCRFinder,0,2,0,2,3,3,0,3,0,4,3,4,3,4,3,5,3,6,-1,0.0
Q12906,894.0,mRNA,LCRFinder,0,2,0,2,3,3,0,3,0,4,3,4,3,4,3,5,0,6,-1,0.0
Q9NRJ5,637.0,mRNA,LCRFinder,1,2,2,2,2,3,2,3,2,4,2,5,4,6,4,7,9,8,1,1.0
Q9UPQ9,1833.0,mRNA,LCRFinder,1,1,1,1,1,2,1,2,1,2,1,2,1,2,1,3,0,3,-1,0.0
Q9NVR5,837.0,unknown,LCRFinder,0,2,0,2,3,3,0,3,0,4,0,4,3,4,3,5,3,6,2,0.776958323180103
Q5U5Q3,659.0,mRNA,LCRFinder,1,2,1,2,0,3,4,3,4,4,6,5,6,6,6,7,6,8,-1,0.0
Q8N201,2190.0,snRNA,LCRFinder,0,2,0,2,0,3,4,3,4,4,6,5,6,6,6,7,6,8,-1,0.0
B5MCU0,990.0,unknown,LCRFinder,0,2,0,2,0,3,4,3,4,4,6,4,6,4,6,5,6,6,-1,0.0
P42696,430.0,mRNA,LCRFinder,1,2,1,2,2,3,3,3,3,4,5,5,5,6,5,7,5,8,-1,0.0
Q14966,1978.0,mRNA,LCRFinder,1,2,1,2,1,3,1,3,1,4,1,5,1,6,8,7,8,8,-1,0.0
A0A7N4I394,994.0,snRNA,LCRFinder,1,2,1,2,1,3,1,3,3,4,6,5,6,6,6,7,6,8,-1,0.0
Q8N5P1,291.0,unknown,LCRFinder,1,2,1,2,1,3,1,3,1,4,1,5,1,6,1,7,1,8,-1,0.0
Q9Y4B4,1467.0,unknown,LCRFinder,1,2,1,2,1,3,1,3,1,4,1,5,1,6,1,7,1,8,-1,0.0
Q8WVV9,542.0,mRNA,LCRFinder,0,2,0,2,3,3,0,3,0,4,0,4,3,4,3,5,3,6,2,0.6332321038874605
B8ZZ98,158.0,mRNA,LCRFinder,1,2,1,2,1,3,1,3,1,3,1,3,1,3,8,4,8,4,-1,0.0
Q96N16,626.0,mRNA,LCRFinder,1,2,2,2,2,3,1,3,1,4,1,5,1,6,1,7,1,8,-1,0.0
P61129,1189.0,unknown,LCRFinder,1,2,1,2,1,3,1,3,1,4,1,5,1,6,1,7,1,8,-1,0.0
C9JAB2,235.0,mRNA,LCRFinder,1,2,1,2,3,3,3,3,3,3,5,3,5,3,8,4,8,4,-1,0.0
O75923,2080.0,unknown,LCRFinder,0,2,0,2,0,3,3,3,4,4,5,4,5,4,6,5,6,6,-1,0.0
E7ETU5,370.0,mRNA,LCRFinder,0,2,0,2,3,3,0,3,0,4,0,4,0,4,0,5,2,6,2,0.6867537092090658
P26639,723.0,tRNA,LCRFinder,1,2,1,2,1,3,1,3,1,4,1,5,1,6,1,7,1,8,-1,0.0
E7EWR4,597.0,mRNA,LCRFinder,0,2,0,2,0,3,0,3,0,4,0,4,2,4,2,5,4,6,2,0.92795710171937
P62750,156.0,ribosomal protein,LCRFinder,1,2,1,2,1,3,3,3,5,3,5,3,5,3,5,4,5,5,-1,0.0
Q96QC0,940.0,unknown,LCRFinder,0,2,0,2,3,3,0,3,0,4,3,4,3,4,3,5,3,6,-1,0.0
Q7Z7A3,348.0,tRNA,LCRFinder,0,2,0,2,3,3,4,3,4,4,3,4,3,4,3,5,3,6,-1,0.0
P27824,592.0,unknown,LCRFinder,1,2,2,2,2,3,2,3,2,4,2,5,4,6,4,7,9,8,-1,0.0
Q16630,551.0,mRNA,LCRFinder,0,2,0,2,3,3,0,3,3,4,3,4,3,4,3,5,3,6,-1,0.0
C9J9B2,264.0,mRNA,LCRFinder,0,2,0,2,3,3,0,3,0,4,3,4,0,4,0,5,2,6,2,0.6049896736429814
O00571,662.0,mRNA,LCRFinder,0,2,0,2,3,3,0,3,0,4,0,4,3,4,3,5,0,6,-1,0.0
Q5GAN6,216.0,unknown,LCRFinder,0,2,0,2,0,3,4,3,4,4,4,4,7,4,7,5,7,6,-1,0.0
X6RDA4,248.0,ncRNA,LCRFinder,0,2,0,2,0,3,4,3,4,4,0,4,2,4,2,5,4,6,-1,0.0
Q00839,825.0,mRNA,LCRFinder,1,2,1,2,3,3,1,3,3,4,3,5,3,6,3,7,3,8,-1,0.0
Q7L2E3,1194.0,mRNA,LCRFinder,1,2,1,2,1,3,1,3,1,4,1,5,1,6,1,7,1,8,-1,0.0
Q6R2W3,1325.0,unknown,LCRFinder,1,2,1,2,0,3,4,3,4,4,6,5,6,6,6,7,6,8,-1,0.0
Q8IY81,847.0,pre-rRNA,LCRFinder,1,2,1,2,1,3,1,3,3,4,1,5,1,6,1,7,1,8,-1,0.0
Q15637,639.0,mRNA,LCRFinder,0,2,0,2,0,3,0,3,0,4,0,4,2,4,2,5,0,6,-1,0.0
Q8NDF8,572.0,diverse,LCRFinder,0,2,0,2,0,3,0,3,0,4,3,4,2,4,2,5,4,6,-1,0.0
O14787,897.0,mRNA,LCRFinder,0,2,2,2,2,3,4,3,4,4,6,5,6,6,6,7,6,8,-1,0.0
A0A7P0N5L0,480.0,unknown,LCRFinder,1,2,2,2,2,3,2,3,2,4,2,5,4,6,4,7,9,8,-1,0.0
Q6PIY7,484.0,mRNA,LCRFinder,0,2,0,2,0,3,4,3,4,4,4,4,7,4,7,5,7,6,-1,0.0
P21128,410.0,snoRNA,LCRFinder,1,2,2,2,2,3,2,3,2,4,2,5,4,6,4,7,9,8,1,0.9783084345478763
Q8NE35,698.0,mRNA,LCRFinder,0,2,0,2,0,3,4,3,4,4,0,4,2,4,2,5,4,6,-1,0.0
Q9H3H3,292.0,unknown,LCRFinder,0,2,0,2,2,3,0,3,3,4,0,5,6,6,6,7,6,8,-1,0.0
Q5RKV6,272.0,diverse,LCRFinder,0,2,0,2,0,3,4,3,4,4,6,5,6,6,6,7,6,8,-1,0.0
P0C7P1,496.0,mRNA,LCRFinder,0,2,0,2,3,3,3,3,3,4,5,4,5,4,3,5,0,6,-1,0.0
Q9H9A5,744.0,mRNA,LCRFinder,0,2,0,2,0,3,4,3,4,4,4,4,2,4,2,5,4,6,-1,0.0
Q53R41,847.0,mRNA,LCRFinder,0,2,2,2,2,3,2,3,2,4,2,5,4,6,4,7,9,8,-1,0.0
E7ERQ6,390.0,mRNA,LCRFinder,0,2,0,2,0,3,0,3,0,4,0,4,0,4,0,5,2,6,2,1.0
Q76FK4,1167.0,pre-rRNA,LCRFinder,1,2,1,2,1,3,1,3,1,4,6,5,6,6,6,7,6,8,-1,0.0
A0A0A0MSS9,486.0,mRNA,LCRFinder,0,2,0,2,0,3,0,3,0,4,0,4,0,4,0,5,2,6,2,1.0
O75460,977.0,mRNA,LCRFinder,0,2,0,2,0,3,4,3,4,4,0,4,2,4,2,5,4,6,-1,0.0
D4PHA4,493.0,unknown,LCRFinder,0,2,2,2,2,3,2,3,2,4,2,5,4,6,4,7,9,8,-1,0.0
Q96Q15,3661.0,mRNA,LCRFinder,0,2,0,2,0,3,4,3,4,4,6,5,6,6,6,7,6,8,-1,0.0
Q02878,288.0,ribosomal protein,LCRFinder,1,2,2,2,2,3,3,3,5,3,5,3,5,3,5,4,5,5,-1,0.0
Q96K58,619.0,unknown,LCRFinder,0,2,0,2,0,3,4,3,4,4,0,5,2,6,2,7,0,8,-1,0.0
P79522,188.0,unknown,LCRFinder,0,2,0,2,0,3,0,3,0,4,0,4,0,4,0,5,2,6,2,1.0
P78316,857.0,pre-rRNA,LCRFinder,1,2,1,2,1,3,1,3,1,4,1,5,1,6,1,7,1,8,-1,0.0
Q6P158,1386.0,mRNA,LCRFinder,0,2,0,2,3,3,0,3,0,4,3,5,3,6,3,7,3,8,-1,0.0
H0Y6E7,292.0,mRNA,LCRFinder,1,2,1,2,3,3,0,3,3,4,3,5,3,6,3,7,3,8,-1,0.0
Q9UMY1,257.0,unknown,LCRFinder,1,2,1,2,1,3,1,3,1,4,1,5,1,6,1,7,1,8,-1,0.0
Q96EG3,531.0,unknown,LCRFinder,0,2,0,2,3,3,0,3,0,4,3,4,3,4,3,5,3,6,-1,0.0
J3KQ82,459.0,mRNA,LCRFinder,0,2,0,2,3,3,3,3,3,4,5,4,5,4,0,5,0,6,-1,0.0
Q7L775,607.0,unknown,LCRFinder,0,2,0,2,0,3,0,3,0,4,0,4,2,4,2,5,2,6,2,0.883026173481974
Q9H7Z6,458.0,ncRNA,LCRFinder,0,2,0,2,3,3,0,3,0,4,0,5,0,6,0,7,2,8,-1,0.0
Q8NAT2,981.0,ncRNA,LCRFinder,0,2,0,2,0,3,0,3,0,4,0,4,2,4,2,5,4,6,2,0.69849399529438
A0A0A0MSN9,333.0,mRNA,LCRFinder,1,2,1,2,1,3,1,3,1,4,1,5,1,6,1,7,1,8,-1,0.0
O75534,798.0,mRNA,LCRFinder,0,2,0,2,1,3,3,3,5,3,5,3,5,3,5,4,5,5,-1,0.0
P15170,499.0,mRNA,LCRFinder,1,2,2,2,2,3,2,3,2,4,2,5,4,6,4,7,9,8,1,0.7861514006419513
P51991,378.0,mRNA,LCRFinder,0,2,0,2,3,3,0,3,0,4,3,4,3,4,3,5,3,6,-1,0.0
A6NDY0,278.0,mRNA,LCRFinder,1,2,2,2,2,3,2,3,2,4,2,5,4,6,4,7,9,8,-1,0.0
Q13428,1488.0,pre-rRNA,LCRFinder,1,2,1,2,1,3,1,3,3,4,1,5,1,6,1,7,1,8,-1,0.0
Q9P1Y6,1649.0,mRNA,LCRFinder,1,2,1,2,1,3,1,3,3,3,1,3,1,3,1,4,1,4,-1,0.0
P62633,177.0,mRNA,LCRFinder,0,2,0,2,3,3,3,3,3,4,5,4,5,4,3,5,3,6,-1,0.0
P08865,295.0,ribosomal protein,LCRFinder,1,2,2,2,2,3,0,3,0,4,1,5,1,6,1,7,1,8,-1,0.0
Q5QJE6,756.0,pre-rRNA,LCRFinder,1,2,1,2,2,3,2,3,3,4,2,5,4,6,4,7,9,8,-1,0.0
Q13601,381.0,snoRNA,LCRFinder,1,2,2,2,2,3,3,3,5,3,5,3,5,3,5,4,5,5,-1,0.0
Q9HBD1,1191.0,mRNA,LCRFinder,1,2,1,2,1,3,1,3,1,4,1,5,1,6,1,7,1,8,-1,0.0
Q15477,1246.0,mRNA,LCRFinder,1,2,1,2,3,3,4,3,4,4,6,4,6,4,6,5,6,6,-1,0.0
Q8NE71,845.0,mRNA,LCRFinder,1,2,1,2,1,3,1,3,1,4,1,5,1,6,1,7,1,8,-1,0.0
F8VVL1,160.0,mRNA,LCRFinder,1,2,2,2,2,3,2,3,2,4,2,5,4,6,4,7,9,8,-1,0.0
Q9H0H0,1196.0,snRNA,LCRFinder,0,2,0,2,0,3,4,3,4,4,4,4,7,4,7,5,7,6,-1,0.0
Q8WXF0,261.0,mRNA,LCRFinder,0,2,0,2,3,3,3,3,3,3,5,3,5,3,8,4,8,4,-1,0.0
Q9NWK9,470.0,snoRNA,LCRFinder,0,2,2,2,2,3,2,3,2,4,2,5,4,6,4,7,9,8,-1,0.0
F6TAI2,324.0,mRNA,LCRFinder,0,2,0,2,0,3,4,3,4,4,0,4,2,4,2,5,4,6,-1,0.0
Q8WUQ7,758.0,mRNA,LCRFinder,1,2,2,2,3,3,3,3,3,3,5,3,5,3,8,4,8,4,-1,0.0
Q96CB8,462.0,snRNA,LCRFinder,0,2,0,2,1,3,0,3,0,4,0,4,0,4,0,5,0,6,-1,0.0
P0C7T5,689.0,mRNA,LCRFinder,0,2,0,2,0,3,4,3,4,4,0,4,2,4,2,5,4,6,2,0.6307945433463608
Q5QPL9,237.0,mRNA,LCRFinder,0,2,0,2,3,3,0,3,0,4,0,4,3,4,3,5,3,6,-1,0.0
P54253,815.0,mRNA,LCRFinder,0,2,0,2,3,3,0,3,0,4,3,4,3,4,3,5,0,6,-1,0.0
Q9UHC7,482.0,mRNA,LCRFinder,0,2,0,2,0,3,4,3,4,4,6,4,6,4,6,5,6,6,-1,0.0
A0A0C4DG89,1032.0,snRNA,LCRFinder,1,2,1,2,1,3,1,3,3,4,6,5,6,6,8,7,8,8,-1,0.0
C9JE40,543.0,mRNA,LCRFinder,1,2,2,2,2,3,2,3,2,4,6,5,6,6,6,7,6,8,-1,0.0
Q9H2U1,1008.0,mRNA,LCRFinder,0,2,0,2,0,3,0,3,0,4,0,4,2,4,2,5,0,6,-1,0.0
Q9BWE0,567.0,unknown,LCRFinder,0,2,0,2,3,3,0,3,0,4,3,4,3,4,3,5,3,6,-1,0.0
Q8N7X1,1067.0,mRNA,LCRFinder,0,2,0,2,3,3,0,3,0,4,3,4,3,4,3,5,3,6,-1,0.0
Q6PI26,577.0,snoRNA,LCRFinder,1,2,2,2,2,3,1,3,1,4,1,5,1,6,1,7,1,8,-1,0.0
P56182,461.0,pre-rRNA,LCRFinder,1,2,1,2,1,3,3,3,3,4,5,4,5,4,1,5,1,6,-1,0.0
Q86TG7,708.0,unknown,LCRFinder,0,2,0,2,0,3,4,3,4,4,0,4,2,4,2,5,4,6,-1,0.0
Q96EK7,910.0,unknown,LCRFinder,0,2,0,2,0,3,4,3,4,4,4,4,7,4,7,5,7,6,0,1.0
C9J6P4,1024.0,ncRNA,LCRFinder,0,2,0,2,3,3,0,3,0,4,3,4,3,4,3,5,3,6,-1,0.0
Q8IZH2,1706.0,diverse,LCRFinder,0,2,0,2,0,3,0,3,0,4,0,4,0,4,0,5,0,6,-1,0.0
O15042,1029.0,snRNA,LCRFinder,1,2,1,2,1,3,1,3,1,4,1,5,1,6,8,7,8,8,-1,0.0
P38398,1863.0,ncRNA,LCRFinder,1,2,2,2,2,3,2,3,2,4,2,5,4,6,4,7,9,8,-1,0.0
Q5T7N2,865.0,mRNA,LCRFinder,1,2,2,2,2,3,2,3,2,4,2,5,4,6,4,7,9,8,-1,0.0
C9JP00,348.0,mRNA,LCRFinder,0,2,0,2,3,3,0,3,0,4,0,4,3,4,3,5,3,6,2,0.7747251073282956
Q969Z0,631.0,mRNA,LCRFinder,0,2,0,2,0,3,4,3,4,4,4,5,7,6,7,7,7,8,-1,0.0
E9PFF5,490.0,mRNA,LCRFinder,0,2,0,2,3,3,3,3,3,4,5,4,5,4,3,5,3,6,-1,0.0
P47914,159.0,ribosomal protein,LCRFinder,1,2,1,2,1,3,3,3,5,3,5,3,5,3,5,4,5,5,-1,0.0
E9PB61,264.0,mRNA,LCRFinder,0,2,0,2,3,3,0,3,0,4,3,4,3,4,3,5,3,6,-1,0.0
E7ET15,1028.0,snRNA,LCRFinder,1,2,1,2,1,3,1,3,1,4,1,5,1,6,8,7,8,8,-1,0.0
Q5H9U9,1706.0,ncRNA,LCRFinder,0,2,0,2,0,3,4,3,4,4,4,4,2,4,2,5,4,6,-1,0.0
Q4G0J3,582.0,ncRNA,LCRFinder,1,2,2,2,1,3,1,3,5,4,1,5,1,6,5,7,5,8,-1,0.0
D6R9W6,518.0,mRNA,LCRFinder,0,2,2,2,2,3,3,3,3,4,5,4,5,4,1,5,1,6,-1,0.0
F6VAP0,555.0,mRNA,LCRFinder,0,2,0,2,3,3,0,3,0,4,3,4,3,4,3,5,3,6,-1,0.0
A0A0B4J203,849.0,mRNA,LCRFinder,1,2,2,2,2,3,2,3,2,4,6,5,6,6,6,7,6,8,-1,0.0
D6R954,199.0,tRNA,LCRFinder,0,2,2,2,2,3,3,3,5,3,5,3,5,3,5,4,5,5,-1,0.0
Q9NP92,439.0,ribosomal protein,LCRFinder,0,2,2,2,3,3,3,3,3,4,6,5,6,6,6,7,6,8,-1,0.0
Q9NQI0,724.0,mRNA,LCRFinder,0,2,0,2,3,3,3,3,3,4,3,5,3,6,3,7,3,8,-1,0.0
Q99729,332.0,mRNA,LCRFinder,0,2,0,2,3,3,0,3,0,4,3,5,3,6,3,7,3,8,-1,0.0
Q92540,1137.0,mRNA,LCRFinder,0,2,0,2,0,3,0,3,0,4,0,5,0,6,0,7,0,8,-1,0.0
Q9P2J5,1176.0,tRNA,LCRFinder,1,2,1,2,2,3,1,3,1,4,1,5,1,6,1,7,1,8,-1,0.0
Q15797,465.0,ncRNA,LCRFinder,0,2,0,2,1,3,3,3,5,3,5,3,5,3,5,4,5,5,-1,0.0
P53999,127.0,mRNA,LCRFinder,0,2,0,2,3,3,0,3,0,4,3,4,0,4,0,5,2,6,-1,0.0
Q8TC59,973.0,ncRNA,LCRFinder,0,2,0,2,0,3,4,3,4,4,0,4,2,4,2,5,4,6,-1,0.0
Q2WGJ9,1857.0,unknown,LCRFinder,1,2,1,2,1,3,4,3,4,4,6,5,6,6,6,7,6,8,-1,0.0
Q5TAP6,766.0,snoRNA,LCRFinder,1,2,2,2,2,3,1,3,3,4,1,5,1,6,1,7,1,8,-1,0.0
E7ESL0,212.0,ribosomal protein,LCRFinder,0,2,0,2,3,3,0,3,0,4,3,4,0,4,0,5,2,6,2,0.741857813445259
E5RJM0,639.0,mRNA,LCRFinder,0,2,0,2,0,3,0,3,0,4,0,4,0,4,0,5,0,6,-1,0.0
Q8N8Q3,282.0,tRNA,LCRFinder,0,2,0,2,0,3,4,3,4,4,4,4,7,4,7,5,7,6,-1,0.0
E7ERJ7,604.0,mRNA,LCRFinder,0,2,0,2,0,3,4,3,4,4,0,4,2,4,2,5,4,6,-1,0.0
O15372,352.0,mRNA,LCRFinder,0,2,0,2,3,3,3,3,3,4,3,4,0,4,0,5,3,6,-1,0.0
E5RJZ9,265.0,mRNA,LCRFinder,0,2,0,2,3,3,3,3,3,4,6,5,6,6,6,7,6,8,-1,0.0
P49756,843.0,mRNA,LCRFinder,1,2,1,2,1,3,1,3,3,4,1,5,1,6,1,7,1,8,-1,0.0
Q9UHX1,559.0,mRNA,LCRFinder,0,2,0,2,0,3,4,3,4,4,6,4,2,4,2,5,4,6,-1,0.0
E9PIF2,835.0,pre-rRNA,LCRFinder,1,2,1,2,1,3,1,3,1,4,1,5,1,6,1,7,1,8,-1,0.0
Q16560,246.0,snRNA,LCRFinder,1,2,1,2,3,3,3,3,3,4,3,4,3,4,8,5,8,6,-1,0.0
A1L020,520.0,mRNA,LCRFinder,0,2,0,2,3,3,0,3,0,4,3,4,3,4,3,5,3,6,-1,0.0
Q9H0A0,1025.0,pre-rRNA,LCRFinder,0,2,0,2,0,3,4,3,4,4,0,4,0,4,0,5,4,6,-1,0.0
E9PMM9,218.0,ribosomal protein,LCRFinder,0,2,0,2,3,3,0,3,0,4,3,4,3,4,3,5,3,6,-1,0.0
E9PL19,596.0,mRNA,LCRFinder,0,2,0,2,0,3,4,3,4,4,6,4,2,4,2,5,4,6,-1,0.0
P29692,281.0,tRNA,LCRFinder,1,2,2,2,2,3,2,3,2,4,2,5,4,6,4,7,9,8,-1,0.0
P78344,907.0,mRNA,LCRFinder,1,2,2,2,2,3,2,3,3,4,2,5,4,6,4,7,9,8,-1,0.0
Q9Y2W1,955.0,mRNA,LCRFinder,1,1,1,1,3,1,1,1,3,1,3,1,3,1,8,1,8,1,-1,0.0
H0YDK8,900.0,mRNA,LCRFinder,0,2,0,2,0,3,0,3,0,4,3,4,2,4,2,5,4,6,-1,0.0
P13489,461.0,diverse,LCRFinder,0,2,0,2,0,3,4,3,4,4,4,4,2,4,2,5,4,6,2,0.6099582005667807
Q96HW7,963.0,snRNA,LCRFinder,0,2,0,2,0,3,4,3,4,4,4,4,7,4,7,5,7,6,0,1.0
P62851,125.0,ribosomal protein,LCRFinder,1,2,1,2,1,3,3,3,5,3,5,3,5,3,5,4,5,5,-1,0.0
P62861,133.0,ribosomal protein,LCRFinder,1,2,2,2,2,3,3,3,5,3,5,3,5,3,5,4,5,5,-1,0.0
Q7L2H7,374.0,mRNA,LCRFinder,0,2,0,2,0,3,4,3,4,4,4,4,7,4,7,5,7,6,0,0.9403456554650217
Q8N9N8,165.0,mRNA,LCRFinder,1,2,2,2,2,3,2,3,2,4,2,5,4,6,4,7,9,8,1,0.8556055320776307
Q14498,530.0,mRNA,LCRFinder,1,2,1,2,3,3,3,3,1,3,3,3,3,3,8,4,8,4,-1,0.0
Q12872,951.0,mRNA,LCRFinder,1,2,1,2,1,3,1,3,1,4,1,5,1,6,1,7,1,8,-1,0.0
Q96CB9,384.0,pre-rRNA,LCRFinder,0,2,0,2,0,3,4,3,4,4,4,4,7,4,7,5,7,6,0,0.9233570488569873
Q8ND04,991.0,mRNA,LCRFinder,0,2,0,2,0,3,0,3,0,4,0,4,0,4,0,5,2,6,-1,0.0
P51513,507.0,mRNA,LCRFinder,0,2,0,2,0,3,4,3,4,4,0,4,2,4,2,5,2,6,-1,0.0
A0A0C4DGG8,1043.0,mRNA,LCRFinder,1,2,1,2,1,3,1,3,1,4,1,5,1,6,1,7,1,8,-1,0.0
Q8IWX8,916.0,mRNA,LCRFinder,0,2,0,3,3,4,0,5,0,6,0,7,0,8,0,9,0,10,-1,0.0
Q96FC9,970.0,unknown,LCRFinder,0,2,2,2,2,3,4,3,4,4,6,5,6,6,6,7,6,8,-1,0.0
Q9BZJ0,848.0,mRNA,LCRFinder,1,2,1,2,1,3,1,3,3,4,6,5,6,6,6,7,6,8,-1,0.0
F5GYR3,275.0,pre-rRNA,LCRFinder,1,2,2,2,2,3,2,3,2,4,2,5,4,6,4,7,9,8,1,1.0
Q15233,471.0,ncRNA,LCRFinder,1,2,1,2,1,3,1,3,1,4,1,4,1,4,1,5,1,6,-1,0.0
Q8N1W1,1705.0,mRNA,LCRFinder,1,2,2,2,0,3,1,3,3,4,6,5,6,6,6,7,6,8,-1,0.0
Q9Y4C8,960.0,pre-rRNA,LCRFinder,1,2,2,2,2,3,2,3,2,4,2,5,4,6,4,7,9,8,-1,0.0
O60942,597.0,mRNA,LCRFinder,1,2,2,2,2,3,1,3,1,4,1,5,1,6,1,7,1,8,-1,0.0
Q9UPS6,1966.0,ncRNA,LCRFinder,1,1,1,1,1,2,1,2,1,2,6,2,6,2,6,3,0,3,-1,0.0
O60522,2096.0,ncRNA,LCRFinder,1,2,1,2,1,3,1,3,1,4,1,5,1,6,1,7,1,8,-1,0.0
P56270,477.0,unknown,LCRFinder,0,2,0,2,0,3,4,3,4,4,0,4,2,4,2,5,4,6,-1,0.0
Q7Z5Q1,589.0,mRNA,LCRFinder,0,2,0,2,0,3,0,3,0,4,0,4,2,4,2,5,0,6,-1,0.0
Q9Y5A9,579.0,mRNA,LCRFinder,0,2,0,2,3,3,0,3,0,4,3,5,3,6,3,7,0,8,-1,0.0
Q9NP64,241.0,unknown,LCRFinder,1,2,1,2,1,3,1,3,1,4,1,5,1,6,1,7,1,8,-1,0.0
Q9Y2P0,537.0,unknown,LCRFinder,0,2,0,3,0,4,0,4,0,5,4,6,0,7,0,8,0,9,-1,0.0
Q13360,481.0,unknown,LCRFinder,0,2,0,2,1,3,3,3,5,3,5,3,5,3,5,4,5,5,-1,0.0
F8VQP2,1073.0,mRNA,LCRFinder,0,2,0,2,3,3,0,3,0,4,3,5,3,6,3,7,0,8,-1,0.0
O75123,536.0,unknown,LCRFinder,0,2,0,2,0,3,4,3,4,4,4,4,7,4,7,5,7,6,-1,0.0
Q5JTH9,1297.0,pre-rRNA,LCRFinder,1,2,2,2,2,3,2,3,2,4,2,5,4,6,4,7,9,8,-1,0.0
A0A0G2JKY3,1061.0,tRNA,LCRFinder,0,2,0,2,0,3,4,3,4,4,4,4,7,4,7,5,7,6,-1,0.0
Q9UIF9,1905.0,ncRNA,LCRFinder,1,2,1,2,0,3,4,3,3,4,6,5,6,6,6,7,6,8,-1,0.0
F8VU11,892.0,snRNA,LCRFinder,1,2,1,2,1,3,1,3,3,4,6,5,6,6,6,7,6,8,-1,0.0
F8VXY6,228.0,mRNA,LCRFinder,1,2,1,2,1,3,1,3,1,4,1,5,1,6,1,7,1,8,-1,0.0
F8VP89,275.0,mRNA,LCRFinder,1,2,1,2,1,3,1,3,1,4,1,5,1,6,1,7,1,8,-1,0.0
O15037,678.0,mRNA,LCRFinder,0,2,0,2,3,3,4,3,4,4,3,4,3,4,3,5,3,6,-1,0.0
Q13243,272.0,mRNA,LCRFinder,0,2,0,2,3,3,3,3,3,3,5,3,5,3,8,4,8,4,-1,0.0
Q9HCK8,2581.0,mRNA,LCRFinder,1,2,1,2,1,3,1,3,3,4,6,5,6,6,6,7,6,8,-1,0.0
G3V529,816.0,pre-rRNA,LCRFinder,1,2,1,2,1,3,1,3,1,4,1,5,1,6,1,7,1,8,-1,0.0
G3V5I6,420.0,mRNA,LCRFinder,0,2,2,2,2,3,1,3,3,4,1,5,1,6,1,7,1,8,-1,0.0
G3V5X7,2519.0,ncRNA,LCRFinder,1,2,1,2,3,3,0,3,3,4,6,5,6,6,6,7,6,8,-1,0.0
H0YLQ7,131.0,unknown,LCRFinder,1,2,1,2,1,3,1,3,1,4,1,5,1,6,1,7,1,8,-1,0.0
H3BM89,333.0,ribosomal protein,LCRFinder,1,2,1,2,3,3,3,3,1,4,3,4,3,4,3,5,3,6,-1,0.0
Q9H6T0,727.0,mRNA,LCRFinder,0,2,0,2,3,3,0,3,0,4,3,4,3,4,3,5,3,6,-1,0.0
Q12788,808.0,snoRNA,LCRFinder,0,2,0,2,2,3,3,3,3,4,6,4,6,4,6,5,6,6,-1,0.0
H3BNJ4,201.0,unknown,LCRFinder,1,2,2,2,2,3,2,3,2,4,2,5,4,6,4,7,9,8,1,1.0
Q14137,746.0,pre-rRNA,LCRFinder,1,2,2,2,2,3,1,3,3,4,1,5,1,6,1,7,1,8,-1,0.0
H3BPD0,197.0,unknown,LCRFinder,1,2,2,2,1,3,1,3,1,4,1,5,1,6,1,7,1,8,-1,0.0
H3BPE7,527.0,mRNA,LCRFinder,0,2,0,2,3,3,0,3,0,4,3,4,3,4,3,5,3,6,-1,0.0
H3BPG5,128.0,mRNA,LCRFinder,1,2,2,2,3,3,3,3,0,3,5,3,5,3,8,4,8,4,-1,0.0
Q96F86,508.0,mRNA,LCRFinder,0,2,0,2,0,3,0,3,0,4,0,4,0,4,0,5,2,6,-1,0.0
A5YKK6,2376.0,mRNA,LCRFinder,0,2,0,2,0,3,4,3,4,4,0,4,2,4,2,5,4,6,-1,0.0
Q9Y2V2,147.0,mRNA,LCRFinder,0,2,0,2,0,3,0,3,0,4,0,4,0,4,0,5,2,6,2,0.8354397674547102
H3BSG4,173.0,tRNA,LCRFinder,0,2,0,2,0,3,4,3,3,4,0,5,0,6,0,7,2,8,-1,0.0
D6RA96,785.0,unknown,LCRFinder,0,2,0,2,0,3,0,3,0,4,0,4,2,4,2,5,4,6,2,0.7165057987056738
Q96J87,481.0,mRNA,LCRFinder,0,2,0,2,0,3,4,3,4,4,0,4,2,4,2,5,4,6,2,0.6129234565877705
I3L1L6,617.0,mRNA,LCRFinder,1,2,2,2,2,3,2,3,2,4,2,5,4,6,4,7,9,8,-1,0.0
Q96SZ4,780.0,unknown,LCRFinder,1,2,1,2,1,3,1,3,3,4,6,5,6,6,6,7,6,8,-1,0.0
Q92667,903.0,mRNA,LCRFinder,0,2,0,2,0,3,4,3,4,4,6,5,2,6,2,7,4,8,-1,0.0
Q6P2Q9,2335.0,snRNA,LCRFinder,0,2,0,2,0,3,4,3,4,4,4,4,2,4,2,5,4,6,-1,0.0
A0A140TA76,344.0,mRNA,LCRFinder,1,2,1,2,3,3,3,3,0,4,3,4,3,4,3,5,3,6,-1,0.0
A6NM28,416.0,unknown,LCRFinder,0,2,2,2,3,3,3,3,3,4,5,4,5,4,3,5,3,6,-1,0.0
J3QL05,130.0,mRNA,LCRFinder,1,2,2,2,3,3,3,3,5,3,5,3,5,3,8,4,8,4,-1,0.0
J3QS41,1943.0,mRNA,LCRFinder,0,2,0,2,0,3,0,3,0,4,3,4,2,4,2,5,4,6,-1,0.0
Q9C0B9,1178.0,unknown,LCRFinder,1,2,1,2,3,3,1,3,1,4,3,5,3,6,3,7,3,8,-1,0.0
A8MQ14,1090.0,unknown,LCRFinder,0,2,2,2,3,3,3,3,5,4,5,4,5,4,5,5,5,6,-1,0.0
Q15029,972.0,tRNA,LCRFinder,1,2,2,2,2,3,2,3,2,4,2,5,4,6,4,7,9,8,-1,0.0
K7EJB9,349.0,mRNA,LCRFinder,1,2,2,2,2,3,2,3,2,4,2,5,4,6,4,7,9,8,-1,0.0
D6W5Y5,297.0,mRNA,LCRFinder,0,2,0,2,0,3,4,3,4,4,0,4,2,4,2,5,0,6,-1,0.0
K7EKH9,261.0,unknown,LCRFinder,0,2,0,2,3,3,3,3,3,4,5,4,5,4,5,5,5,6,-1,0.0
O00411,1230.0,mRNA,LCRFinder,0,2,0,2,0,3,4,3,4,4,0,4,2,4,2,5,4,6,-1,0.0
Q9BTD8,480.0,mRNA,LCRFinder,0,2,0,2,0,3,4,3,4,4,0,4,2,4,2,5,4,6,-1,0.0
Q9UKJ3,1502.0,unknown,LCRFinder,1,2,1,2,1,3,1,3,1,4,1,5,1,6,8,7,8,8,-1,0.0
K7ER00,548.0,tRNA,LCRFinder,0,2,0,2,3,3,3,3,4,4,5,4,5,4,6,5,6,6,-1,0.0
O00267,1087.0,mRNA,LCRFinder,1,2,1,2,1,3,1,3,1,4,1,4,1,4,1,5,1,6,-1,0.0
Q9Y4Z0,139.0,snRNA,LCRFinder,0,2,0,2,3,3,0,3,0,4,3,4,3,4,3,5,3,6,-1,0.0
M0QY97,910.0,unknown,LCRFinder,0,2,0,2,3,3,0,3,0,4,3,4,3,4,3,5,3,6,-1,0.0
M0QYX4,139.0,unknown,LCRFinder,0,2,2,2,2,3,2,3,2,4,2,5,4,6,4,7,9,8,-1,0.0
Q9ULX6,646.0,mRNA,LCRFinder,1,2,1,2,1,3,1,3,1,4,1,5,1,6,1,7,1,8,-1,0.0
A6NNF4,616.0,unknown,LCRFinder,0,2,0,2,2,3,2,3,3,3,2,3,4,3,4,4,9,5,-1,0.0
M0R1H0,178.0,snoRNA,LCRFinder,0,2,0,2,3,3,0,3,0,4,3,4,3,4,3,5,3,6,-1,0.0
M0R226,184.0,ribosomal protein,LCRFinder,0,2,0,2,3,3,0,3,0,4,3,4,3,4,3,5,3,6,-1,0.0
Q9NW07,568.0,unknown,LCRFinder,0,2,0,2,0,3,4,3,4,4,0,4,2,4,2,5,4,6,-1,0.0
Q9GZY0,626.0,mRNA,LCRFinder,0,2,0,2,0,3,0,3,0,4,0,4,0,4,0,5,2,6,-1,0.0
P08621,437.0,snRNA,LCRFinder,1,2,1,2,1,3,1,3,3,3,1,3,1,3,8,4,8,4,-1,0.0
Q9Y230,463.0,mRNA,LCRFinder,0,2,0,2,3,3,3,3,3,4,5,4,5,4,0,5,2,6,-1,0.0
A6NHQ2,334.0,snoRNA,LCRFinder,0,2,0,2,3,3,0,3,0,4,3,4,3,4,3,5,3,6,-1,0.0
Q96T37,977.0,mRNA,LCRFinder,0,2,0,2,3,3,0,3,0,4,3,5,3,6,3,7,3,8,-1,0.0
Q96B70,501.0,unknown,LCRFinder,0,2,0,2,0,3,4,3,4,4,0,4,2,4,2,5,4,6,-1,0.0
A6NFI3,1004.0,unknown,LCRFinder,1,2,1,2,1,3,1,3,3,4,6,5,6,6,6,7,6,8,-1,0.0
A0A087WVF4,1798.0,unknown,LCRFinder,1,2,1,2,1,3,1,3,3,4,1,5,1,6,1,7,1,8,-1,0.0
Q9Y2R4,599.0,pre-rRNA,LCRFinder,1,2,1,2,1,3,1,3,1,3,1,3,1,3,1,4,1,5,-1,0.0
Q86XI8,627.0,unknown,LCRFinder,0,2,2,2,2,3,3,3,3,3,5,3,5,3,5,4,5,5,-1,0.0
A0A024RCN4,479.0,unknown,LCRFinder,1,2,2,2,2,3,4,3,4,4,6,5,6,6,6,7,6,8,-1,0.0
O94761,1208.0,unknown,LCRFinder,0,2,0,2,0,3,4,3,4,4,6,4,6,4,6,5,6,6,-1,0.0
A0A087X0J2,248.0,diverse,LCRFinder,0,2,0,2,0,3,4,3,4,4,4,4,7,4,7,5,7,6,0,1.0
A0A0D9SF53,733.0,unknown,LCRFinder,0,2,0,2,3,3,0,3,0,4,0,4,0,4,0,5,0,6,-1,0.0
A0A0D9SFM0,1687.0,unknown,LCRFinder,1,2,1,2,1,3,1,3,3,4,6,5,6,6,6,7,6,8,-1,0.0
A0A286YFD1,2093.0,unknown,LCRFinder,0,2,0,2,0,3,3,3,4,4,5,4,5,4,6,5,6,6,-1,0.0
A0A2R8Y4L2,320.0,mRNA,LCRFinder,0,2,0,2,3,3,0,3,0,4,0,4,3,4,3,5,0,6,-1,0.0
Q9HBD4,1679.0,unknown,LCRFinder,1,2,1,2,1,3,1,3,1,4,1,5,1,6,1,7,1,8,-1,0.0
A0A2R8Y6W8,807.0,unknown,LCRFinder,1,2,2,2,2,3,2,3,2,4,2,5,4,6,4,7,9,8,1,0.9181800323904517
Q14839,1912.0,unknown,LCRFinder,1,2,1,2,1,3,1,3,1,4,1,5,1,6,1,7,1,8,-1,0.0
Q9BYX4,1025.0,ncRNA,LCRFinder,1,2,1,2,1,3,1,3,1,4,1,5,1,6,1,7,1,8,-1,0.0
A6NKG5,1358.0,unknown,LCRFinder,0,2,0,2,0,3,1,3,3,4,6,5,6,6,6,7,6,8,-1,0.0
Q9ULG1,1556.0,unknown,LCRFinder,1,2,1,2,1,3,1,3,1,4,1,4,1,4,1,5,1,6,-1,0.0
A0A494C0I1,1111.0,unknown,LCRFinder,1,2,1,2,2,3,3,3,5,3,5,3,5,3,5,4,5,5,-1,0.0
A0A494C1N8,1116.0,unknown,LCRFinder,1,2,1,2,2,3,3,3,5,3,5,3,5,3,5,4,5,5,-1,0.0
A0A590UJW6,1086.0,unknown,LCRFinder,0,2,0,2,3,3,0,3,0,4,0,4,0,4,0,5,0,6,-1,0.0
A0A7I2V5M7,476.0,unknown,LCRFinder,1,2,2,2,1,3,1,3,3,4,1,5,1,6,1,7,1,8,-1,0.0
A0A804HKV4,723.0,mRNA,LCRFinder,0,2,0,2,0,3,0,3,0,4,0,4,0,4,0,5,2,6,2,0.7857341948774677
A0A8I5KX04,1686.0,mRNA,LCRFinder,1,2,1,2,1,3,1,3,3,4,6,5,6,6,6,7,6,8,-1,0.0
A0A8I5KNN2,808.0,pre-rRNA,LCRFinder,1,2,1,2,1,3,1,3,1,4,1,5,1,6,1,7,1,8,-1,0.0
A0A8I5KSH6,925.0,unknown,LCRFinder,1,2,1,2,1,3,1,3,1,4,1,5,1,6,1,7,1,8,-1,0.0
A0A8I5KVU2,1735.0,mRNA,LCRFinder,1,2,1,2,1,3,1,3,1,4,6,4,6,4,6,5,6,6,-1,0.0
A0A8V8TR54,2114.0,unknown,LCRFinder,1,2,1,2,1,3,1,3,1,4,1,5,1,6,1,7,1,8,-1,0.0
A0A994J6B2,331.0,unknown,LCRFinder,0,2,2,2,2,3,2,3,2,3,2,3,0,3,0,4,2,5,-1,0.0
A0ABB0MN55,322.0,mRNA,LCRFinder,0,2,0,2,3,3,4,3,4,4,0,4,3,4,3,5,0,6,-1,0.0
A0A994J7T5,750.0,mRNA,LCRFinder,0,2,0,2,3,3,0,3,0,4,3,4,3,4,3,5,3,6,-1,0.0
A0AA34QW03,678.0,mRNA,LCRFinder,1,2,1,2,1,3,1,3,1,4,6,5,6,6,6,7,6,8,-1,0.0
Q5T890,1561.0,unknown,LCRFinder,1,2,1,2,1,3,1,3,1,4,1,5,1,6,1,7,1,8,-1,0.0
A0ABB0MV08,369.0,mRNA,LCRFinder,0,2,0,2,3,3,0,3,0,4,0,4,3,4,3,5,0,6,-1,0.0
A0ABB0MVJ3,604.0,unknown,LCRFinder,0,2,0,2,0,3,4,3,4,4,0,4,2,4,2,5,4,6,-1,0.0
A0ACI8Q0P4,829.0,unknown,LCRFinder,1,2,1,2,3,3,4,3,4,4,3,5,3,6,3,7,3,8,-1,0.0
A0ACI8P9Y7,1707.0,unknown,LCRFinder,0,2,0,2,0,3,4,3,4,4,4,4,2,4,2,5,4,6,-1,0.0
A0ACI8RQX4,1349.0,unknown,LCRFinder,1,2,1,2,1,3,0,3,0,4,1,4,1,4,1,5,1,6,-1,0.0
A0ACI8RL22,1967.0,unknown,LCRFinder,0,2,0,2,1,3,0,3,3,4,0,5,6,6,6,7,0,8,-1,0.0
A0ACI8S0C5,927.0,unknown,LCRFinder,1,2,1,2,0,3,3,3,3,3,6,3,6,3,6,4,6,5,-1,0.0
A0ACI8UGJ8,626.0,unknown,LCRFinder,0,2,0,2,0,3,0,3,0,4,0,4,2,4,2,5,4,6,2,0.926747682283394
A0ACI8Q806,498.0,unknown,LCRFinder,0,2,0,2,0,3,0,3,0,4,0,4,2,4,2,5,0,6,-1,0.0
A0ACI8QTQ5,1388.0,diverse,LCRFinder,1,2,1,2,3,3,1,3,3,4,6,5,6,6,6,7,6,8,-1,0.0
A0ACI8RI26,764.0,unknown,LCRFinder,1,2,2,2,2,3,2,3,2,4,2,5,4,6,4,7,9,8,-1,0.0
A0ACI8PUZ8,1375.0,unknown,LCRFinder,1,2,1,2,2,3,1,3,1,4,6,5,6,6,6,7,6,8,-1,0.0
A0ACI8PX57,378.0,unknown,LCRFinder,0,2,0,2,3,3,0,3,0,4,0,4,3,4,3,5,0,6,-1,0.0
A0ACI8RLL6,729.0,unknown,LCRFinder,0,2,0,2,0,3,4,3,4,4,5,4,5,4,6,5,6,6,-1,0.0
A0ACI8R3H8,616.0,unknown,LCRFinder,0,2,0,2,2,3,3,3,3,4,5,4,5,4,3,5,3,6,-1,0.0
A0ACI8PT71,1306.0,unknown,LCRFinder,1,2,2,2,1,3,4,3,4,4,4,5,7,6,7,7,7,8,-1,0.0
A0ACI8S5H4,1122.0,unknown,LCRFinder,0,2,0,2,0,3,4,3,4,4,0,4,2,4,2,5,4,6,-1,0.0
A0ACI8PVP6,744.0,unknown,LCRFinder,0,2,0,2,0,3,4,3,4,4,6,5,2,6,2,7,4,8,-1,0.0
A0ACI8RMB5,1003.0,unknown,LCRFinder,1,2,1,2,1,3,1,3,1,4,1,5,1,6,1,7,1,8,-1,0.0
A0ACI8QLY8,321.0,unknown,LCRFinder,0,2,0,2,3,3,4,3,4,4,3,5,3,6,3,7,3,8,-1,0.0
A0ACI8QUJ1,752.0,unknown,LCRFinder,0,2,0,2,3,3,0,3,0,4,3,4,3,4,3,5,3,6,-1,0.0
A0ACI8SAU3,2066.0,unknown,LCRFinder,1,2,1,2,1,3,1,3,1,4,1,4,1,4,1,5,1,6,-1,0.0
A0ACI8QHW6,749.0,unknown,LCRFinder,0,2,0,2,0,3,0,3,3,4,0,5,2,6,2,7,4,8,-1,0.0
A0ACI8SBH9,480.0,unknown,LCRFinder,0,2,0,2,0,3,4,3,4,4,4,4,7,4,7,5,7,6,-1,0.0
A0ACI8RX58,750.0,unknown,LCRFinder,1,2,1,2,1,3,1,3,1,4,1,5,1,6,1,7,1,8,-1,0.0
A0ACI8RCQ9,534.0,unknown,LCRFinder,1,2,2,2,2,3,2,3,2,4,2,5,4,6,4,7,9,8,-1,0.0
A0ACI8QNN6,701.0,unknown,LCRFinder,0,2,0,2,3,3,3,3,3,4,5,4,5,4,3,5,3,6,-1,0.0
A0ACI8RR28,918.0,unknown,LCRFinder,0,2,2,2,2,3,3,3,3,4,5,4,5,4,3,5,3,6,-1,0.0
A0ACI8QU73,864.0,unknown,LCRFinder,1,2,1,2,1,3,1,3,1,4,1,5,1,6,1,7,1,8,-1,0.0
A0ACI8R7A3,356.0,unknown,LCRFinder,0,2,0,2,0,3,4,3,4,4,0,4,2,4,2,5,4,6,-1,0.0
A0ACI8QY88,715.0,mRNA,LCRFinder,0,2,0,2,0,3,4,3,4,4,0,4,2,4,2,5,4,6,-1,0.0
A0ACI8SEY7,629.0,unknown,LCRFinder,1,2,2,2,2,3,2,3,2,4,2,5,4,6,4,7,9,8,1,0.8588980043561145
A0ACI8S113,1253.0,unknown,LCRFinder,1,2,1,2,1,3,1,3,3,4,1,5,1,6,8,7,8,8,-1,0.0
A0ACI8S5T8,488.0,unknown,LCRFinder,0,2,0,2,0,3,4,3,4,4,0,4,2,4,2,5,4,6,2,0.6656534687754848
A0ACI8SPJ0,2147.0,snRNA,LCRFinder,1,2,2,2,2,3,1,3,3,4,1,5,1,6,1,7,1,8,-1,0.0
A0ACI8SQV4,211.0,unknown,LCRFinder,0,2,0,2,0,3,4,3,4,4,4,4,2,4,2,5,4,6,-1,0.0
A0ACI8SXP5,451.0,unknown,LCRFinder,0,2,0,2,0,3,4,3,4,4,0,4,2,4,2,5,0,6,-1,0.0
A0ACI8SYT5,674.0,unknown,LCRFinder,0,2,0,2,3,3,1,3,3,4,6,5,6,6,6,7,6,8,-1,0.0
A0ACI8T6P5,600.0,unknown,LCRFinder,0,2,0,2,3,3,0,3,0,4,3,4,3,4,3,5,3,6,-1,0.0
A0ACI8T823,380.0,unknown,LCRFinder,0,2,0,2,0,3,4,3,4,4,0,4,2,4,2,5,4,6,-1,0.0
A0ACI8T7F0,1068.0,tRNA,LCRFinder,0,2,0,2,0,3,4,3,4,4,4,4,7,4,7,5,7,6,-1,0.0
A0ACI8T9E2,234.0,unknown,LCRFinder,0,2,0,2,3,3,0,3,0,4,3,4,3,4,3,5,3,6,-1,0.0
A0ACI8TFG6,1552.0,tRNA,LCRFinder,1,2,1,2,1,3,1,3,5,4,1,5,1,6,5,7,5,8,-1,0.0
A0ACI8TJP2,2207.0,unknown,LCRFinder,1,2,2,2,2,3,2,3,2,4,2,5,4,6,4,7,9,8,-1,0.0
A0ACI8TLS0,550.0,unknown,LCRFinder,0,2,2,2,2,3,4,3,4,4,6,5,6,6,6,7,6,8,-1,0.0
A0ACI8TLG3,1044.0,tRNA,LCRFinder,0,2,0,2,0,3,4,3,4,4,0,4,0,4,0,5,4,6,-1,0.0
A0ACI8TLM1,106.0,unknown,LCRFinder,0,2,2,2,3,3,3,3,5,3,5,3,0,3,8,4,8,4,-1,0.0
A0ACI8TML7,1201.0,unknown,LCRFinder,1,2,1,2,0,3,4,3,4,4,1,5,2,6,2,7,4,8,-1,0.0
A0ACI8TMU3,1055.0,unknown,LCRFinder,0,2,0,2,0,3,0,3,0,4,0,4,2,4,2,5,0,6,-1,0.0
A0ACI8TQP9,2591.0,unknown,LCRFinder,1,2,1,2,1,3,1,3,1,4,1,5,1,6,1,7,1,8,-1,0.0
A0ACI8TQS2,3008.0,unknown,LCRFinder,1,2,1,2,1,3,1,3,1,4,1,5,1,6,1,7,1,8,-1,0.0
A0ACI8TS18,1048.0,unknown,LCRFinder,1,2,1,2,1,3,1,3,1,4,1,5,1,6,1,7,1,8,-1,0.0
A0ACI8TUA9,638.0,unknown,LCRFinder,1,2,1,2,1,3,1,3,1,4,1,5,1,6,1,7,1,8,-1,0.0
A0ACI8TSY6,1461.0,unknown,LCRFinder,0,2,0,2,3,3,0,3,0,4,0,4,0,4,0,5,2,6,-1,0.0
A0ACI8TUB7,259.0,unknown,LCRFinder,1,2,2,2,2,3,2,3,3,4,2,5,4,6,4,7,9,8,-1,0.0
A0ACI8TXE9,1448.0,unknown,LCRFinder,1,2,1,2,1,3,1,3,1,4,1,5,1,6,1,7,1,8,-1,0.0
A0ACI8TWM6,905.0,unknown,LCRFinder,1,2,1,2,1,3,1,3,1,4,1,5,1,6,1,7,1,8,-1,0.0
A0ACI8U1B9,902.0,unknown,LCRFinder,0,2,0,2,3,3,0,3,0,4,3,4,3,4,3,5,0,6,-1,0.0
A0ACI8U399,786.0,unknown,LCRFinder,1,2,1,2,1,3,1,3,1,4,1,5,1,6,1,7,1,8,-1,0.0
A0ACI8U6C5,1066.0,unknown,LCRFinder,1,2,1,2,1,3,1,3,1,4,1,5,1,6,1,7,1,8,-1,0.0
A0ACI8U804,2104.0,unknown,LCRFinder,0,2,0,2,0,3,4,3,4,4,6,4,6,4,6,5,6,6,-1,0.0
A0ACI8U7J9,978.0,unknown,LCRFinder,0,2,0,2,0,3,0,3,0,4,0,4,0,4,0,5,2,6,-1,0.0
A0ACI8UB86,209.0,unknown,LCRFinder,1,2,1,2,1,3,1,3,1,4,1,5,1,6,1,7,1,8,-1,0.0
A0ACI8UES1,422.0,unknown,LCRFinder,0,2,0,2,3,3,0,3,0,4,0,4,0,4,0,5,0,6,-1,0.0
A0ACI8UNX3,1077.0,unknown,LCRFinder,1,2,1,2,1,3,1,3,1,4,1,5,1,6,1,7,1,8,-1,0.0
A0ACI8UMC2,837.0,unknown,LCRFinder,1,2,2,2,2,3,2,3,2,4,2,5,4,6,4,7,9,8,1,1.0
A0ACI8UTL7,402.0,unknown,LCRFinder,1,2,1,2,3,3,0,3,3,4,3,5,3,6,3,7,3,8,-1,0.0
A0ACI8V0W0,822.0,unknown,LCRFinder,0,2,0,2,3,3,3,3,3,4,5,4,5,4,0,5,3,6,-1,0.0
A0ACI8UZB3,1252.0,unknown,LCRFinder,1,2,1,2,3,3,3,3,3,3,5,3,5,3,8,4,8,4,-1,0.0
A0ACI8V583,621.0,mRNA,LCRFinder,1,2,1,2,1,3,1,3,1,4,1,5,1,6,1,7,1,8,-1,0.0
A0ACI8VA32,1280.0,unknown,LCRFinder,1,2,1,2,3,3,4,3,4,4,6,4,6,4,6,5,6,6,-1,0.0
A0ACI8V6J3,1329.0,unknown,LCRFinder,0,2,0,2,0,3,4,3,4,4,0,4,2,4,2,5,4,6,-1,0.0
A0ACI8VCM9,1180.0,unknown,LCRFinder,1,2,1,2,3,3,1,3,1,4,3,5,3,6,3,7,3,8,-1,0.0
A0ACI8VFS1,923.0,unknown,LCRFinder,0,2,0,2,0,3,4,3,4,4,6,5,2,6,2,7,4,8,-1,0.0
A0ACI8VAV8,1149.0,unknown,LCRFinder,0,2,0,2,0,3,4,3,4,4,0,4,2,4,2,5,4,6,-1,0.0
A0ACI8VD15,1437.0,unknown,LCRFinder,1,2,1,2,1,3,1,3,1,4,1,5,1,6,1,7,1,8,-1,0.0
A0ACI8VQD2,1043.0,unknown,LCRFinder,1,2,2,2,2,3,2,3,2,4,2,5,4,6,4,7,9,8,-1,0.0
A0ACI8VSD4,674.0,mRNA,LCRFinder,0,2,0,2,0,3,0,3,0,4,0,4,0,4,0,5,2,6,2,0.6103238810901588
A0A087WZ13,739.0,unknown,LCRFinder,0,2,0,2,0,3,4,3,4,4,0,4,2,4,2,5,4,6,-1,0.0
A0ACI8PHD2,261.0,unknown,LCRFinder,0,2,0,2,3,3,0,3,0,4,3,4,3,4,3,5,3,6,-1,0.0
A6NEQ0,496.0,mRNA,LCRFinder,0,2,0,2,3,3,3,3,3,4,5,4,5,4,3,5,0,6,-1,0.0
A6NFN3,312.0,mRNA,LCRFinder,0,2,0,2,3,3,0,3,3,4,3,4,3,4,3,5,3,6,2,0.607151431174086
O15056,1496.0,unknown,LCRFinder,0,2,0,2,2,3,1,3,3,4,6,5,6,6,6,7,6,8,-1,0.0
O15504,423.0,mRNA,LCRFinder,0,2,0,2,0,3,4,3,4,4,0,4,2,4,2,5,0,6,-1,0.0
O43251,390.0,mRNA,LCRFinder,0,2,0,2,3,3,4,3,4,4,0,4,3,4,3,5,3,6,-1,0.0
O43395,683.0,snRNA,LCRFinder,1,2,1,2,1,3,1,3,1,4,1,5,1,6,1,7,1,8,-1,0.0
O43426,1573.0,unknown,LCRFinder,0,2,0,2,1,3,0,3,0,4,1,5,1,6,1,7,1,8,-1,0.0
O60318,1980.0,mRNA,LCRFinder,1,2,1,2,1,3,1,3,3,4,6,5,6,6,6,7,6,8,-1,0.0
O60603,784.0,unknown,LCRFinder,0,2,2,2,0,3,4,3,4,4,4,4,7,4,7,5,7,6,-1,0.0
O75152,810.0,mRNA,LCRFinder,1,2,1,2,1,3,1,3,1,4,6,5,6,6,6,7,6,8,-1,0.0
O75494,262.0,mRNA,LCRFinder,1,2,1,2,3,3,3,3,3,3,5,3,5,3,8,4,8,4,-1,0.0
O75525,346.0,mRNA,LCRFinder,0,2,0,2,3,3,3,3,3,4,6,5,6,6,6,7,6,8,-1,0.0
O94886,807.0,unknown,LCRFinder,0,2,0,2,0,3,4,3,4,4,0,4,2,4,2,5,4,6,-1,0.0
O95319,508.0,mRNA,LCRFinder,0,2,0,2,0,3,0,3,0,4,0,4,0,4,0,5,4,6,-1,0.0
P07910,306.0,mRNA,LCRFinder,1,2,2,2,2,3,1,3,3,4,1,5,1,6,1,7,1,8,-1,0.0
P09651,372.0,mRNA,LCRFinder,0,2,0,2,3,3,0,3,0,4,0,4,3,4,3,5,0,6,-1,0.0
P0DJD3,496.0,mRNA,LCRFinder,0,2,0,2,3,3,3,3,3,4,5,4,5,4,3,5,0,6,-1,0.0
P10155,538.0,unknown,LCRFinder,0,2,0,2,0,3,4,3,4,4,4,4,7,4,7,5,7,6,-1,0.0
P11940,636.0,mRNA,LCRFinder,0,2,0,2,0,3,4,3,4,4,0,4,2,4,2,5,4,6,-1,0.0
P18615,380.0,mRNA,LCRFinder,1,2,1,2,1,3,1,3,1,4,1,5,1,6,1,7,1,8,-1,0.0
P22087,321.0,snRNA,LCRFinder,0,2,0,2,3,3,0,3,0,4,3,4,3,4,3,5,3,6,-1,0.0
P23588,611.0,mRNA,LCRFinder,1,2,1,2,1,3,1,3,1,4,1,5,1,6,1,7,1,8,-1,0.0
P26651,326.0,mRNA,LCRFinder,0,2,0,2,3,3,0,3,0,4,3,4,0,4,0,5,0,6,-1,0.0
P29558,406.0,mRNA,LCRFinder,0,2,0,2,3,3,0,3,0,4,0,4,0,4,0,5,2,6,2,0.6888082382826549
P33240,577.0,mRNA,LCRFinder,0,2,0,2,0,3,0,3,0,4,0,4,2,4,2,5,4,6,2,0.9288640825804422
P35637,526.0,mRNA,LCRFinder,0,2,0,2,3,3,0,3,0,4,3,4,3,4,3,5,3,6,-1,0.0
P38159,391.0,mRNA,LCRFinder,1,2,1,2,3,3,0,3,3,4,3,5,3,6,3,7,3,8,-1,0.0
P42694,1942.0,mRNA,LCRFinder,0,2,0,2,0,3,0,3,0,4,3,4,2,4,2,5,4,6,-1,0.0
P43243,847.0,mRNA,LCRFinder,0,2,0,2,0,3,4,3,4,4,6,5,2,6,2,7,4,8,-1,0.0
P51114,621.0,mRNA,LCRFinder,0,2,0,2,3,3,3,3,3,4,3,4,3,4,3,5,3,6,-1,0.0
P52824,942.0,unknown,LCRFinder,0,2,0,2,0,3,4,3,4,4,4,4,2,4,2,5,4,6,-1,0.0
P62306,86.0,snRNA,LCRFinder,1,2,2,2,2,3,2,3,2,4,2,5,4,6,4,7,9,8,1,0.9249717620484214
P63162,240.0,snRNA,LCRFinder,0,2,0,2,0,3,0,3,0,4,0,4,2,4,2,5,4,6,2,0.6698605922433254
P78563,741.0,mRNA,LCRFinder,0,2,0,2,3,3,0,3,0,4,0,4,3,4,3,5,0,6,-1,0.0
P84103,164.0,mRNA,LCRFinder,1,2,1,2,3,3,3,3,0,3,5,3,5,3,8,4,8,4,-1,0.0
Q01130,221.0,mRNA,LCRFinder,0,2,0,2,3,3,3,3,3,3,5,3,5,3,8,4,8,4,-1,0.0
Q01844,656.0,unknown,LCRFinder,0,2,0,2,3,3,0,3,0,4,3,4,3,4,3,5,3,6,-1,0.0
Q05519,484.0,mRNA,LCRFinder,1,2,1,2,3,3,1,3,1,3,3,3,3,3,8,4,8,4,-1,0.0
Q07352,338.0,mRNA,LCRFinder,0,2,0,2,3,3,0,3,0,4,0,4,3,4,3,5,3,6,2,0.7175964346577168
Q13117,558.0,mRNA,LCRFinder,0,2,0,2,0,3,0,3,0,4,0,4,0,4,0,5,2,6,2,1.0
Q14011,172.0,mRNA,LCRFinder,0,2,0,2,0,3,4,3,4,4,0,4,2,4,2,5,0,6,-1,0.0
Q14671,1186.0,mRNA,LCRFinder,0,2,0,2,0,3,0,3,0,4,3,4,2,4,2,5,4,6,-1,0.0
Q15007,396.0,mRNA,LCRFinder,0,2,0,2,0,3,0,3,0,4,0,4,0,4,0,5,2,6,2,0.7216740986409804
Q15020,963.0,snRNA,LCRFinder,1,2,1,2,1,3,1,3,3,4,1,5,1,6,1,7,1,8,-1,0.0
Q15056,248.0,mRNA,LCRFinder,1,2,2,2,1,3,1,3,1,4,1,5,1,6,1,7,1,8,-1,0.0
Q15459,793.0,snRNA,LCRFinder,0,2,0,2,3,3,0,3,0,4,3,5,3,6,3,7,3,8,-1,0.0
Q16587,644.0,unknown,LCRFinder,0,2,0,2,3,3,0,3,0,4,3,5,3,6,3,7,3,8,-1,0.0
Q16629,238.0,mRNA,LCRFinder,1,2,1,2,3,3,3,3,3,3,5,3,5,3,8,4,8,4,-1,0.0
Q460N5,1801.0,unknown,LCRFinder,0,2,0,2,0,3,4,3,4,4,4,4,7,4,7,5,7,6,-1,0.0
Q53GL7,1025.0,unknown,LCRFinder,0,2,2,2,2,3,2,3,2,4,6,5,6,6,6,7,6,8,-1,0.0
Q5VUG0,894.0,unknown,LCRFinder,1,2,2,2,2,3,3,3,3,4,6,5,6,6,6,7,6,8,-1,0.0
Q5VV67,1664.0,mRNA,LCRFinder,1,2,1,2,3,3,0,3,3,4,3,4,3,4,3,5,3,6,-1,0.0
Q659C4,914.0,mRNA,LCRFinder,0,2,2,2,2,3,3,3,3,4,5,4,5,4,3,5,3,6,-1,0.0
Q69YN4,1812.0,mRNA,LCRFinder,1,2,1,2,1,3,1,3,3,4,6,5,6,6,6,7,6,8,-1,0.0
Q6P087,351.0,mRNA,LCRFinder,0,2,0,2,0,3,4,3,4,4,4,4,7,4,7,5,7,6,-1,0.0
Q6PJT7,736.0,mRNA,LCRFinder,0,2,0,2,2,3,1,3,3,4,6,5,6,6,6,7,6,8,-1,0.0
Q6XE24,437.0,mRNA,LCRFinder,0,2,0,2,3,3,0,3,0,4,3,4,0,4,0,5,3,6,2,0.6501274893057467
Q7Z2W4,902.0,mRNA,LCRFinder,0,2,0,2,3,3,0,3,3,4,3,4,3,4,3,5,3,6,-1,0.0
Q7Z739,585.0,mRNA,LCRFinder,1,2,1,2,1,3,0,3,0,4,1,5,1,6,1,7,0,8,-1,0.0
Q86SG3,579.0,mRNA,LCRFinder,0,2,0,2,0,3,0,3,0,4,0,4,0,4,0,5,2,6,2,0.7935081291178971
Q86VM9,953.0,mRNA,LCRFinder,1,2,1,2,1,3,1,3,1,4,1,5,1,6,8,7,8,8,-1,0.0
Q8IX01,1082.0,mRNA,LCRFinder,1,2,1,2,2,3,1,3,1,4,1,5,1,6,1,7,1,8,-1,0.0
Q8IX12,1150.0,mRNA,LCRFinder,1,2,1,2,1,3,1,3,1,4,1,5,1,6,1,7,1,8,-1,0.0
Q8IXM6,262.0,unknown,LCRFinder,0,2,0,2,0,3,4,3,4,4,4,4,7,4,7,5,7,6,-1,0.0
Q8IYB3,904.0,mRNA,LCRFinder,1,2,1,2,1,3,1,3,1,3,1,3,1,3,8,4,8,4,-1,0.0
Q8IZD0,417.0,unknown,LCRFinder,0,2,0,2,0,3,0,3,0,4,0,4,0,4,0,5,0,6,-1,0.0
Q8N2M8,674.0,mRNA,LCRFinder,1,2,1,2,1,3,1,3,1,3,1,3,1,3,8,4,8,4,-1,0.0
Q8N684,471.0,mRNA,LCRFinder,1,2,1,2,3,3,0,3,0,4,3,4,3,4,3,5,3,6,-1,0.0
Q8TB72,1066.0,mRNA,LCRFinder,0,2,0,2,0,3,0,3,0,4,3,5,2,6,2,7,0,8,-1,0.0
Q8TBZ6,339.0,tRNA,LCRFinder,1,2,2,2,2,3,3,3,3,4,5,5,5,6,5,7,5,8,-1,0.0
Q8TC92,643.0,mRNA,LCRFinder,0,2,0,2,3,3,0,3,0,4,3,4,3,4,3,5,3,6,-1,0.0
Q8WXF1,523.0,ncRNA,LCRFinder,1,2,1,2,0,3,1,3,1,4,6,4,6,4,6,5,6,6,-1,0.0
Q96AE4,644.0,mRNA,LCRFinder,0,2,0,2,0,3,0,3,0,4,0,4,2,4,2,5,0,6,-1,0.0
Q96DH6,328.0,mRNA,LCRFinder,0,2,0,2,0,3,4,3,4,4,0,4,2,4,2,5,4,6,-1,0.0
Q96EV2,1170.0,mRNA,LCRFinder,0,2,2,2,3,3,1,3,3,4,6,5,6,6,6,7,6,8,-1,0.0
Q96MU7,727.0,mRNA,LCRFinder,1,2,2,2,2,3,2,3,3,4,2,5,4,6,4,7,9,8,-1,0.0
Q96N46,770.0,unknown,LCRFinder,1,2,1,2,1,3,1,3,1,4,1,4,1,4,1,5,1,6,-1,0.0
Q96PZ0,661.0,pre-rRNA,LCRFinder,1,2,2,2,2,3,2,3,2,4,2,5,4,6,4,7,9,8,1,1.0
Q96S44,253.0,tRNA,LCRFinder,1,2,2,2,3,3,1,3,3,4,3,4,3,4,3,5,3,6,-1,0.0
Q99973,2627.0,ncRNA,LCRFinder,1,2,1,2,3,3,0,3,3,4,6,5,6,6,6,7,6,8,-1,0.0
Q9BXP5,876.0,ncRNA,LCRFinder,1,2,1,2,1,3,1,3,3,4,1,5,1,6,1,7,1,8,-1,0.0
Q9BYJ9,559.0,mRNA,LCRFinder,0,2,0,2,0,3,0,3,0,4,6,5,6,6,6,7,6,8,-1,0.0
Q9C0B0,810.0,unknown,LCRFinder,0,2,0,2,3,3,0,3,0,4,3,4,3,4,3,5,3,6,-1,0.0
Q9H4Z3,704.0,mRNA,LCRFinder,0,2,0,2,0,3,0,3,0,4,0,4,0,4,0,5,0,6,-1,0.0
Q9H6E5,874.0,snRNA,LCRFinder,1,2,1,2,3,3,1,3,3,4,6,5,6,6,6,7,6,8,-1,0.0
Q9HCJ0,1936.0,mRNA,LCRFinder,1,1,1,1,1,2,0,2,0,2,1,2,1,2,1,3,0,3,-1,0.0
Q9NQ94,594.0,mRNA,LCRFinder,0,2,0,2,0,3,0,3,0,4,0,4,0,4,0,5,2,6,2,0.945503581820065
Q9NR56,388.0,mRNA,LCRFinder,0,2,0,2,3,3,0,3,0,4,0,4,3,4,3,5,3,6,2,0.7578232008923917
Q9NWB1,397.0,mRNA,LCRFinder,0,2,0,2,3,3,0,3,0,4,3,4,3,4,3,5,3,6,-1,0.0
Q9NXW9,302.0,unknown,LCRFinder,0,2,0,2,0,3,0,3,0,4,0,4,0,4,0,5,2,6,2,0.964963176686741
Q9P2K5,600.0,mRNA,LCRFinder,0,2,0,2,0,3,4,3,4,4,0,4,2,4,2,5,4,6,-1,0.0
Q9UGR2,977.0,ncRNA,LCRFinder,0,2,0,2,0,3,4,3,4,4,0,4,2,4,2,5,4,6,2,0.6619992999047432
Q9UJJ7,312.0,unknown,LCRFinder,0,2,0,2,0,3,4,3,3,4,0,5,2,6,2,7,4,8,-1,0.0
Q9UKM9,306.0,mRNA,LCRFinder,0,2,0,2,3,3,0,3,0,4,0,4,3,4,3,5,3,6,-1,0.0
Q9UPT8,1303.0,unknown,LCRFinder,1,2,1,2,3,3,0,3,3,4,3,4,3,4,3,5,3,6,-1,0.0
Q9UQ35,2752.0,mRNA,LCRFinder,1,1,1,1,1,1,1,1,1,1,1,1,1,1,8,1,8,1,-1,0.0
Q9Y2U8,911.0,snRNA,LCRFinder,0,2,0,2,0,3,4,3,4,4,6,5,6,6,6,7,6,8,-1,0.0
Q9Y580,266.0,mRNA,LCRFinder,0,2,0,2,3,3,0,3,3,4,3,4,3,4,3,5,3,6,-1,0.0
