uniprot_accession,uniprot_length,rnaprimaryclass,method,cluster_pam_k2,cluster_hierarchical_k2,cluster_pam_k3,cluster_hierarchical_k3,cluster_pam_k4,cluster_hierarchical_k4,cluster_pam_k5,cluster_hierarchical_k5,cluster_pam_k6,cluster_hierarchical_k6,cluster_hdbscan,hdbscan_confidence
Q9Y2T7,364.0,mRNA,AlcoR,0,1,1,1,1,2,0,2,0,2,-1,0.0
O60306,1485.0,mRNA,AlcoR,1,1,1,1,0,2,4,2,4,2,-1,0.0
Q9H6S0,1430.0,mRNA,AlcoR,0,1,2,1,2,2,2,2,2,2,-1,0.0
O15371,548.0,mRNA,AlcoR,1,1,1,1,0,2,4,2,4,2,-1,0.0
Q9H307,717.0,mRNA,AlcoR,1,1,1,1,0,2,4,2,4,2,-1,0.0
Q4VXU2,619.0,mRNA,AlcoR,0,1,1,1,1,2,0,2,0,2,-1,0.0
Q05048,431.0,mRNA,AlcoR,1,1,1,1,1,2,1,2,1,2,-1,0.0
Q05639,463.0,tRNA,AlcoR,1,1,1,1,1,2,1,2,1,2,-1,0.0
Q9NR97,1041.0,ncRNA,AlcoR,1,1,1,1,1,2,1,2,1,2,-1,0.0
O60828,265.0,mRNA,AlcoR,0,1,2,1,2,2,2,2,2,2,-1,0.0
O43719,755.0,mRNA,AlcoR,0,1,2,1,2,2,0,2,0,2,-1,0.0
Q14694,798.0,mRNA,AlcoR,1,1,1,1,1,2,1,2,1,2,-1,0.0
Q96DP5,389.0,tRNA,AlcoR,1,1,1,1,1,2,1,2,1,2,-1,0.0
Q9NVM6,304.0,unknown,AlcoR,0,1,0,1,3,2,3,2,3,2,-1,0.0
Q9UKV8,859.0,ncRNA,AlcoR,0,1,0,1,3,2,3,2,3,2,-1,0.0
P14866,589.0,mRNA,AlcoR,0,1,2,1,2,2,0,2,0,2,-1,0.0
O75792,299.0,diverse,AlcoR,0,1,2,1,2,2,2,2,2,2,-1,0.0
Q7Z333,2677.0,mRNA,AlcoR,1,1,1,1,1,2,1,2,1,2,-1,0.0
Q9H6R0,707.0,mRNA,AlcoR,1,1,1,1,1,2,0,2,0,2,-1,0.0
Q7Z417,695.0,mRNA,AlcoR,1,1,1,1,1,2,1,2,1,2,-1,0.0
Q07021,282.0,mRNA,AlcoR,1,1,1,1,1,2,1,2,1,2,-1,0.0
Q9H6F5,360.0,unknown,AlcoR,0,1,1,1,1,2,0,2,0,2,-1,0.0
Q9UMS4,504.0,mRNA,AlcoR,1,1,1,1,1,2,1,2,1,2,-1,0.0
P16989,372.0,mRNA,AlcoR,0,1,2,1,2,2,2,2,2,2,-1,0.0
A0A499FI31,981.0,snRNA,AlcoR,0,1,2,1,2,2,0,2,0,2,-1,0.0
Q9Y6K5,1087.0,ncRNA,AlcoR,1,1,1,1,1,2,1,2,1,2,-1,0.0
P04406,335.0,mRNA,AlcoR,1,1,1,1,1,2,1,2,1,2,-1,0.0
P25398,132.0,ribosomal protein,AlcoR,0,1,2,1,2,2,0,2,0,2,-1,0.0
Q13895,437.0,pre-rRNA,AlcoR,0,1,2,1,2,2,2,2,2,2,-1,0.0
C9IY40,225.0,ribosomal protein,AlcoR,0,1,2,1,2,2,2,2,2,2,-1,0.0
P42285,1042.0,diverse,AlcoR,0,1,0,1,3,2,0,2,0,2,-1,0.0
P49590,506.0,tRNA,AlcoR,1,1,1,1,1,2,1,2,1,2,-1,0.0
P54136,660.0,tRNA,AlcoR,1,1,1,1,1,2,1,2,1,2,-1,0.0
O43818,475.0,snoRNA,AlcoR,1,1,1,1,1,2,1,2,1,2,-1,0.0
O60739,113.0,mRNA,AlcoR,0,1,2,1,2,2,2,2,2,2,-1,0.0
P19525,551.0,ncRNA,AlcoR,0,1,2,1,2,2,0,2,0,2,-1,0.0
Q96EP5,407.0,mRNA,AlcoR,1,1,1,1,1,2,1,2,1,2,-1,0.0
Q92499,740.0,mRNA,AlcoR,1,1,0,1,3,2,1,2,1,2,-1,0.0
Q4ZG55,1949.0,unknown,AlcoR,1,1,1,1,0,2,4,2,4,2,-1,0.0
Q9UKF6,684.0,mRNA,AlcoR,0,1,0,1,3,2,0,2,0,2,-1,0.0
Q8NHQ9,600.0,pre-rRNA,AlcoR,1,1,1,1,1,2,1,2,1,2,-1,0.0
Q9BWT3,736.0,mRNA,AlcoR,1,1,1,1,1,2,1,2,1,2,-1,0.0
Q13148,414.0,mRNA,AlcoR,0,1,2,1,2,2,0,2,0,2,-1,0.0
O00148,427.0,mRNA,AlcoR,1,1,1,1,1,2,0,2,0,2,-1,0.0
Q06265,439.0,diverse,AlcoR,0,1,0,1,3,2,3,2,3,2,-1,0.0
Q92797,1274.0,mRNA,AlcoR,1,1,1,1,0,2,4,2,4,2,-1,0.0
Q9Y3A5,250.0,pre-rRNA,AlcoR,0,1,2,1,0,2,0,2,0,2,-1,0.0
Q8IWZ8,645.0,mRNA,AlcoR,1,1,1,1,0,2,4,2,4,2,-1,0.0
P21506,573.0,unknown,AlcoR,1,1,0,1,3,2,0,2,0,2,-1,0.0
Q9UBQ5,218.0,mRNA,AlcoR,1,1,1,1,1,2,1,2,1,2,-1,0.0
Q9UBS3,223.0,unknown,AlcoR,1,1,2,1,2,2,2,2,2,2,-1,0.0
P51116,673.0,mRNA,AlcoR,0,1,2,1,2,2,2,2,2,2,-1,0.0
Q8IX18,779.0,mRNA,AlcoR,0,1,2,1,2,2,2,2,5,2,-1,0.0
P62249,146.0,ribosomal protein,AlcoR,0,1,2,1,2,2,2,2,2,2,-1,0.0
Q96Q11,434.0,tRNA,AlcoR,0,1,2,1,2,2,2,2,5,2,-1,0.0
Q7Z478,1369.0,mRNA,AlcoR,0,1,2,1,2,2,2,2,5,2,-1,0.0
Q8IZ69,625.0,tRNA,AlcoR,1,1,1,1,1,2,1,2,1,2,-1,0.0
Q96DF8,476.0,mRNA,AlcoR,1,1,0,1,3,2,3,2,3,2,-1,0.0
Q14151,953.0,mRNA,AlcoR,0,2,0,3,0,4,3,4,3,5,-1,0.0
O43159,456.0,pre-rRNA,AlcoR,1,1,1,1,1,2,0,2,0,2,-1,0.0
Q96EY7,689.0,mRNA,AlcoR,1,1,1,1,1,2,1,2,1,2,-1,0.0
P57772,596.0,tRNA,AlcoR,1,1,1,1,1,2,1,2,1,2,-1,0.0
Q9BXT8,1623.0,mRNA,AlcoR,1,1,1,1,1,2,1,2,1,2,-1,0.0
Q5TAX3,1644.0,ncRNA,AlcoR,1,1,1,1,1,2,1,2,1,2,-1,0.0
Q8NAV1,312.0,snRNA,AlcoR,1,1,1,1,0,1,4,1,4,1,-1,0.0
Q86YF9,867.0,mRNA,AlcoR,1,1,1,1,1,2,1,2,1,2,-1,0.0
Q14146,1524.0,pre-rRNA,AlcoR,1,1,0,1,3,2,3,2,3,2,-1,0.0
Q9H9J2,332.0,ribosomal protein,AlcoR,0,1,2,1,2,2,2,2,2,2,-1,0.0
O60573,245.0,mRNA,AlcoR,0,1,2,1,2,2,0,2,0,2,-1,0.0
O00425,579.0,mRNA,AlcoR,1,1,1,1,0,2,4,2,4,2,-1,0.0
Q9NY93,547.0,pre-rRNA,AlcoR,1,1,1,1,1,2,0,2,0,2,-1,0.0
Q9BX63,1249.0,unknown,AlcoR,1,1,1,1,0,2,4,2,4,2,-1,0.0
O75691,2785.0,snoRNA,AlcoR,1,1,1,1,0,2,4,2,4,2,-1,0.0
Q9NYH9,597.0,snoRNA,AlcoR,1,1,1,1,0,2,4,2,4,2,-1,0.0
P49588,968.0,tRNA,AlcoR,1,1,0,1,3,2,0,2,0,2,-1,0.0
O60563,726.0,ncRNA,AlcoR,1,1,1,1,1,2,1,2,1,2,-1,0.0
Q15185,160.0,ncRNA,AlcoR,1,1,1,1,0,2,4,2,4,2,-1,0.0
P49790,1475.0,diverse,AlcoR,1,1,1,1,1,2,1,2,1,2,-1,0.0
O15105,426.0,ncRNA,AlcoR,1,1,1,1,1,2,2,2,2,2,-1,0.0
Q9Y473,711.0,unknown,AlcoR,0,1,2,1,2,2,2,2,2,2,-1,0.0
O75113,896.0,unknown,AlcoR,0,1,0,1,3,2,3,2,5,2,-1,0.0
Q14562,1220.0,mRNA,AlcoR,0,2,0,3,3,4,3,4,3,4,-1,0.0
Q6P1Q9,378.0,tRNA,AlcoR,1,1,1,1,0,2,4,2,4,2,-1,0.0
Q8TDI0,1954.0,unknown,AlcoR,1,1,1,1,1,2,1,2,1,2,-1,0.0
Q6ZRS2,3230.0,unknown,AlcoR,1,2,0,3,0,4,3,5,3,6,-1,0.0
O15047,1707.0,ncRNA,AlcoR,1,1,1,1,0,2,4,2,4,2,-1,0.0
Q9UEG4,869.0,unknown,AlcoR,0,1,1,1,1,2,0,2,0,2,-1,0.0
O00418,725.0,mRNA,AlcoR,1,1,1,1,1,2,1,2,1,2,-1,0.0
Q86US8,1419.0,mRNA,AlcoR,0,1,0,1,0,2,4,2,5,2,-1,0.0
Q8WYQ5,773.0,ncRNA,AlcoR,0,1,2,1,2,2,0,2,0,2,-1,0.0
Q9NVP1,670.0,pre-rRNA,AlcoR,0,1,2,1,2,2,2,2,2,2,-1,0.0
Q8N5C6,995.0,unknown,AlcoR,0,1,1,1,1,2,0,2,0,2,-1,0.0
Q9P2K8,1649.0,tRNA,AlcoR,1,1,1,1,1,2,1,2,1,2,-1,0.0
Q9BSC4,688.0,pre-rRNA,AlcoR,1,1,1,1,0,2,4,2,4,2,-1,0.0
Q5FWF4,1079.0,unknown,AlcoR,1,1,1,1,1,2,1,2,1,2,-1,0.0
Q96RP9,751.0,mRNA,AlcoR,1,1,1,1,1,2,1,2,1,2,-1,0.0
Q9NXL6,827.0,ncRNA,AlcoR,0,1,2,1,2,2,2,2,2,2,-1,0.0
Q9UBK2,798.0,unknown,AlcoR,1,1,1,1,0,2,4,2,4,2,-1,0.0
Q96KR1,1074.0,unknown,AlcoR,0,1,2,1,2,2,0,2,0,2,-1,0.0
Q9P2N5,1060.0,mRNA,AlcoR,0,1,0,1,3,2,3,2,3,2,-1,0.0
Q9HAV4,1204.0,ncRNA,AlcoR,1,1,0,1,3,2,3,2,3,2,-1,0.0
O14981,1849.0,unknown,AlcoR,1,1,1,1,1,2,1,2,1,2,-1,0.0
O94906,941.0,snRNA,AlcoR,1,1,1,1,0,2,4,2,4,2,-1,0.0
P49770,351.0,mRNA,AlcoR,1,1,1,1,1,2,1,2,1,2,-1,0.0
Q5T8P6,1007.0,mRNA,AlcoR,0,1,2,1,2,2,0,2,0,2,-1,0.0
A7MD48,611.0,mRNA,AlcoR,0,1,2,1,2,2,2,2,2,2,-1,0.0
Q5VZF2,373.0,mRNA,AlcoR,0,1,2,1,2,2,2,2,2,2,-1,0.0
Q8IZP6,322.0,snRNA,AlcoR,0,1,2,1,2,2,2,2,2,2,-1,0.0
Q86U38,636.0,pre-rRNA,AlcoR,0,1,2,1,2,2,2,2,2,2,-1,0.0
A0A0A0MQW0,576.0,mRNA,AlcoR,0,1,2,1,2,2,2,2,2,2,-1,0.0
Q8NCV1,583.0,mRNA,AlcoR,0,1,2,1,2,2,0,2,0,2,-1,0.0
Q9ULX3,412.0,pre-rRNA,AlcoR,0,1,1,1,1,2,0,2,0,2,-1,0.0
Q9H0W8,520.0,mRNA,AlcoR,1,1,1,1,1,2,1,2,1,2,-1,0.0
Q9HC10,1997.0,unknown,AlcoR,0,1,0,1,3,2,3,2,3,2,-1,0.0
P82675,430.0,ribosomal protein,AlcoR,1,1,1,1,0,2,4,2,4,2,-1,0.0
Q8WTS6,366.0,ncRNA,AlcoR,1,1,1,1,1,2,1,2,1,2,-1,0.0
Q96HR8,494.0,snoRNA,AlcoR,1,1,1,1,1,2,1,2,1,2,-1,0.0
Q96H79,300.0,unknown,AlcoR,1,1,1,1,1,2,1,2,1,2,-1,0.0
Q9NZB2,1118.0,mRNA,AlcoR,1,1,1,1,1,2,1,2,1,2,-1,0.0
P49589,748.0,tRNA,AlcoR,1,1,0,1,3,2,3,2,3,2,-1,0.0
Q9C0D7,883.0,unknown,AlcoR,1,1,1,1,0,2,4,2,4,2,-1,0.0
Q13405,166.0,ribosomal protein,AlcoR,0,1,0,1,3,2,0,2,0,2,-1,0.0
Q53EL6,469.0,mRNA,AlcoR,0,1,0,1,3,2,3,2,3,2,-1,0.0
Q9UK39,431.0,mRNA,AlcoR,1,1,1,1,1,2,1,2,1,2,-1,0.0
Q8IZD4,617.0,mRNA,AlcoR,0,1,2,1,2,2,2,2,2,2,-1,0.0
Q8N442,669.0,mRNA,AlcoR,1,1,1,1,0,2,4,2,4,2,-1,0.0
Q5W0B1,726.0,unknown,AlcoR,1,1,1,1,1,2,1,2,1,2,-1,0.0
Q5T200,1668.0,unknown,AlcoR,1,1,1,1,0,1,4,1,4,1,-1,0.0
Q96GW9,593.0,tRNA,AlcoR,1,1,1,1,1,2,1,2,1,2,-1,0.0
P49792,3224.0,mRNA,AlcoR,1,1,1,1,1,2,0,2,0,2,-1,0.0
Q68D06,897.0,tRNA,AlcoR,1,1,1,1,1,2,1,2,1,2,-1,0.0
Q8TEQ6,1508.0,snRNA,AlcoR,1,1,1,1,1,2,1,2,1,2,-1,0.0
O95104,1147.0,mRNA,AlcoR,1,1,1,1,1,2,1,2,1,2,-1,0.0
O43541,496.0,ncRNA,AlcoR,1,1,1,1,1,2,1,2,1,2,-1,0.0
Q9NRX2,175.0,ribosomal protein,AlcoR,0,1,1,1,1,2,0,2,0,2,-1,0.0
O60841,1220.0,tRNA,AlcoR,1,1,1,1,0,2,4,2,4,2,-1,0.0
Q14974,876.0,mRNA,AlcoR,0,1,0,1,3,2,0,2,5,2,-1,0.0
Q5SZQ8,465.0,mRNA,AlcoR,1,1,1,1,1,2,0,2,0,2,-1,0.0
Q9HC44,474.0,unknown,AlcoR,0,1,0,1,3,2,0,2,0,2,-1,0.0
Q9NP77,194.0,mRNA,AlcoR,0,1,2,1,2,2,1,2,1,2,-1,0.0
Q15269,919.0,snoRNA,AlcoR,0,1,2,1,2,2,0,2,5,2,-1,0.0
Q15424,915.0,mRNA,AlcoR,0,1,2,1,0,2,4,2,5,2,-1,0.0
P25311,298.0,unknown,AlcoR,1,1,1,1,1,2,1,2,1,2,-1,0.0
Q9NQ29,371.0,mRNA,AlcoR,0,1,2,1,2,2,2,2,2,2,-1,0.0
Q9UBU9,619.0,mRNA,AlcoR,0,1,2,1,2,2,0,2,0,2,-1,0.0
Q9HCJ3,691.0,mRNA,AlcoR,0,1,0,1,3,2,3,2,3,2,-1,0.0
O14979,420.0,mRNA,AlcoR,0,1,2,1,2,2,2,2,2,2,-1,0.0
Q8TDG4,1101.0,unknown,AlcoR,1,1,1,1,1,2,1,2,1,2,-1,0.0
O14776,1098.0,mRNA,AlcoR,1,1,1,1,1,2,1,2,1,2,-1,0.0
O15455,904.0,ncRNA,AlcoR,1,1,2,1,2,2,2,2,2,2,-1,0.0
A0A0A0MQZ6,189.0,pre-rRNA,AlcoR,0,1,2,1,2,2,2,2,2,2,-1,0.0
O95391,586.0,mRNA,AlcoR,0,1,2,1,2,2,2,2,2,2,-1,0.0
O94913,1555.0,mRNA,AlcoR,1,1,1,1,1,2,0,2,0,2,-1,0.0
Q8WWH5,349.0,tRNA,AlcoR,1,1,1,1,1,2,1,2,1,2,-1,0.0
Q9P2I0,782.0,mRNA,AlcoR,1,1,1,1,1,2,1,2,1,2,-1,0.0
Q7Z3Z4,852.0,ncRNA,AlcoR,1,1,0,1,3,2,3,2,3,2,-1,0.0
H0Y2Q1,191.0,tRNA,AlcoR,0,1,0,1,3,2,3,2,3,2,-1,0.0
Q9BRS8,491.0,mRNA,AlcoR,0,1,2,1,2,2,3,2,5,2,-1,0.0
P15918,1043.0,unknown,AlcoR,1,1,1,1,0,2,4,2,4,2,-1,0.0
Q08AF3,891.0,unknown,AlcoR,1,1,1,1,0,2,4,2,4,2,-1,0.0
Q6ZRY4,209.0,mRNA,AlcoR,0,1,2,1,2,2,0,2,0,2,-1,0.0
Q93091,150.0,diverse,AlcoR,1,1,1,1,1,2,1,2,1,2,-1,0.0
A0A499FIA3,238.0,unknown,AlcoR,1,1,1,1,1,2,1,2,1,2,-1,0.0
P17480,764.0,pre-rRNA,AlcoR,1,1,1,1,0,2,4,2,4,2,-1,0.0
Q96QU8,1125.0,mRNA,AlcoR,1,1,0,1,3,2,3,2,3,2,-1,0.0
Q9BXU2,312.0,mRNA,AlcoR,1,1,1,1,1,2,1,2,1,2,-1,0.0
P17039,623.0,unknown,AlcoR,0,1,2,1,2,2,0,2,0,2,-1,0.0
Q15393,1217.0,mRNA,AlcoR,0,1,2,1,2,2,0,2,0,2,-1,0.0
Q16637,294.0,snRNA,AlcoR,0,1,2,1,2,2,2,2,2,2,-1,0.0
Q9HC36,420.0,pre-rRNA,AlcoR,0,1,0,1,3,2,3,2,3,2,-1,0.0
Q96AZ6,181.0,ncRNA,AlcoR,0,1,2,1,2,2,0,2,0,2,-1,0.0
Q9NZJ5,1116.0,mRNA,AlcoR,0,1,2,1,2,2,2,2,2,2,-1,0.0
P13639,858.0,tRNA,AlcoR,0,1,1,1,1,2,0,2,0,2,-1,0.0
F5H0R1,912.0,snRNA,AlcoR,1,1,1,1,1,2,0,2,0,2,-1,0.0
Q9UNX4,943.0,snoRNA,AlcoR,0,1,1,1,0,2,3,2,5,2,-1,0.0
Q6L8Q7,609.0,mRNA,AlcoR,1,1,0,1,3,2,3,2,3,2,-1,0.0
O14746,1132.0,ncRNA,AlcoR,0,1,2,1,2,2,0,2,0,2,-1,0.0
Q32MZ4,808.0,ncRNA,AlcoR,0,1,2,1,2,2,1,2,1,2,-1,0.0
Q9UL03,887.0,snRNA,AlcoR,1,1,1,1,1,2,1,2,1,2,-1,0.0
Q9BUQ8,820.0,snRNA,AlcoR,0,1,2,1,2,2,0,2,0,2,-1,0.0
Q9BQC6,102.0,ribosomal protein,AlcoR,0,1,2,1,2,2,2,2,2,2,-1,0.0
O15446,510.0,pre-rRNA,AlcoR,0,1,2,1,0,2,4,2,5,2,-1,0.0
Q8IY37,1157.0,snoRNA,AlcoR,1,1,1,1,0,2,4,2,4,2,-1,0.0
Q96PK6,669.0,mRNA,AlcoR,1,1,1,1,1,2,1,2,1,2,-1,0.0
Q96G46,650.0,tRNA,AlcoR,1,1,0,1,0,2,4,2,4,2,-1,0.0
Q00341,1268.0,mRNA,AlcoR,0,1,1,1,1,2,0,2,0,2,-1,0.0
Q9UHB9,627.0,ncRNA,AlcoR,1,1,1,1,0,2,4,2,4,2,-1,0.0
Q8N5Y2,521.0,ncRNA,AlcoR,1,1,1,1,0,2,4,2,4,2,-1,0.0
Q9H2W6,279.0,ribosomal protein,AlcoR,1,1,1,1,1,2,0,2,0,2,-1,0.0
Q86YN6,1023.0,unknown,AlcoR,1,1,1,1,0,2,4,2,4,2,-1,0.0
Q969Y2,492.0,tRNA,AlcoR,0,1,0,1,3,2,0,2,5,2,-1,0.0
Q07666,443.0,mRNA,AlcoR,0,1,2,1,2,2,2,2,2,2,-1,0.0
P43897,325.0,mRNA,AlcoR,0,1,2,1,2,2,2,2,2,2,-1,0.0
Q13064,507.0,mRNA,AlcoR,1,1,1,1,1,2,1,2,1,2,-1,0.0
A0A384DVK4,778.0,unknown,AlcoR,1,1,1,1,1,2,1,2,1,2,-1,0.0
Q9UBP6,276.0,tRNA,AlcoR,1,1,1,1,1,2,1,2,1,2,-1,0.0
P78317,190.0,unknown,AlcoR,1,1,1,1,1,2,1,2,1,2,-1,0.0
Q92665,395.0,ribosomal protein,AlcoR,0,1,2,1,2,2,2,2,5,2,-1,0.0
Q9NPD3,245.0,diverse,AlcoR,0,1,2,1,2,2,2,2,2,2,-1,0.0
Q12996,717.0,mRNA,AlcoR,0,1,2,1,2,2,2,2,2,2,-1,0.0
Q13151,305.0,mRNA,AlcoR,0,1,2,1,2,2,2,2,2,2,-1,0.0
Q5ST30,1063.0,tRNA,AlcoR,0,1,2,1,2,2,0,2,0,2,-1,0.0
O95363,451.0,tRNA,AlcoR,0,1,1,1,1,2,0,2,0,2,-1,0.0
O75643,2136.0,snRNA,AlcoR,1,1,1,1,1,2,1,2,1,2,-1,0.0
Q8N2A8,252.0,ncRNA,AlcoR,1,1,1,1,1,2,1,2,1,2,-1,0.0
P82912,194.0,ribosomal protein,AlcoR,1,1,1,1,1,2,1,2,1,2,-1,0.0
O94762,991.0,unknown,AlcoR,0,1,2,1,2,2,2,2,2,2,-1,0.0
Q7Z6E9,1792.0,mRNA,AlcoR,1,1,0,1,3,2,3,2,3,2,-1,0.0
O75818,363.0,ncRNA,AlcoR,1,1,1,1,1,2,1,2,1,2,-1,0.0
Q9Y265,456.0,mRNA,AlcoR,1,1,1,1,1,2,1,2,1,2,-1,0.0
Q96E39,390.0,mRNA,AlcoR,0,1,2,1,2,2,2,2,2,2,-1,0.0
P16383,781.0,mRNA,AlcoR,1,1,1,1,1,2,1,2,1,2,-1,0.0
Q8NC26,417.0,unknown,AlcoR,1,1,1,1,0,2,4,2,4,2,-1,0.0
Q7KZ85,1726.0,mRNA,AlcoR,1,1,1,1,1,2,1,2,1,2,-1,0.0
Q9Y6M1,599.0,mRNA,AlcoR,1,1,1,1,1,2,1,2,1,2,-1,0.0
P57678,1058.0,snRNA,AlcoR,1,1,1,1,1,2,1,2,1,2,-1,0.0
Q8TF46,1054.0,diverse,AlcoR,0,1,2,1,2,2,2,2,2,2,-1,0.0
P49411,455.0,mRNA,AlcoR,0,1,0,1,3,2,0,2,0,2,-1,0.0
Q07864,2286.0,unknown,AlcoR,1,1,1,1,1,2,1,2,1,2,-1,0.0
Q9H9L3,353.0,pre-rRNA,AlcoR,1,1,1,1,1,2,1,2,1,2,-1,0.0
Q8TDD1,881.0,pre-rRNA,AlcoR,0,1,2,1,2,2,2,2,2,2,-1,0.0
Q14258,630.0,mRNA,AlcoR,1,1,1,1,1,2,1,2,1,2,-1,0.0
Q96MX3,618.0,unknown,AlcoR,1,1,1,1,1,2,0,2,0,2,-1,0.0
Q7Z7H8,261.0,ribosomal protein,AlcoR,1,1,1,1,0,2,4,2,4,2,-1,0.0
Q8WWY3,499.0,snRNA,AlcoR,1,1,1,1,1,2,1,2,1,2,-1,0.0
P62875,67.0,mRNA,AlcoR,1,1,1,1,1,2,0,2,0,2,-1,0.0
P52272,730.0,mRNA,AlcoR,0,1,1,1,1,2,0,2,0,2,-1,0.0
Q8NDV7,1962.0,mRNA,AlcoR,1,1,1,1,0,2,4,2,4,2,-1,0.0
Q6P9B9,1019.0,snRNA,AlcoR,1,1,1,1,1,2,0,2,0,2,-1,0.0
Q9NRA8,985.0,mRNA,AlcoR,0,1,1,1,0,2,4,2,4,2,-1,0.0
Q9UBC3,853.0,diverse,AlcoR,0,1,1,1,1,2,1,2,1,2,-1,0.0
O94992,359.0,ncRNA,AlcoR,0,1,0,1,0,2,4,2,5,2,-1,0.0
Q9UJV9,622.0,mRNA,AlcoR,0,1,0,1,3,2,3,2,3,2,-1,0.0
Q6GMV3,140.0,tRNA,AlcoR,0,1,2,1,2,2,0,2,0,2,-1,0.0
Q5T1V6,619.0,mRNA,AlcoR,0,1,0,1,3,2,3,2,3,2,-1,0.0
B0QYK0,618.0,mRNA,AlcoR,0,1,2,1,2,2,0,2,0,2,-1,0.0
Q6ZSC3,357.0,mRNA,AlcoR,1,1,1,1,1,2,1,2,1,2,-1,0.0
P26641,437.0,tRNA,AlcoR,0,1,2,1,2,2,0,2,0,2,-1,0.0
Q14147,1143.0,mRNA,AlcoR,1,1,0,1,3,2,3,2,3,2,-1,0.0
P84022,425.0,ncRNA,AlcoR,1,1,1,1,1,2,1,2,1,2,-1,0.0
Q71DI3,136.0,unknown,AlcoR,1,1,1,1,1,2,1,2,1,2,-1,0.0
Q9NQ50,206.0,ribosomal protein,AlcoR,1,1,1,1,0,2,4,2,4,2,-1,0.0
F8W6I7,307.0,mRNA,AlcoR,0,1,0,1,3,2,3,2,3,2,-1,0.0
P52815,198.0,ribosomal protein,AlcoR,0,1,0,1,3,2,0,2,0,2,-1,0.0
Q7Z4G4,463.0,tRNA,AlcoR,1,1,1,1,1,2,1,2,1,2,-1,0.0
Q86XU0,584.0,unknown,AlcoR,0,1,2,1,2,2,0,2,0,2,-1,0.0
Q8WXA9,508.0,mRNA,AlcoR,0,1,0,1,3,1,3,1,3,1,-1,0.0
Q2NKX8,1250.0,unknown,AlcoR,1,1,1,1,1,2,1,2,1,2,-1,0.0
Q6PKG0,1096.0,mRNA,AlcoR,0,1,0,1,3,2,0,2,0,2,-1,0.0
O15523,660.0,mRNA,AlcoR,1,1,1,1,0,2,4,2,4,2,-1,0.0
O43143,795.0,mRNA,AlcoR,0,2,0,3,3,4,3,4,3,4,-1,0.0
Q13523,1007.0,snRNA,AlcoR,1,1,1,1,1,2,1,2,1,2,-1,0.0
P82979,210.0,mRNA,AlcoR,0,1,1,1,0,2,4,2,4,2,-1,0.0
Q9NQM4,214.0,unknown,AlcoR,1,1,1,1,1,2,1,2,1,2,-1,0.0
A2RTX5,802.0,tRNA,AlcoR,0,1,0,1,3,2,0,2,0,2,-1,0.0
P52597,415.0,mRNA,AlcoR,1,1,1,1,1,2,0,2,0,2,-1,0.0
Q9NVN8,582.0,pre-rRNA,AlcoR,0,1,0,1,3,2,3,2,3,2,-1,0.0
P68104,462.0,tRNA,AlcoR,0,1,0,1,3,2,0,2,0,2,-1,0.0
Q9Y388,322.0,mRNA,AlcoR,1,1,1,1,0,1,4,1,4,1,-1,0.0
Q14684,758.0,pre-rRNA,AlcoR,0,1,0,1,3,2,3,2,5,2,-1,0.0
Q86U06,439.0,mRNA,AlcoR,0,1,2,1,2,2,2,2,2,2,-1,0.0
Q9BV44,507.0,tRNA,AlcoR,0,1,2,1,2,2,2,2,2,2,-1,0.0
Q6IEG0,339.0,snRNA,AlcoR,0,1,2,1,2,2,2,2,2,2,-1,0.0
Q8TBZ8,553.0,unknown,AlcoR,0,1,2,1,2,2,2,2,2,2,-1,0.0
Q17RN3,349.0,unknown,AlcoR,1,1,1,1,1,2,1,2,1,2,-1,0.0
P51508,661.0,unknown,AlcoR,1,1,1,1,1,2,1,2,1,2,-1,0.0
P35789,620.0,unknown,AlcoR,1,1,1,1,0,2,4,2,4,2,-1,0.0
P62316,118.0,snRNA,AlcoR,1,1,1,1,1,2,1,2,1,2,-1,0.0
H7BXY3,1166.0,mRNA,AlcoR,1,1,1,1,0,2,4,2,4,2,-1,0.0
Q04637,1599.0,mRNA,AlcoR,0,1,2,1,2,2,0,2,0,2,-1,0.0
Q9UPY3,1922.0,ncRNA,AlcoR,0,1,2,1,2,2,0,2,0,2,-1,0.0
P49761,490.0,mRNA,AlcoR,0,1,2,1,2,2,2,2,2,2,-1,0.0
Q7KZF4,910.0,mRNA,AlcoR,0,1,2,1,2,2,2,2,2,2,-1,0.0
Q9HAU5,1272.0,mRNA,AlcoR,0,1,2,1,2,2,0,2,0,2,-1,0.0
J3KP02,692.0,unknown,AlcoR,1,1,1,1,0,2,4,2,4,2,-1,0.0
Q14204,4646.0,mRNA,AlcoR,1,1,1,1,1,2,1,2,1,2,-1,0.0
P18583,2426.0,mRNA,AlcoR,1,1,1,1,0,2,4,2,4,2,-1,0.0
P26599,557.0,mRNA,AlcoR,1,1,0,1,3,2,0,2,0,2,-1,0.0
O75437,659.0,unknown,AlcoR,0,1,0,1,3,2,0,2,0,2,-1,0.0
Q6NZI2,390.0,pre-rRNA,AlcoR,1,1,1,1,0,2,4,2,4,2,-1,0.0
O95985,862.0,mRNA,AlcoR,1,1,1,1,1,2,1,2,1,2,-1,0.0
O00410,1097.0,mRNA,AlcoR,1,1,1,1,1,2,0,2,0,2,-1,0.0
P49642,420.0,diverse,AlcoR,1,1,1,1,1,2,1,2,1,2,-1,0.0
Q9UL40,294.0,unknown,AlcoR,0,1,2,1,2,2,0,2,0,2,-1,0.0
Q9HCS7,855.0,mRNA,AlcoR,1,1,1,1,1,2,1,2,1,2,-1,0.0
Q92879,486.0,mRNA,AlcoR,0,1,2,1,2,2,0,2,0,2,-1,0.0
Q6P2E9,1401.0,mRNA,AlcoR,1,1,1,1,1,2,1,2,1,2,-1,0.0
Q9H4L7,1026.0,unknown,AlcoR,0,1,2,1,2,2,2,2,5,2,-1,0.0
Q9UGY1,213.0,pre-rRNA,AlcoR,0,1,2,1,2,2,0,2,0,2,-1,0.0
B0QYY4,370.0,mRNA,AlcoR,1,1,1,1,1,2,1,2,1,2,-1,0.0
Q7Z2Z2,1120.0,tRNA,AlcoR,1,1,0,1,3,2,3,2,3,2,-1,0.0
P26358,1616.0,ncRNA,AlcoR,1,1,1,1,1,2,1,2,1,2,-1,0.0
Q9NV66,732.0,tRNA,AlcoR,1,1,1,1,0,2,4,2,4,2,-1,0.0
Q9NTZ6,932.0,mRNA,AlcoR,1,1,0,1,3,2,0,2,0,2,-1,0.0
Q9H7N4,1312.0,mRNA,AlcoR,1,1,1,1,1,2,1,2,1,2,-1,0.0
Q96P70,1041.0,mRNA,AlcoR,0,1,0,1,3,2,3,2,3,2,-1,0.0
Q5T280,376.0,unknown,AlcoR,0,1,1,1,1,2,0,2,0,2,-1,0.0
P49760,499.0,mRNA,AlcoR,0,1,2,1,2,2,2,2,2,2,-1,0.0
Q12905,390.0,mRNA,AlcoR,0,1,2,1,2,2,2,2,2,2,-1,0.0
Q86Y13,1208.0,mRNA,AlcoR,0,1,1,1,1,2,1,2,1,2,-1,0.0
P62891,51.0,ribosomal protein,AlcoR,0,1,2,1,2,2,0,2,0,2,-1,0.0
Q9NVH2,962.0,snRNA,AlcoR,1,1,1,1,1,2,1,2,1,2,-1,0.0
Q9UPN6,1271.0,mRNA,AlcoR,1,1,1,1,0,2,4,2,4,2,-1,0.0
Q08211,1270.0,ncRNA,AlcoR,1,1,1,1,0,2,4,2,4,2,-1,0.0
Q9NR48,2969.0,ncRNA,AlcoR,1,1,1,1,1,2,1,2,1,2,-1,0.0
Q9Y2W6,561.0,ncRNA,AlcoR,0,1,2,1,2,2,2,2,2,2,-1,0.0
Q9BYD2,267.0,ribosomal protein,AlcoR,0,1,2,1,2,2,2,2,2,2,-1,0.0
Q5JPI9,236.0,tRNA,AlcoR,0,1,2,1,2,2,2,2,2,2,-1,0.0
Q8IV42,348.0,tRNA,AlcoR,1,1,1,1,1,2,1,2,1,2,-1,0.0
Q14152,1382.0,mRNA,AlcoR,0,1,2,1,0,2,4,2,4,2,-1,0.0
O94874,794.0,unknown,AlcoR,0,1,1,1,1,2,1,2,1,2,-1,0.0
Q9UNY4,1162.0,mRNA,AlcoR,0,1,2,1,2,2,0,2,0,2,-1,0.0
Q5T481,1227.0,mRNA,AlcoR,1,1,1,1,1,2,1,2,1,2,-1,0.0
O60506,623.0,mRNA,AlcoR,0,1,1,1,1,2,0,2,5,2,-1,0.0
Q9UHI6,824.0,snRNA,AlcoR,1,1,1,1,1,2,1,2,1,2,-1,0.0
Q96IP4,442.0,unknown,AlcoR,0,1,1,1,1,2,0,2,0,2,-1,0.0
Q9H668,368.0,unknown,AlcoR,1,1,1,1,1,2,1,2,1,2,-1,0.0
Q14690,1871.0,snoRNA,AlcoR,1,1,1,1,1,2,1,2,1,2,-1,0.0
Q5T5C7,536.0,tRNA,AlcoR,0,1,1,1,1,2,0,2,0,2,-1,0.0
A0A0A0MRM9,708.0,snoRNA,AlcoR,0,1,0,1,0,2,3,2,3,2,-1,0.0
X6R7H2,631.0,mRNA,AlcoR,1,1,1,1,1,1,3,1,3,1,-1,0.0
Q5T8I9,393.0,ncRNA,AlcoR,1,1,1,1,1,2,1,2,1,2,-1,0.0
O00442,366.0,tRNA,AlcoR,1,1,1,1,1,2,1,2,1,2,-1,0.0
Q9UKA9,531.0,mRNA,AlcoR,1,1,1,1,1,2,0,2,0,2,-1,0.0
Q9NXZ2,648.0,mRNA,AlcoR,1,1,1,1,1,2,1,2,1,2,-1,0.0
Q4VXA5,237.0,mRNA,AlcoR,1,1,1,1,1,2,1,2,1,2,-1,0.0
Q5JSQ8,128.0,mRNA,AlcoR,1,1,1,1,1,2,1,2,1,2,-1,0.0
A2PYH4,1435.0,unknown,AlcoR,0,1,0,1,3,2,0,2,5,2,-1,0.0
Q06787,632.0,mRNA,AlcoR,0,1,2,1,2,2,0,2,0,2,-1,0.0
Q16206,610.0,mRNA,AlcoR,1,1,1,1,1,2,1,2,1,2,-1,0.0
Q8NC51,408.0,mRNA,AlcoR,0,1,2,1,0,2,4,2,4,2,-1,0.0
O15541,343.0,snRNA,AlcoR,1,1,1,1,0,2,4,2,4,2,-1,0.0
Q99459,802.0,mRNA,AlcoR,0,1,2,1,2,2,0,2,0,2,-1,0.0
Q9Y399,296.0,ribosomal protein,AlcoR,0,1,0,1,3,2,3,2,3,2,-1,0.0
Q13325,482.0,tRNA,AlcoR,0,1,1,1,1,2,1,2,1,2,-1,0.0
P09914,478.0,ncRNA,AlcoR,1,1,1,1,1,2,1,2,1,2,-1,0.0
O14879,490.0,ncRNA,AlcoR,1,1,1,1,1,2,1,2,1,2,-1,0.0
P09913,472.0,ncRNA,AlcoR,0,1,1,1,1,2,1,2,1,2,-1,0.0
Q9GZR2,422.0,pre-rRNA,AlcoR,1,1,1,1,1,2,1,2,1,2,-1,0.0
Q6P1L8,145.0,ribosomal protein,AlcoR,1,1,1,1,1,2,1,2,1,2,-1,0.0
Q9NPJ8,142.0,mRNA,AlcoR,1,1,1,1,1,2,1,2,1,2,-1,0.0
Q9NVS2,196.0,ribosomal protein,AlcoR,0,1,2,1,2,2,3,2,3,2,-1,0.0
Q8N2G6,241.0,unknown,AlcoR,0,1,0,1,3,2,2,2,2,2,-1,0.0
O94829,963.0,mRNA,AlcoR,0,1,0,1,3,2,3,2,3,2,-1,0.0
A3KFL2,285.0,diverse,AlcoR,0,1,2,1,0,2,0,2,0,2,-1,0.0
Q96IZ5,413.0,mRNA,AlcoR,0,1,2,1,2,2,0,2,5,2,-1,0.0
Q9BR11,485.0,unknown,AlcoR,1,1,0,1,3,2,3,2,3,2,-1,0.0
P67809,324.0,mRNA,AlcoR,1,1,1,1,0,2,4,2,4,2,-1,0.0
Q14249,297.0,diverse,AlcoR,0,1,0,1,3,2,3,2,3,2,-1,0.0
Q9H3H1,467.0,tRNA,AlcoR,0,1,2,1,2,2,0,2,5,2,-1,0.0
Q13823,731.0,pre-rRNA,AlcoR,1,1,1,1,0,2,4,2,4,2,-1,0.0
Q9H9G7,860.0,ncRNA,AlcoR,0,1,0,1,3,2,3,2,3,2,-1,0.0
Q9UL18,857.0,ncRNA,AlcoR,1,1,0,1,3,2,1,2,1,2,-1,0.0
Q9HCK5,861.0,ncRNA,AlcoR,1,1,1,1,1,2,1,2,1,2,-1,0.0
P50750,372.0,ncRNA,AlcoR,1,1,2,1,2,2,2,2,2,2,-1,0.0
P46100,2492.0,unknown,AlcoR,1,1,1,1,1,2,1,2,1,2,-1,0.0
P54577,528.0,tRNA,AlcoR,0,1,1,1,1,2,0,2,0,2,-1,0.0
Q9BQ39,737.0,pre-rRNA,AlcoR,1,1,1,1,1,2,0,2,0,2,-1,0.0
P62701,263.0,ribosomal protein,AlcoR,1,1,1,1,1,2,0,2,0,2,-1,0.0
Q08170,494.0,mRNA,AlcoR,1,1,1,1,0,1,4,1,4,1,-1,0.0
Q9NX07,287.0,tRNA,AlcoR,0,1,2,1,2,2,0,2,0,2,-1,0.0
Q09161,790.0,mRNA,AlcoR,1,1,1,1,1,2,1,2,1,2,-1,0.0
Q9NX05,1096.0,unknown,AlcoR,1,1,1,1,1,2,1,2,1,2,-1,0.0
Q9H1J1,476.0,mRNA,AlcoR,0,1,1,1,0,2,4,2,4,2,-1,0.0
Q96T58,3664.0,mRNA,AlcoR,0,1,2,1,0,2,0,2,5,2,-1,0.0
Q5VYS8,1495.0,ncRNA,AlcoR,1,1,1,1,1,2,1,2,1,2,-1,0.0
Q8TEA1,469.0,unknown,AlcoR,1,1,1,1,1,2,1,2,1,2,-1,0.0
Q9H4T2,348.0,unknown,AlcoR,1,1,1,1,1,2,1,2,1,2,-1,0.0
P22314,1058.0,mRNA,AlcoR,1,1,1,1,1,2,1,2,1,2,-1,0.0
Q9Y2L1,958.0,diverse,AlcoR,1,1,1,1,0,2,4,2,4,2,-1,0.0
Q9P2E9,1410.0,mRNA,AlcoR,1,1,1,1,1,2,1,2,1,2,-1,0.0
Q5VUC9,145.0,ncRNA,AlcoR,1,1,1,1,1,2,1,2,1,2,-1,0.0
Q8N1G4,583.0,unknown,AlcoR,0,1,1,1,1,2,1,2,5,2,-1,0.0
Q99633,342.0,mRNA,AlcoR,0,1,0,1,3,2,0,2,0,2,-1,0.0
O60293,1989.0,unknown,AlcoR,1,1,1,1,1,2,1,2,1,2,-1,0.0
P51843,470.0,mRNA,AlcoR,1,1,1,1,1,2,1,2,1,2,-1,0.0
Q9UHK0,495.0,snoRNA,AlcoR,0,1,1,1,1,2,0,2,0,2,-1,0.0
Q5T6F2,1119.0,mRNA,AlcoR,1,1,1,1,1,2,1,2,1,2,-1,0.0
Q9BRS2,568.0,pre-rRNA,AlcoR,0,1,2,1,2,2,2,2,2,2,-1,0.0
P62753,249.0,ribosomal protein,AlcoR,1,1,1,1,0,2,4,2,4,2,-1,0.0
Q9H5H4,540.0,unknown,AlcoR,1,1,1,1,1,2,1,2,1,2,-1,0.0
O75475,530.0,mRNA,AlcoR,0,1,1,1,0,2,4,2,4,2,-1,0.0
Q16594,264.0,snoRNA,AlcoR,1,1,2,1,2,2,2,2,2,2,-1,0.0
J3KPI1,630.0,mRNA,AlcoR,0,1,0,1,3,2,3,2,3,2,-1,0.0
Q58A45,887.0,mRNA,AlcoR,0,1,2,1,2,2,2,2,5,2,-1,0.0
O75648,421.0,tRNA,AlcoR,0,1,2,1,2,2,0,2,0,2,-1,0.0
Q6UX04,472.0,mRNA,AlcoR,0,1,2,1,0,2,4,2,4,2,-1,0.0
O96006,694.0,unknown,AlcoR,0,1,2,1,2,2,0,2,0,2,-1,0.0
Q9NS39,739.0,mRNA,AlcoR,1,1,1,1,1,2,1,2,1,2,-1,0.0
P62995,288.0,mRNA,AlcoR,0,1,2,1,2,2,2,2,2,2,-1,0.0
Q9NR90,486.0,mRNA,AlcoR,0,1,2,1,2,2,0,2,0,2,-1,0.0
A0A5K1VW79,999.0,mRNA,AlcoR,0,1,2,1,2,2,0,2,0,2,-1,0.0
P46087,812.0,pre-rRNA,AlcoR,0,1,2,1,2,2,2,2,2,2,-1,0.0
Q9P2P1,1898.0,unknown,AlcoR,1,1,1,1,1,2,1,2,1,2,-1,0.0
O60287,2271.0,pre-rRNA,AlcoR,1,1,1,1,1,2,3,2,3,2,-1,0.0
O43148,476.0,mRNA,AlcoR,0,1,1,1,1,2,0,2,0,2,-1,0.0
A0A140T8Y2,407.0,pre-rRNA,AlcoR,1,1,1,1,1,2,1,2,1,2,-1,0.0
Q96M93,576.0,mRNA,AlcoR,0,1,1,1,1,2,0,2,0,2,-1,0.0
Q53F19,620.0,unknown,AlcoR,1,1,1,1,1,2,1,2,1,2,-1,0.0
A0A0A0MRZ1,733.0,unknown,AlcoR,1,1,1,1,0,2,4,2,4,2,-1,0.0
P41250,739.0,tRNA,AlcoR,0,2,0,3,3,4,3,4,3,4,-1,0.0
Q8N163,923.0,mRNA,AlcoR,1,1,0,1,3,2,3,2,3,2,-1,0.0
Q6ZN19,808.0,unknown,AlcoR,0,1,1,1,1,2,0,2,0,2,-1,0.0
Q96L91,3159.0,unknown,AlcoR,1,1,1,1,1,2,1,2,1,2,-1,0.0
Q8IYL2,757.0,tRNA,AlcoR,1,1,1,1,0,2,4,2,4,2,-1,0.0
A0A2U3TZN1,101.0,mRNA,AlcoR,0,1,0,1,3,2,0,2,0,2,-1,0.0
P40429,203.0,ribosomal protein,AlcoR,0,1,0,1,3,2,0,2,0,2,-1,0.0
Q7Z6M4,381.0,pre-rRNA,AlcoR,0,1,2,1,2,2,2,2,2,2,-1,0.0
Q9BUJ2,856.0,mRNA,AlcoR,0,1,2,1,2,2,0,2,0,2,-1,0.0
Q9UPU9,718.0,mRNA,AlcoR,1,1,1,1,1,2,1,2,1,2,-1,0.0
Q5MCW4,686.0,unknown,AlcoR,0,1,0,1,3,2,4,2,5,2,-1,0.0
Q9NYF8,920.0,mRNA,AlcoR,1,1,1,1,1,2,1,2,1,2,-1,0.0
Q66PJ3,237.0,mRNA,AlcoR,0,1,1,1,0,1,0,1,0,1,-1,0.0
Q13595,282.0,mRNA,AlcoR,0,1,1,1,1,2,0,2,0,2,-1,0.0
P29728,719.0,ncRNA,AlcoR,0,1,1,1,1,2,0,2,0,2,-1,0.0
Q9HD33,250.0,ribosomal protein,AlcoR,1,1,0,1,3,2,3,2,3,2,-1,0.0
P55010,431.0,mRNA,AlcoR,1,1,1,1,1,2,1,2,1,2,-1,0.0
Q9H0A6,362.0,unknown,AlcoR,1,1,1,1,1,2,1,2,1,2,-1,0.0
Q9UIF8,2168.0,ncRNA,AlcoR,1,1,1,1,0,2,4,2,4,2,-1,0.0
Q9Y291,106.0,ribosomal protein,AlcoR,0,1,2,1,2,2,2,2,2,2,-1,0.0
J3KPP4,489.0,mRNA,AlcoR,0,1,2,1,2,2,2,2,2,2,-1,0.0
Q9ULR0,285.0,mRNA,AlcoR,0,1,2,1,0,2,0,2,0,2,-1,0.0
Q6P2D0,407.0,unknown,AlcoR,0,1,2,1,2,2,0,2,0,2,-1,0.0
P31943,449.0,mRNA,AlcoR,0,1,2,1,2,2,2,2,2,2,-1,0.0
Q8TE96,717.0,mRNA,AlcoR,1,1,1,1,1,2,1,2,1,2,-1,0.0
Q9BVP2,549.0,pre-rRNA,AlcoR,1,1,1,1,1,2,1,2,1,2,-1,0.0
A8MXP9,895.0,mRNA,AlcoR,1,1,1,1,0,2,4,2,4,2,-1,0.0
Q8N9N2,400.0,unknown,AlcoR,0,1,2,1,2,2,0,2,0,2,-1,0.0
Q5T760,491.0,mRNA,AlcoR,0,1,2,1,2,2,2,2,2,2,-1,0.0
P51825,1210.0,mRNA,AlcoR,0,1,1,1,0,2,4,2,4,2,-1,0.0
Q99613,913.0,mRNA,AlcoR,1,1,0,1,3,2,3,2,3,2,-1,0.0
Q9P2E3,1918.0,unknown,AlcoR,0,1,0,1,3,2,3,2,3,2,-1,0.0
P50914,215.0,ribosomal protein,AlcoR,0,1,2,1,2,2,0,2,0,2,-1,0.0
Q9Y4F3,1742.0,ncRNA,AlcoR,1,1,1,1,0,2,4,2,4,2,-1,0.0
Q9BSV6,310.0,tRNA,AlcoR,1,1,1,1,0,2,4,2,4,2,-1,0.0
P62241,208.0,ribosomal protein,AlcoR,0,1,0,1,3,2,0,2,0,2,-1,0.0
Q9NUM4,274.0,unknown,AlcoR,1,1,1,1,1,2,1,2,1,2,-1,0.0
A0A5H1ZRQ2,731.0,mRNA,AlcoR,1,1,1,1,1,2,1,2,1,2,-1,0.0
Q8NEJ9,315.0,mRNA,AlcoR,0,1,1,1,1,2,0,2,0,2,-1,0.0
Q92945,711.0,mRNA,AlcoR,1,1,1,1,1,2,0,2,5,2,-1,0.0
P57081,412.0,tRNA,AlcoR,1,1,1,1,1,2,1,2,1,2,-1,0.0
Q9BRP8,204.0,mRNA,AlcoR,1,1,1,1,0,2,4,2,4,2,-1,0.0
Q3L8U1,2897.0,unknown,AlcoR,0,1,2,1,2,2,2,2,5,2,-1,0.0
Q8IXT5,1001.0,mRNA,AlcoR,1,1,1,1,0,2,4,2,4,2,-1,0.0
P57052,281.0,mRNA,AlcoR,0,1,1,1,1,2,0,2,0,2,-1,0.0
F8WDU6,201.0,tRNA,AlcoR,0,1,1,1,1,2,0,2,0,2,-1,0.0
Q15061,677.0,pre-rRNA,AlcoR,1,1,0,1,0,2,4,2,4,2,-1,0.0
B5MCY1,1934.0,unknown,AlcoR,0,1,0,1,3,2,0,2,0,2,-1,0.0
Q12906,894.0,mRNA,AlcoR,1,1,1,1,1,2,1,2,1,2,-1,0.0
Q9HC16,384.0,mRNA,AlcoR,0,1,2,1,2,2,0,2,0,2,-1,0.0
Q9BY44,585.0,tRNA,AlcoR,0,1,1,1,0,2,0,2,0,2,-1,0.0
Q8N201,2190.0,snRNA,AlcoR,1,1,1,1,1,2,1,2,1,2,-1,0.0
Q99575,1024.0,ncRNA,AlcoR,0,1,2,1,2,2,0,2,0,2,-1,0.0
G5E9G0,351.0,ribosomal protein,AlcoR,0,1,2,1,2,2,0,2,0,2,-1,0.0
Q8IZ13,594.0,unknown,AlcoR,0,1,2,1,2,2,0,2,0,2,-1,0.0
Q14966,1978.0,mRNA,AlcoR,0,1,2,1,0,2,0,2,0,2,-1,0.0
A0A7N4I394,994.0,snRNA,AlcoR,0,1,2,1,2,2,1,2,5,2,-1,0.0
Q9Y4B4,1467.0,unknown,AlcoR,1,1,1,1,0,2,4,2,4,2,-1,0.0
P61129,1189.0,unknown,AlcoR,1,1,1,1,1,2,3,2,3,2,-1,0.0
O75923,2080.0,unknown,AlcoR,1,1,1,1,1,2,3,2,3,2,-1,0.0
Q8NDG6,1382.0,ncRNA,AlcoR,1,1,1,1,1,2,1,2,1,2,-1,0.0
F6XMP4,155.0,mRNA,AlcoR,0,1,2,1,2,2,2,2,2,2,-1,0.0
P26639,723.0,tRNA,AlcoR,0,2,0,3,3,4,3,4,3,4,-1,0.0
E7EWR4,597.0,mRNA,AlcoR,1,1,1,1,1,2,1,2,1,2,-1,0.0
Q2VPK5,515.0,tRNA,AlcoR,1,1,1,1,1,2,1,2,1,2,-1,0.0
P62750,156.0,ribosomal protein,AlcoR,0,1,1,1,0,2,0,2,0,2,-1,0.0
P78346,268.0,ncRNA,AlcoR,1,1,1,1,1,2,1,2,1,2,-1,0.0
Q96QC0,940.0,unknown,AlcoR,1,1,1,1,0,2,4,2,4,2,-1,0.0
E7ENR5,236.0,snoRNA,AlcoR,0,1,2,1,2,2,0,2,0,2,-1,0.0
J3QT46,619.0,mRNA,AlcoR,0,1,0,1,3,2,3,2,3,2,-1,0.0
Q8NB42,609.0,unknown,AlcoR,0,1,2,1,2,2,2,2,5,2,-1,0.0
C9JGP4,144.0,diverse,AlcoR,0,1,2,1,0,2,4,2,4,2,-1,0.0
Q9H3J6,166.0,mRNA,AlcoR,0,1,2,1,2,2,2,2,2,2,-1,0.0
Q5T8Z2,184.0,unknown,AlcoR,0,1,2,1,2,2,2,2,2,2,-1,0.0
Q14576,367.0,mRNA,AlcoR,0,1,2,1,2,2,2,2,2,2,-1,0.0
Q5SZ64,190.0,mRNA,AlcoR,0,1,2,1,2,2,2,2,2,2,-1,0.0
O77932,396.0,diverse,AlcoR,0,1,2,1,2,2,0,2,0,2,-1,0.0
Q96LT9,517.0,snRNA,AlcoR,1,1,1,1,0,2,4,2,4,2,-1,0.0
Q9Y3F4,350.0,mRNA,AlcoR,1,1,1,1,1,2,1,2,1,2,-1,0.0
O00571,662.0,mRNA,AlcoR,0,1,0,1,3,2,3,2,3,2,-1,0.0
Q5TA45,600.0,mRNA,AlcoR,1,1,1,1,1,2,1,2,1,2,-1,0.0
X6RDA4,248.0,ncRNA,AlcoR,0,1,2,1,2,2,2,2,2,2,-1,0.0
Q96P11,429.0,pre-rRNA,AlcoR,1,1,1,1,0,2,4,2,4,2,-1,0.0
Q00839,825.0,mRNA,AlcoR,1,1,1,1,0,2,4,2,4,2,-1,0.0
P31944,242.0,unknown,AlcoR,0,1,2,1,2,2,2,2,2,2,-1,0.0
Q15366,365.0,mRNA,AlcoR,0,1,2,1,2,2,2,2,2,2,-1,0.0
Q96I27,306.0,unknown,AlcoR,0,1,2,1,2,2,0,2,0,2,-1,0.0
Q9UI10,523.0,mRNA,AlcoR,0,1,2,1,2,2,0,2,0,2,-1,0.0
Q7L2E3,1194.0,mRNA,AlcoR,0,1,2,1,2,2,2,2,2,2,-1,0.0
Q01085,375.0,mRNA,AlcoR,0,1,2,1,2,2,0,2,0,2,-1,0.0
Q6R2W3,1325.0,unknown,AlcoR,1,1,1,1,1,2,1,2,1,2,-1,0.0
C9JCE0,148.0,mRNA,AlcoR,1,1,1,1,0,2,4,2,4,2,-1,0.0
A2IDC7,194.0,ribosomal protein,AlcoR,1,1,1,1,1,2,1,2,1,2,-1,0.0
Q8IY81,847.0,pre-rRNA,AlcoR,1,1,1,1,0,2,4,2,4,2,-1,0.0
Q8NDF8,572.0,diverse,AlcoR,0,1,2,1,2,2,2,2,2,2,-1,0.0
O14787,897.0,mRNA,AlcoR,0,1,2,1,2,2,0,2,0,2,-1,0.0
Q6PIY7,484.0,mRNA,AlcoR,0,1,2,1,2,2,2,2,2,2,-1,0.0
P21128,410.0,snoRNA,AlcoR,1,1,1,1,1,2,1,2,1,2,-1,0.0
Q8NE35,698.0,mRNA,AlcoR,1,1,1,1,1,2,1,2,1,2,-1,0.0
A0A087WXN2,151.0,mRNA,AlcoR,1,1,1,1,1,2,1,2,1,2,-1,0.0
P32969,192.0,ribosomal protein,AlcoR,0,1,1,1,1,2,0,2,0,2,-1,0.0
Q53R41,847.0,mRNA,AlcoR,1,1,1,1,1,2,1,2,1,2,-1,0.0
P62304,92.0,snRNA,AlcoR,0,1,1,1,1,2,0,2,0,2,-1,0.0
Q8TCS8,783.0,diverse,AlcoR,0,1,2,1,0,2,0,2,5,2,-1,0.0
E7ERQ6,390.0,mRNA,AlcoR,1,1,1,1,1,2,0,2,0,2,-1,0.0
Q76FK4,1167.0,pre-rRNA,AlcoR,1,1,1,1,0,2,4,2,4,2,-1,0.0
C9JZ88,88.0,ribosomal protein,AlcoR,0,1,2,1,2,2,2,2,2,2,-1,0.0
E9PE17,129.0,ribosomal protein,AlcoR,0,1,2,1,2,2,0,2,0,2,-1,0.0
A0A0A0MSS9,486.0,mRNA,AlcoR,1,1,1,1,1,2,1,2,1,2,-1,0.0
O75460,977.0,mRNA,AlcoR,1,1,1,1,1,2,1,2,1,2,-1,0.0
D4PHA4,493.0,unknown,AlcoR,0,1,2,1,2,2,2,2,2,2,-1,0.0
Q96Q15,3661.0,mRNA,AlcoR,1,1,1,1,1,2,1,2,1,2,-1,0.0
P62269,152.0,ribosomal protein,AlcoR,0,1,2,1,2,2,2,2,2,2,-1,0.0
B1AHC9,559.0,mRNA,AlcoR,1,1,1,1,1,2,1,2,1,2,-1,0.0
Q96K58,619.0,unknown,AlcoR,0,1,2,1,2,2,2,2,2,2,-1,0.0
H0Y6A1,361.0,mRNA,AlcoR,0,1,2,1,2,2,2,2,2,2,-1,0.0
A0A0A0MSV7,84.0,mRNA,AlcoR,1,1,1,1,1,2,1,2,1,2,-1,0.0
P78316,857.0,pre-rRNA,AlcoR,1,1,1,1,0,2,4,2,4,2,-1,0.0
Q7L775,607.0,unknown,AlcoR,1,1,1,1,0,2,4,2,4,2,-1,0.0
Q8NAT2,981.0,ncRNA,AlcoR,0,1,0,1,3,2,3,2,3,2,-1,0.0
P41252,1262.0,tRNA,AlcoR,0,1,2,1,2,2,0,2,0,2,-1,0.0
A0A0A0MSN9,333.0,mRNA,AlcoR,0,1,0,1,3,1,3,1,3,1,-1,0.0
P15170,499.0,mRNA,AlcoR,0,1,2,1,2,2,0,2,0,2,-1,0.0
P51991,378.0,mRNA,AlcoR,0,1,2,1,2,2,2,2,2,2,-1,0.0
A6NDY0,278.0,mRNA,AlcoR,0,1,2,1,2,2,2,2,2,2,-1,0.0
Q9H633,154.0,ncRNA,AlcoR,0,1,2,1,2,2,2,2,2,2,-1,0.0
Q96H35,190.0,mRNA,AlcoR,0,1,2,1,2,2,2,2,2,2,-1,0.0
A0A7I2XXS4,543.0,tRNA,AlcoR,1,1,1,1,0,2,4,2,4,2,-1,0.0
Q13428,1488.0,pre-rRNA,AlcoR,1,1,1,1,1,2,1,2,1,2,-1,0.0
E7ESC6,1088.0,mRNA,AlcoR,0,1,0,1,3,2,3,2,3,2,-1,0.0
Q9P1Y6,1649.0,mRNA,AlcoR,1,1,1,1,0,2,4,2,4,2,-1,0.0
P62633,177.0,mRNA,AlcoR,0,1,2,1,2,2,2,2,2,2,-1,0.0
P08865,295.0,ribosomal protein,AlcoR,0,1,2,1,2,2,2,2,2,2,-1,0.0
Q5QJE6,756.0,pre-rRNA,AlcoR,1,1,1,1,0,2,4,2,4,2,-1,0.0
Q8TCP9,573.0,unknown,AlcoR,0,1,0,1,3,2,0,2,0,2,-1,0.0
Q9HBD1,1191.0,mRNA,AlcoR,1,1,1,1,1,2,1,2,1,2,-1,0.0
Q15477,1246.0,mRNA,AlcoR,0,1,1,1,1,2,0,2,0,2,-1,0.0
Q8NE71,845.0,mRNA,AlcoR,1,1,1,1,1,2,1,2,1,2,-1,0.0
E9PHM2,860.0,tRNA,AlcoR,0,1,2,1,2,2,2,2,2,2,-1,0.0
O95059,124.0,ncRNA,AlcoR,0,1,2,1,2,2,2,2,2,2,-1,0.0
Q5CZA5,627.0,unknown,AlcoR,0,1,2,1,2,2,2,2,2,2,-1,0.0
X6RJY0,320.0,snoRNA,AlcoR,0,1,1,1,0,2,0,2,0,2,-1,0.0
Q9Y333,95.0,snRNA,AlcoR,0,1,0,1,3,2,0,2,0,2,-1,0.0
Q5T7F5,372.0,mRNA,AlcoR,1,1,1,1,1,2,1,2,1,2,-1,0.0
Q9H0H0,1196.0,snRNA,AlcoR,1,1,1,1,1,2,1,2,1,2,-1,0.0
Q8WUQ7,758.0,mRNA,AlcoR,1,1,1,1,1,2,1,2,1,2,-1,0.0
P0C7T5,689.0,mRNA,AlcoR,0,1,1,1,1,2,0,2,0,2,-1,0.0
Q96BT7,664.0,tRNA,AlcoR,0,1,2,1,2,2,2,2,2,2,-1,0.0
Q5QPL9,237.0,mRNA,AlcoR,0,1,2,1,2,2,2,2,2,2,-1,0.0
P54253,815.0,mRNA,AlcoR,0,1,2,1,2,2,0,2,0,2,-1,0.0
Q9UHC7,482.0,mRNA,AlcoR,0,1,2,1,2,2,2,2,2,2,-1,0.0
A0A0C4DG89,1032.0,snRNA,AlcoR,1,1,1,1,0,1,4,1,4,1,-1,0.0
Q9H2U1,1008.0,mRNA,AlcoR,1,1,1,1,1,2,1,2,1,2,-1,0.0
Q9BWE0,567.0,unknown,AlcoR,1,1,1,1,1,2,1,2,1,2,-1,0.0
F8WAS2,213.0,unknown,AlcoR,1,1,2,1,2,2,2,2,2,2,-1,0.0
Q8N7X1,1067.0,mRNA,AlcoR,0,1,1,1,1,2,0,2,0,2,-1,0.0
Q6PI26,577.0,snoRNA,AlcoR,1,1,1,1,1,2,1,2,1,2,-1,0.0
P56182,461.0,pre-rRNA,AlcoR,0,1,0,1,3,2,0,2,0,2,-1,0.0
Q86TG7,708.0,unknown,AlcoR,1,1,1,1,1,2,1,2,1,2,-1,0.0
H0Y863,132.0,pre-rRNA,AlcoR,0,1,2,1,2,2,2,2,2,2,-1,0.0
Q96EK7,910.0,unknown,AlcoR,1,1,1,1,1,2,1,2,1,2,-1,0.0
C9J7E5,957.0,mRNA,AlcoR,1,1,1,1,1,2,1,2,1,2,-1,0.0
C9J6P4,1024.0,ncRNA,AlcoR,0,1,2,1,2,2,3,2,3,2,-1,0.0
Q8IZH2,1706.0,diverse,AlcoR,0,1,2,1,2,2,2,2,5,2,-1,0.0
O15042,1029.0,snRNA,AlcoR,0,1,2,1,2,2,2,2,2,2,-1,0.0
Q9C0B1,505.0,mRNA,AlcoR,0,1,2,1,2,2,0,2,0,2,-1,0.0
C9J0B9,218.0,mRNA,AlcoR,0,1,2,1,2,2,2,2,2,2,-1,0.0
P38398,1863.0,ncRNA,AlcoR,1,1,1,1,1,2,1,2,1,2,-1,0.0
C9JYQ9,121.0,ribosomal protein,AlcoR,0,1,2,1,2,2,0,2,0,2,-1,0.0
Q5RL73,367.0,mRNA,AlcoR,1,1,1,1,0,2,4,2,4,2,-1,0.0
Q13769,683.0,mRNA,AlcoR,1,1,1,1,1,2,1,2,1,2,-1,0.0
C9JP00,348.0,mRNA,AlcoR,0,1,2,1,2,2,0,2,0,2,-1,0.0
Q00059,246.0,mRNA,AlcoR,0,1,2,1,2,2,2,2,2,2,-1,0.0
Q969Z0,631.0,mRNA,AlcoR,1,1,1,1,0,2,4,2,4,2,-1,0.0
Q499Z4,452.0,unknown,AlcoR,1,1,1,1,1,2,0,2,0,2,-1,0.0
E7ET15,1028.0,snRNA,AlcoR,0,1,2,1,2,2,0,2,0,2,-1,0.0
Q9BTF0,503.0,tRNA,AlcoR,1,1,1,1,0,2,4,2,4,2,-1,0.0
Q9NP92,439.0,ribosomal protein,AlcoR,1,1,1,1,1,2,1,2,1,2,-1,0.0
O43660,514.0,mRNA,AlcoR,1,1,1,1,1,2,1,2,1,2,-1,0.0
Q8NI36,895.0,pre-rRNA,AlcoR,0,1,2,1,2,2,0,2,0,2,-1,0.0
Q9NQI0,724.0,mRNA,AlcoR,1,1,1,1,0,2,4,2,4,2,-1,0.0
Q92540,1137.0,mRNA,AlcoR,0,1,2,1,2,2,0,2,0,2,-1,0.0
Q8IU60,420.0,mRNA,AlcoR,0,1,2,1,2,2,2,2,2,2,-1,0.0
Q9P2J5,1176.0,tRNA,AlcoR,1,1,0,1,3,2,4,2,4,2,-1,0.0
Q15797,465.0,ncRNA,AlcoR,1,1,1,1,1,2,1,2,1,2,-1,0.0
D6REA0,516.0,tRNA,AlcoR,0,1,0,1,3,2,0,2,5,2,-1,0.0
Q969S9,779.0,mRNA,AlcoR,0,1,0,1,3,2,0,2,0,2,-1,0.0
D6RJB1,162.0,mRNA,AlcoR,1,1,1,1,1,2,1,2,1,2,-1,0.0
D6RIC3,150.0,pre-rRNA,AlcoR,0,1,2,1,2,2,2,2,2,2,-1,0.0
G3XAN0,64.0,ribosomal protein,AlcoR,0,1,2,1,2,2,2,2,2,2,-1,0.0
Q9H2T7,1088.0,mRNA,AlcoR,0,1,2,1,2,2,2,2,2,2,-1,0.0
P62888,115.0,ribosomal protein,AlcoR,1,1,1,1,1,2,1,2,1,2,-1,0.0
Q8TC59,973.0,ncRNA,AlcoR,1,1,1,1,1,2,1,2,1,2,-1,0.0
Q2WGJ9,1857.0,unknown,AlcoR,1,1,1,1,1,2,1,2,1,2,-1,0.0
E5RHF4,198.0,ribosomal protein,AlcoR,0,1,2,1,2,2,2,2,2,2,-1,0.0
H0YB34,148.0,unknown,AlcoR,0,1,2,1,2,2,2,2,2,2,-1,0.0
Q5TAP6,766.0,snoRNA,AlcoR,0,1,2,1,2,2,0,2,0,2,-1,0.0
E5RJM0,639.0,mRNA,AlcoR,1,1,1,1,1,2,1,2,1,2,-1,0.0
Q9NV88,658.0,snRNA,AlcoR,1,1,1,1,1,2,1,2,1,2,-1,0.0
Q8N8Q3,282.0,tRNA,AlcoR,0,1,2,1,2,2,2,2,5,2,-1,0.0
Q96DE0,195.0,snoRNA,AlcoR,1,1,2,1,2,2,2,2,2,2,-1,0.0
E7ERJ7,604.0,mRNA,AlcoR,0,1,2,1,2,2,2,2,2,2,-1,0.0
Q9UFF9,292.0,mRNA,AlcoR,1,1,1,1,1,2,0,2,0,2,-1,0.0
A1L020,520.0,mRNA,AlcoR,1,1,1,1,1,2,0,2,5,2,-1,0.0
E9PN81,247.0,diverse,AlcoR,0,1,0,1,3,2,0,2,5,2,-1,0.0
Q9H0A0,1025.0,pre-rRNA,AlcoR,0,1,2,1,2,2,2,2,2,2,-1,0.0
E9PL19,596.0,mRNA,AlcoR,1,1,1,1,0,2,4,2,4,2,-1,0.0
P29692,281.0,tRNA,AlcoR,1,1,1,1,0,2,4,2,4,2,-1,0.0
Q9Y2W1,955.0,mRNA,AlcoR,1,1,1,1,0,2,4,2,4,2,-1,0.0
H0YDK8,900.0,mRNA,AlcoR,1,1,0,1,3,2,4,2,4,2,-1,0.0
P62851,125.0,ribosomal protein,AlcoR,0,1,0,1,3,2,0,2,0,2,-1,0.0
E9PKU4,235.0,ribosomal protein,AlcoR,0,1,0,1,3,2,0,2,0,2,-1,0.0
P62861,133.0,ribosomal protein,AlcoR,0,1,2,1,2,2,2,2,2,2,-1,0.0
P08240,638.0,ncRNA,AlcoR,0,1,2,1,2,2,2,2,2,2,-1,0.0
P62277,151.0,ribosomal protein,AlcoR,0,1,2,1,2,2,2,2,2,2,-1,0.0
Q7L2H7,374.0,mRNA,AlcoR,1,1,1,1,1,2,1,2,1,2,-1,0.0
Q12872,951.0,mRNA,AlcoR,1,1,1,1,0,1,4,1,4,1,-1,0.0
Q96CB9,384.0,pre-rRNA,AlcoR,1,1,1,1,1,2,0,2,0,2,-1,0.0
Q5VTE6,544.0,mRNA,AlcoR,1,1,1,1,1,2,1,2,1,2,-1,0.0
P21399,889.0,mRNA,AlcoR,1,1,1,1,1,2,1,2,1,2,-1,0.0
A0A0C4DGG8,1043.0,mRNA,AlcoR,0,1,2,1,2,2,0,2,5,2,-1,0.0
Q86Y79,214.0,tRNA,AlcoR,0,1,1,1,1,2,0,2,0,2,-1,0.0
Q8IWX8,916.0,mRNA,AlcoR,1,1,1,1,1,2,1,2,1,2,-1,0.0
Q96FC9,970.0,unknown,AlcoR,0,1,0,1,3,2,3,2,3,2,-1,0.0
Q9BZJ0,848.0,mRNA,AlcoR,1,1,1,1,1,2,1,2,1,2,-1,0.0
F5GYR3,275.0,pre-rRNA,AlcoR,1,1,1,1,1,2,1,2,1,2,-1,0.0
Q8N1W1,1705.0,mRNA,AlcoR,1,1,1,1,1,2,1,2,1,2,-1,0.0
Q9Y4C8,960.0,pre-rRNA,AlcoR,0,1,2,1,2,2,0,2,0,2,-1,0.0
H0YG84,90.0,mRNA,AlcoR,1,1,1,1,1,2,1,2,1,2,-1,0.0
O15226,690.0,unknown,AlcoR,0,1,2,1,2,2,2,2,5,2,-1,0.0
O60942,597.0,mRNA,AlcoR,0,1,2,1,2,2,2,2,2,2,-1,0.0
Q9UPS6,1966.0,ncRNA,AlcoR,1,1,1,1,0,2,4,2,4,2,-1,0.0
H0YGG4,152.0,mRNA,AlcoR,0,1,2,1,2,2,2,2,2,2,-1,0.0
O60522,2096.0,ncRNA,AlcoR,1,1,1,1,1,2,0,2,0,2,-1,0.0
H0YGJ7,106.0,mRNA,AlcoR,1,1,1,1,1,2,1,2,1,2,-1,0.0
P56270,477.0,unknown,AlcoR,0,1,0,1,3,2,0,2,5,2,-1,0.0
Q7Z5Q1,589.0,mRNA,AlcoR,0,1,2,1,2,2,0,2,0,2,-1,0.0
O95453,639.0,mRNA,AlcoR,0,1,2,1,2,2,0,2,5,2,-1,0.0
Q9Y5A9,579.0,mRNA,AlcoR,1,1,1,1,1,2,1,2,1,2,-1,0.0
H0YGT4,134.0,unknown,AlcoR,1,1,1,1,1,2,1,2,1,2,-1,0.0
Q13360,481.0,unknown,AlcoR,0,1,2,1,0,2,4,2,4,2,-1,0.0
Q8IYX4,353.0,mRNA,AlcoR,0,1,0,1,3,2,3,2,3,2,-1,0.0
F8VQP2,1073.0,mRNA,AlcoR,0,1,0,1,3,2,3,2,5,2,-1,0.0
O75123,536.0,unknown,AlcoR,0,1,2,1,2,2,0,2,0,2,-1,0.0
Q5JTH9,1297.0,pre-rRNA,AlcoR,0,1,2,1,2,2,2,2,5,2,-1,0.0
P62826,216.0,mRNA,AlcoR,0,1,2,1,2,2,2,2,2,2,-1,0.0
H0YH84,186.0,mRNA,AlcoR,0,1,2,1,2,2,2,2,5,2,-1,0.0
A0A0G2JKY3,1061.0,tRNA,AlcoR,0,1,2,1,2,2,2,2,2,2,-1,0.0
F8VZA0,365.0,pre-rRNA,AlcoR,0,1,2,1,2,2,2,2,2,2,-1,0.0
O43716,136.0,tRNA,AlcoR,0,1,2,1,2,2,2,2,2,2,-1,0.0
Q9UIF9,1905.0,ncRNA,AlcoR,1,1,1,1,0,2,4,2,4,2,-1,0.0
F8VZY7,263.0,mRNA,AlcoR,0,1,2,1,2,2,0,2,0,2,-1,0.0
A0A0B4J254,67.0,snRNA,AlcoR,0,1,2,1,2,2,2,2,2,2,-1,0.0
H0YHU8,144.0,mRNA,AlcoR,0,1,2,1,2,2,2,2,2,2,-1,0.0
P86452,979.0,unknown,AlcoR,1,1,1,1,0,2,4,2,4,2,-1,0.0
F8VU11,892.0,snRNA,AlcoR,1,1,1,1,1,2,1,2,1,2,-1,0.0
H0YIP0,219.0,tRNA,AlcoR,1,1,1,1,0,1,4,1,4,1,-1,0.0
Q9Y6G3,142.0,ribosomal protein,AlcoR,0,1,2,1,2,2,2,2,2,2,-1,0.0
F8VP89,275.0,mRNA,AlcoR,0,1,2,1,2,2,2,2,2,2,-1,0.0
Q5GAN4,147.0,unknown,AlcoR,0,1,2,1,2,2,2,2,2,2,-1,0.0
G3V2H6,54.0,mRNA,AlcoR,0,1,2,1,2,2,2,2,2,2,-1,0.0
G3V2M5,61.0,pre-rRNA,AlcoR,0,1,2,1,2,2,2,2,2,2,-1,0.0
G3V2P5,207.0,mRNA,AlcoR,0,1,2,1,2,2,0,2,0,2,-1,0.0
Q9HCK8,2581.0,mRNA,AlcoR,0,1,2,1,2,2,0,2,0,2,-1,0.0
G3V529,816.0,pre-rRNA,AlcoR,0,1,2,1,2,2,2,2,2,2,-1,0.0
G3V5X7,2519.0,ncRNA,AlcoR,0,1,2,1,2,2,0,2,5,2,-1,0.0
H0YKX1,171.0,mRNA,AlcoR,0,1,2,1,0,2,4,2,4,2,-1,0.0
Q8IZ73,545.0,tRNA,AlcoR,0,1,0,1,3,2,2,2,5,2,-1,0.0
A8K979,691.0,unknown,AlcoR,1,1,1,1,1,2,1,2,1,2,-1,0.0
H3BN59,261.0,mRNA,AlcoR,0,1,2,1,2,2,0,2,0,2,-1,0.0
Q12788,808.0,snoRNA,AlcoR,1,1,1,1,1,2,1,2,1,2,-1,0.0
Q14137,746.0,pre-rRNA,AlcoR,1,1,1,1,1,2,1,2,1,2,-1,0.0
H3BPE7,527.0,mRNA,AlcoR,0,1,2,1,2,2,2,2,2,2,-1,0.0
H3BPG5,128.0,mRNA,AlcoR,0,1,2,1,2,2,2,2,2,2,-1,0.0
Q96F86,508.0,mRNA,AlcoR,0,1,2,1,2,2,2,2,2,2,-1,0.0
A5YKK6,2376.0,mRNA,AlcoR,0,1,2,1,2,2,2,2,2,2,-1,0.0
H3BQK0,484.0,unknown,AlcoR,0,1,2,1,2,2,2,2,2,2,-1,0.0
Q9Y2V2,147.0,mRNA,AlcoR,0,1,2,1,2,2,2,2,2,2,-1,0.0
H3BSB3,131.0,pre-rRNA,AlcoR,0,1,2,1,2,2,0,2,0,2,-1,0.0
H3BSW6,586.0,tRNA,AlcoR,0,1,2,1,2,2,2,2,5,2,-1,0.0
P61970,127.0,mRNA,AlcoR,0,1,2,1,2,2,2,2,2,2,-1,0.0
H3BTT8,252.0,snRNA,AlcoR,0,1,2,1,2,2,2,2,2,2,-1,0.0
D6RA96,785.0,unknown,AlcoR,0,1,0,1,3,2,3,2,5,2,-1,0.0
Q9BUB4,502.0,tRNA,AlcoR,0,2,0,3,3,4,3,4,3,4,-1,0.0
H3BUK8,54.0,ribosomal protein,AlcoR,0,1,1,1,1,2,1,2,1,2,-1,0.0
Q96J87,481.0,mRNA,AlcoR,1,1,1,1,1,2,1,2,1,2,-1,0.0
Q96SZ4,780.0,unknown,AlcoR,0,1,2,1,2,2,0,2,0,2,-1,0.0
Q92667,903.0,mRNA,AlcoR,1,1,1,1,1,2,1,2,1,2,-1,0.0
Q6P2Q9,2335.0,snRNA,AlcoR,0,1,2,1,2,2,0,2,0,2,-1,0.0
A0A140TA76,344.0,mRNA,AlcoR,0,1,2,1,2,2,2,2,2,2,-1,0.0
I3L4V1,148.0,unknown,AlcoR,1,1,1,1,1,2,1,2,1,2,-1,0.0
P0CB38,370.0,mRNA,AlcoR,0,1,2,1,2,2,0,2,0,2,-1,0.0
J3QKW2,183.0,ribosomal protein,AlcoR,0,1,0,1,3,2,3,2,3,2,-1,0.0
J3QL05,130.0,mRNA,AlcoR,0,1,2,1,2,2,0,2,0,2,-1,0.0
J3QL17,468.0,mRNA,AlcoR,0,1,0,1,3,2,3,2,3,2,-1,0.0
P60842,406.0,mRNA,AlcoR,0,1,2,1,2,2,0,2,0,2,-1,0.0
Q9Y3E5,179.0,tRNA,AlcoR,0,1,2,1,2,2,0,2,0,2,-1,0.0
Q9Y3U8,105.0,ribosomal protein,AlcoR,0,1,1,1,1,2,0,2,0,2,-1,0.0
J3QS41,1943.0,mRNA,AlcoR,0,1,2,1,2,2,2,2,2,2,-1,0.0
Q9C0B9,1178.0,unknown,AlcoR,1,1,1,1,1,2,1,2,1,2,-1,0.0
K7EIU6,117.0,mRNA,AlcoR,1,1,1,1,1,2,1,2,1,2,-1,0.0
A8MQ14,1090.0,unknown,AlcoR,0,1,0,1,3,2,0,2,5,2,-1,0.0
Q15029,972.0,tRNA,AlcoR,0,1,2,1,2,2,0,2,5,2,-1,0.0
K7EJB9,349.0,mRNA,AlcoR,1,1,1,1,1,2,1,2,1,2,-1,0.0
K7EKH9,261.0,unknown,AlcoR,1,1,1,1,1,2,1,2,1,2,-1,0.0
O00411,1230.0,mRNA,AlcoR,1,1,0,1,3,2,1,2,1,2,-1,0.0
K7EL49,112.0,unknown,AlcoR,1,1,1,1,1,2,1,2,1,2,-1,0.0
Q9BTD8,480.0,mRNA,AlcoR,1,1,1,1,1,2,1,2,1,2,-1,0.0
Q9H840,131.0,snRNA,AlcoR,1,1,1,1,1,2,1,2,1,2,-1,0.0
K7ENA8,289.0,mRNA,AlcoR,0,1,2,1,0,2,0,2,5,2,-1,0.0
Q9UKJ3,1502.0,unknown,AlcoR,1,1,1,1,1,2,1,2,1,2,-1,0.0
Q14587,947.0,unknown,AlcoR,0,1,2,1,2,2,0,2,0,2,-1,0.0
K7EQP2,53.0,mRNA,AlcoR,0,1,2,1,2,2,2,2,2,2,-1,0.0
K7ER00,548.0,tRNA,AlcoR,0,1,2,1,2,2,0,2,0,2,-1,0.0
K7ERG4,78.0,snRNA,AlcoR,1,1,2,1,2,2,2,2,2,2,-1,0.0
M0QXD5,236.0,snoRNA,AlcoR,0,1,0,1,3,2,3,2,3,2,-1,0.0
O00267,1087.0,mRNA,AlcoR,0,1,0,1,3,2,3,2,3,2,-1,0.0
M0QY97,910.0,unknown,AlcoR,1,1,1,1,0,2,4,2,4,2,-1,0.0
Q92979,244.0,pre-rRNA,AlcoR,1,1,1,1,1,2,1,2,1,2,-1,0.0
Q9ULX6,646.0,mRNA,AlcoR,0,1,1,1,0,2,3,2,3,2,-1,0.0
M0R050,197.0,diverse,AlcoR,1,1,1,1,1,2,1,2,1,2,-1,0.0
A6NNF4,616.0,unknown,AlcoR,0,2,0,3,3,4,0,4,0,5,-1,0.0
Q15717,326.0,mRNA,AlcoR,0,1,2,1,2,2,0,2,0,2,-1,0.0
M0R226,184.0,ribosomal protein,AlcoR,0,1,2,1,2,2,2,2,2,2,-1,0.0
G5E9R9,263.0,ncRNA,AlcoR,1,1,2,1,2,2,2,2,2,2,-1,0.0
Q9NW07,568.0,unknown,AlcoR,0,1,2,1,2,2,0,2,0,2,-1,0.0
M0R2C6,588.0,tRNA,AlcoR,1,1,1,1,0,2,4,2,4,2,-1,0.0
Q9Y230,463.0,mRNA,AlcoR,1,1,1,1,0,2,4,2,4,2,-1,0.0
A6NHQ2,334.0,snoRNA,AlcoR,0,1,2,1,2,2,0,2,0,2,-1,0.0
R4GMX9,53.0,snRNA,AlcoR,0,1,2,1,2,2,2,2,2,2,-1,0.0
Q96T37,977.0,mRNA,AlcoR,1,2,0,2,0,3,4,3,4,3,-1,0.0
R4GNH1,168.0,unknown,AlcoR,0,1,2,1,2,2,2,2,2,2,-1,0.0
Q9UKT8,454.0,unknown,AlcoR,1,1,1,1,1,2,1,2,1,2,-1,0.0
Q5TEC6,136.0,unknown,AlcoR,1,1,1,1,1,2,1,2,1,2,-1,0.0
A6NFI3,1004.0,unknown,AlcoR,1,1,1,1,1,2,0,2,0,2,-1,0.0
Q96EH8,262.0,unknown,AlcoR,1,1,1,1,1,2,1,2,1,2,-1,0.0
A0A024R214,626.0,mRNA,AlcoR,0,1,0,1,3,2,3,2,3,2,-1,0.0
A0A087WUV0,522.0,unknown,AlcoR,0,1,0,1,3,2,0,2,5,2,-1,0.0
Q86XI8,627.0,unknown,AlcoR,1,1,1,1,1,2,1,2,1,2,-1,0.0
Q3SXZ3,478.0,unknown,AlcoR,0,1,1,1,1,2,0,2,0,2,-1,0.0
A0A024RCN4,479.0,unknown,AlcoR,0,1,1,1,1,2,0,2,0,2,-1,0.0
O94761,1208.0,unknown,AlcoR,0,1,2,1,2,2,2,2,5,2,-1,0.0
A0A087X0J2,248.0,diverse,AlcoR,0,1,2,1,2,2,2,2,2,2,-1,0.0
A0A0D9SF53,733.0,unknown,AlcoR,0,1,2,1,2,2,2,2,2,2,-1,0.0
S4R469,234.0,mRNA,AlcoR,1,1,1,1,1,2,1,2,1,2,-1,0.0
A0A0D9SFM0,1687.0,unknown,AlcoR,0,1,2,1,2,2,2,2,5,2,-1,0.0
A0A1W2PPH5,198.0,unknown,AlcoR,0,1,2,1,0,2,4,2,4,2,-1,0.0
A0A286YFD1,2093.0,unknown,AlcoR,0,1,2,1,2,2,2,2,2,2,-1,0.0
A0A2R8Y4L2,320.0,mRNA,AlcoR,0,1,2,1,2,2,2,2,2,2,-1,0.0
Q9HBD4,1679.0,unknown,AlcoR,0,1,0,1,3,2,3,2,5,2,-1,0.0
A0A2R8Y6W8,807.0,unknown,AlcoR,0,1,2,1,2,2,0,2,0,2,-1,0.0
Q14839,1912.0,unknown,AlcoR,0,1,2,1,2,2,2,2,2,2,-1,0.0
Q9BYX4,1025.0,ncRNA,AlcoR,0,2,0,3,3,4,3,4,3,4,-1,0.0
A6NKG5,1358.0,unknown,AlcoR,0,1,0,1,3,2,3,2,3,2,-1,0.0
Q9ULG1,1556.0,unknown,AlcoR,0,1,2,1,2,2,2,2,2,2,-1,0.0
A0A494C0I1,1111.0,unknown,AlcoR,0,1,2,1,2,2,0,2,0,2,-1,0.0
A0A494C1N8,1116.0,unknown,AlcoR,0,1,0,1,3,2,2,2,5,2,-1,0.0
A0A590UJW6,1086.0,unknown,AlcoR,0,1,2,1,2,2,0,2,0,2,-1,0.0
A0A5F9ZHS7,289.0,unknown,AlcoR,1,1,2,1,2,2,2,2,2,2,-1,0.0
A0A7I2V5M7,476.0,unknown,AlcoR,0,1,2,1,2,2,2,2,2,2,-1,0.0
A0A804HKV4,723.0,mRNA,AlcoR,0,1,2,1,2,2,2,2,2,2,-1,0.0
A0A8I5KX04,1686.0,mRNA,AlcoR,1,1,1,1,0,2,4,2,4,2,-1,0.0
A0A8I5KSH6,925.0,unknown,AlcoR,0,1,0,1,0,2,4,2,4,2,-1,0.0
A0A8I5KVU2,1735.0,mRNA,AlcoR,1,1,0,1,3,2,1,2,5,2,-1,0.0
A0A8Q3WL03,351.0,unknown,AlcoR,0,1,2,1,2,2,2,2,2,2,-1,0.0
A0A8V8TR54,2114.0,unknown,AlcoR,1,1,1,1,1,2,1,2,5,2,-1,0.0
A0A994J6B2,331.0,unknown,AlcoR,0,1,2,1,2,2,2,2,2,2,-1,0.0
A0ABB0MN55,322.0,mRNA,AlcoR,0,1,2,1,2,2,2,2,2,2,-1,0.0
A0A994J7T5,750.0,mRNA,AlcoR,0,1,2,1,2,2,2,2,5,2,-1,0.0
A0AA34QW03,678.0,mRNA,AlcoR,0,1,2,1,2,2,2,2,5,2,-1,0.0
Q5T890,1561.0,unknown,AlcoR,0,1,2,1,2,2,2,2,5,2,-1,0.0
A0ABB0MV08,369.0,mRNA,AlcoR,0,1,2,1,2,2,0,2,0,2,-1,0.0
A0ABB0MVJ3,604.0,unknown,AlcoR,0,1,2,1,2,2,0,2,0,2,-1,0.0
A0ACI8QGH0,324.0,unknown,AlcoR,0,1,2,1,2,2,2,2,2,2,-1,0.0
A0ACI8Q0P4,829.0,unknown,AlcoR,0,1,2,1,2,2,2,2,5,2,-1,0.0
A0ACI8UUW5,527.0,unknown,AlcoR,0,1,2,1,2,2,2,2,5,2,-1,0.0
A0ACI8P9Y7,1707.0,unknown,AlcoR,1,1,1,1,1,2,1,2,1,2,-1,0.0
A0ACI8RL22,1967.0,unknown,AlcoR,0,1,2,1,2,2,2,2,2,2,-1,0.0
A0ACI8PJP7,596.0,mRNA,AlcoR,0,1,2,1,2,2,2,2,2,2,-1,0.0
A0ACI8S0C5,927.0,unknown,AlcoR,0,1,2,1,2,2,2,2,5,2,-1,0.0
A0ACI8PIT5,456.0,unknown,AlcoR,0,1,2,1,2,2,0,2,0,2,-1,0.0
A0ACI8QTQ5,1388.0,diverse,AlcoR,1,1,0,1,3,2,0,2,0,2,-1,0.0
A0ACI8RI26,764.0,unknown,AlcoR,0,2,0,3,3,4,0,4,0,5,-1,0.0
A0ACI8PUZ8,1375.0,unknown,AlcoR,0,1,2,1,2,2,2,2,5,2,-1,0.0
A0ACI8PR05,399.0,unknown,AlcoR,0,1,0,1,3,2,2,2,5,2,-1,0.0
A0ACI8RSP0,320.0,ribosomal protein,AlcoR,0,1,2,1,2,2,2,2,2,2,-1,0.0
A0ACI8PX57,378.0,unknown,AlcoR,0,1,2,1,2,2,2,2,2,2,-1,0.0
A0ACI8RLL6,729.0,unknown,AlcoR,0,1,2,1,2,2,2,2,2,2,-1,0.0
A0ACI8R3H8,616.0,unknown,AlcoR,0,1,2,1,2,2,2,2,2,2,-1,0.0
A0ACI8QH16,558.0,tRNA,AlcoR,0,1,2,1,2,2,2,2,2,2,-1,0.0
A0ACI8PT71,1306.0,unknown,AlcoR,0,1,2,1,2,2,2,2,5,2,-1,0.0
A0ACI8RWF6,608.0,unknown,AlcoR,0,1,2,1,2,2,2,2,2,2,-1,0.0
A0ACI8S5H4,1122.0,unknown,AlcoR,1,1,1,1,1,2,1,2,5,2,-1,0.0
A0ACI8QV99,461.0,unknown,AlcoR,1,1,1,1,1,2,1,2,1,2,-1,0.0
A0ACI8PVP6,744.0,unknown,AlcoR,1,1,1,1,0,2,4,2,4,2,-1,0.0
A0ACI8RTZ8,489.0,unknown,AlcoR,1,1,1,1,1,2,1,2,1,2,-1,0.0
A0ACI8RMB5,1003.0,unknown,AlcoR,0,1,0,1,3,2,0,2,5,2,-1,0.0
A0ACI8Q010,418.0,unknown,AlcoR,0,1,2,1,2,2,2,2,2,2,-1,0.0
A0ACI8R7Y8,131.0,unknown,AlcoR,0,1,2,1,2,2,2,2,2,2,-1,0.0
A0ACI8QLY8,321.0,unknown,AlcoR,0,1,2,1,2,2,2,2,2,2,-1,0.0
A0ACI8S180,136.0,ribosomal protein,AlcoR,0,1,2,1,2,2,2,2,2,2,-1,0.0
A0ACI8QBP4,358.0,unknown,AlcoR,0,1,2,1,2,2,2,2,2,2,-1,0.0
A0ACI8QA17,371.0,unknown,AlcoR,0,1,2,1,2,2,2,2,2,2,-1,0.0
A0ACI8QUJ1,752.0,unknown,AlcoR,0,1,2,1,2,2,2,2,2,2,-1,0.0
A0ACI8SAU3,2066.0,unknown,AlcoR,0,2,0,3,3,4,3,4,5,4,-1,0.0
A0ACI8QHW6,749.0,unknown,AlcoR,0,1,2,1,2,2,0,2,5,2,-1,0.0
A0ACI8SBH9,480.0,unknown,AlcoR,1,1,1,1,0,2,4,2,4,2,-1,0.0
A0ACI8RHW9,182.0,unknown,AlcoR,1,1,1,1,1,2,0,2,0,2,-1,0.0
A0ACI8RX58,750.0,unknown,AlcoR,0,2,0,3,3,4,3,4,3,5,-1,0.0
A0ACI8RCQ9,534.0,unknown,AlcoR,0,1,0,1,3,2,3,2,3,2,-1,0.0
A0ACI8QNN6,701.0,unknown,AlcoR,1,1,0,1,0,2,4,2,4,2,-1,0.0
A0ACI8RR28,918.0,unknown,AlcoR,0,1,2,1,2,2,2,2,5,2,-1,0.0
A0ACI8QU73,864.0,unknown,AlcoR,0,1,2,1,2,2,2,2,5,2,-1,0.0
A0ACI8R7A3,356.0,unknown,AlcoR,0,1,2,1,2,2,2,2,2,2,-1,0.0
A0ACI8QY88,715.0,mRNA,AlcoR,0,1,2,1,2,2,2,2,2,2,-1,0.0
A0ACI8SEY7,629.0,unknown,AlcoR,0,1,2,1,2,2,2,2,2,2,-1,0.0
A0ACI8S113,1253.0,unknown,AlcoR,1,1,1,1,0,2,4,2,4,2,-1,0.0
A0ACI8S5T8,488.0,unknown,AlcoR,0,1,2,1,2,2,2,2,2,2,-1,0.0
A0ACI8SSD0,670.0,unknown,AlcoR,0,1,2,1,2,2,2,2,2,2,-1,0.0
A0ACI8SPJ0,2147.0,snRNA,AlcoR,0,1,2,1,2,2,0,2,0,2,-1,0.0
A0ACI8SQV4,211.0,unknown,AlcoR,0,1,2,1,2,2,2,2,2,2,-1,0.0
A0ACI8SRT4,223.0,ribosomal protein,AlcoR,1,1,1,1,1,2,1,2,1,2,-1,0.0
A0ACI8SXP5,451.0,unknown,AlcoR,1,1,1,1,1,2,1,2,1,2,-1,0.0
A0ACI8SYT5,674.0,unknown,AlcoR,0,1,2,1,2,2,2,2,2,2,-1,0.0
A0ACI8SZ27,721.0,unknown,AlcoR,1,1,1,1,1,2,1,2,1,2,-1,0.0
A0ACI8T7F0,1068.0,tRNA,AlcoR,0,1,0,1,3,2,3,2,3,2,-1,0.0
A0ACI8T9E2,234.0,unknown,AlcoR,0,1,2,1,2,2,2,2,2,2,-1,0.0
A0ACI8TCF1,435.0,unknown,AlcoR,0,1,0,1,3,2,3,2,3,2,-1,0.0
A0ACI8TFG6,1552.0,tRNA,AlcoR,0,1,2,1,2,2,0,2,0,2,-1,0.0
A0ACI8TEP7,818.0,unknown,AlcoR,0,1,2,1,2,2,2,2,2,2,-1,0.0
A0ACI8TH72,1111.0,unknown,AlcoR,0,1,2,1,2,2,2,2,5,2,-1,0.0
A0ACI8TIT4,488.0,unknown,AlcoR,0,1,2,1,2,2,2,2,2,2,-1,0.0
A0ACI8TJ61,193.0,unknown,AlcoR,1,1,1,1,1,2,2,2,2,2,-1,0.0
A0ACI8TJP2,2207.0,unknown,AlcoR,0,1,2,1,2,2,2,2,5,2,-1,0.0
A0ACI8TLG3,1044.0,tRNA,AlcoR,0,1,2,1,2,2,0,2,0,2,-1,0.0
A0ACI8TLM1,106.0,unknown,AlcoR,0,1,2,1,2,2,2,2,2,2,-1,0.0
A0ACI8TML7,1201.0,unknown,AlcoR,0,1,2,1,2,2,2,2,5,2,-1,0.0
A0ACI8TNP0,654.0,unknown,AlcoR,0,1,2,1,2,2,2,2,5,2,-1,0.0
A0ACI8TN08,998.0,unknown,AlcoR,0,1,2,1,2,2,2,2,2,2,-1,0.0
A0ACI8TMU3,1055.0,unknown,AlcoR,1,1,1,1,0,2,4,2,4,2,-1,0.0
A0ACI8TNW3,757.0,unknown,AlcoR,0,1,0,1,3,2,3,2,3,2,-1,0.0
A0ACI8TQP9,2591.0,unknown,AlcoR,1,1,1,1,1,2,1,2,1,2,-1,0.0
A0ACI8TQS2,3008.0,unknown,AlcoR,0,1,2,1,2,2,0,2,0,2,-1,0.0
A0ACI8TS68,376.0,mRNA,AlcoR,0,1,2,1,2,2,0,2,0,2,-1,0.0
A0ACI8TS18,1048.0,unknown,AlcoR,0,1,0,1,3,2,3,2,3,2,-1,0.0
A0ACI8TUA9,638.0,unknown,AlcoR,1,1,1,1,0,2,4,2,4,2,-1,0.0
A0ACI8TSY6,1461.0,unknown,AlcoR,0,1,2,1,2,2,0,2,0,2,-1,0.0
A0ACI8TTG6,937.0,tRNA,AlcoR,0,1,2,1,2,2,2,2,2,2,-1,0.0
A0ACI8TUB7,259.0,unknown,AlcoR,1,1,2,1,2,2,2,2,2,2,-1,0.0
A0ACI8TXE9,1448.0,unknown,AlcoR,0,1,2,1,2,2,2,2,5,2,-1,0.0
A0ACI8TWM6,905.0,unknown,AlcoR,0,1,2,1,2,2,2,2,5,2,-1,0.0
A0ACI8TZ93,399.0,unknown,AlcoR,0,1,2,1,2,2,2,2,2,2,-1,0.0
A0ACI8TZD7,856.0,unknown,AlcoR,0,1,2,1,2,2,2,2,2,2,-1,0.0
A0ACI8TZE9,712.0,unknown,AlcoR,0,1,0,1,3,2,2,2,5,2,-1,0.0
A0ACI8U1B9,902.0,unknown,AlcoR,0,1,2,1,2,2,0,2,5,2,-1,0.0
A0ACI8U399,786.0,unknown,AlcoR,0,1,2,1,2,2,2,2,5,2,-1,0.0
A0ACI8U6C5,1066.0,unknown,AlcoR,0,1,2,1,2,2,2,2,5,2,-1,0.0
A0ACI8U804,2104.0,unknown,AlcoR,1,1,1,1,1,2,1,2,1,2,-1,0.0
A0ACI8U7J9,978.0,unknown,AlcoR,0,1,2,1,2,2,2,2,2,2,-1,0.0
A0ACI8UB86,209.0,unknown,AlcoR,1,1,1,1,1,2,1,2,1,2,-1,0.0
A0ACI8UDX5,454.0,unknown,AlcoR,0,1,1,1,1,2,0,2,0,2,-1,0.0
A0ACI8UEC4,719.0,unknown,AlcoR,1,1,1,1,1,2,1,2,1,2,-1,0.0
A0ACI8UES1,422.0,unknown,AlcoR,0,1,2,1,2,2,2,2,2,2,-1,0.0
A0ACI8UJW4,514.0,unknown,AlcoR,1,1,2,1,2,2,1,2,1,2,-1,0.0
A0ACI8UNX3,1077.0,unknown,AlcoR,0,1,2,1,2,2,2,2,2,2,-1,0.0
A0ACI8UQC4,506.0,unknown,AlcoR,0,1,2,1,2,2,0,2,0,2,-1,0.0
A0ACI8UMC2,837.0,unknown,AlcoR,1,1,1,1,1,2,1,2,1,2,-1,0.0
A0ACI8USR5,685.0,unknown,AlcoR,0,1,0,1,3,2,0,2,0,2,-1,0.0
A0ACI8USX5,720.0,unknown,AlcoR,1,1,1,1,1,2,0,2,0,2,-1,0.0
A0ACI8UZB3,1252.0,unknown,AlcoR,0,1,2,1,2,2,0,2,0,2,-1,0.0
A0ACI8VCM9,1180.0,unknown,AlcoR,1,1,1,1,1,2,1,2,1,2,-1,0.0
A0ACI8VFS1,923.0,unknown,AlcoR,0,1,0,1,3,2,0,2,0,2,-1,0.0
A0ACI8VAV8,1149.0,unknown,AlcoR,1,1,1,1,1,2,1,2,1,2,-1,0.0
A0ACI8VCL2,816.0,tRNA,AlcoR,0,1,1,1,1,2,0,2,0,2,-1,0.0
A0ACI8VD15,1437.0,unknown,AlcoR,0,1,0,1,3,2,0,2,5,2,-1,0.0
A0ACI8VQD2,1043.0,unknown,AlcoR,0,1,0,1,3,2,3,2,3,2,-1,0.0
A0ACI8VSD4,674.0,mRNA,AlcoR,0,1,2,1,2,2,2,2,2,2,-1,0.0
A0A087WZ13,739.0,unknown,AlcoR,0,1,2,1,2,2,0,2,5,2,-1,0.0
A0ACI8PHD2,261.0,unknown,AlcoR,0,1,2,1,2,2,2,2,2,2,-1,0.0
A2A288,527.0,mRNA,AlcoR,0,1,2,1,2,2,2,2,5,2,-1,0.0
A6NC42,116.0,mRNA,AlcoR,1,1,1,1,1,2,1,2,1,2,-1,0.0
A6NEQ0,496.0,mRNA,AlcoR,0,2,0,2,3,3,3,3,5,3,-1,0.0
A6NFN3,312.0,mRNA,AlcoR,0,1,2,1,2,2,2,2,2,2,-1,0.0
A6NJ78,407.0,ribosomal protein,AlcoR,0,1,2,1,2,2,2,2,2,2,-1,0.0
A6PVI3,153.0,mRNA,AlcoR,0,1,2,1,2,2,0,2,0,2,-1,0.0
O15056,1496.0,unknown,AlcoR,0,1,2,1,2,2,2,2,5,2,-1,0.0
O15504,423.0,mRNA,AlcoR,1,1,1,1,1,2,1,2,1,2,-1,0.0
O43251,390.0,mRNA,AlcoR,0,1,2,1,2,2,2,2,2,2,-1,0.0
O43395,683.0,snRNA,AlcoR,0,1,2,1,2,2,2,2,2,2,-1,0.0
O43426,1573.0,unknown,AlcoR,0,1,2,1,2,2,2,2,5,2,-1,0.0
O43709,281.0,pre-rRNA,AlcoR,0,1,2,1,2,2,2,2,2,2,-1,0.0
O60318,1980.0,mRNA,AlcoR,1,1,1,1,1,2,1,2,1,2,-1,0.0
O60603,784.0,unknown,AlcoR,1,1,2,1,2,2,1,2,1,2,-1,0.0
O75152,810.0,mRNA,AlcoR,1,1,2,1,2,2,2,2,5,2,-1,0.0
O75494,262.0,mRNA,AlcoR,0,1,2,1,2,2,2,2,2,2,-1,0.0
O75525,346.0,mRNA,AlcoR,1,1,2,1,0,2,4,2,4,2,-1,0.0
O75821,320.0,mRNA,AlcoR,0,1,2,1,2,2,2,2,5,2,-1,0.0
O94886,807.0,unknown,AlcoR,1,1,1,1,1,2,1,2,1,2,-1,0.0
O95163,1332.0,tRNA,AlcoR,1,1,1,1,1,2,1,2,1,2,-1,0.0
O95319,508.0,mRNA,AlcoR,0,1,2,1,2,2,2,2,2,2,-1,0.0
O95396,460.0,tRNA,AlcoR,1,1,1,1,1,2,1,2,1,2,-1,0.0
O95639,269.0,mRNA,AlcoR,1,1,1,1,1,2,0,2,0,2,-1,0.0
O95758,552.0,mRNA,AlcoR,0,1,2,1,2,2,2,2,2,2,-1,0.0
O95777,96.0,snRNA,AlcoR,0,1,2,1,2,2,2,2,2,2,-1,0.0
O95900,331.0,tRNA,AlcoR,0,1,2,1,2,2,2,2,2,2,-1,0.0
P0DJD3,496.0,mRNA,AlcoR,1,1,1,1,0,2,4,2,4,2,-1,0.0
P10155,538.0,unknown,AlcoR,0,1,0,1,3,2,3,2,3,2,-1,0.0
P31483,386.0,mRNA,AlcoR,0,1,0,1,3,2,0,2,0,2,-1,0.0
P33240,577.0,mRNA,AlcoR,1,1,1,1,0,2,4,2,4,2,-1,0.0
P42694,1942.0,mRNA,AlcoR,1,1,1,1,1,2,1,2,1,2,-1,0.0
P43243,847.0,mRNA,AlcoR,0,1,2,1,2,2,2,2,2,2,-1,0.0
P51114,621.0,mRNA,AlcoR,0,1,1,1,1,2,0,2,0,2,-1,0.0
P78563,741.0,mRNA,AlcoR,0,1,2,1,2,2,0,2,0,2,-1,0.0
P84103,164.0,mRNA,AlcoR,0,1,2,1,2,2,0,2,0,2,-1,0.0
Q01130,221.0,mRNA,AlcoR,0,1,2,1,0,1,4,1,4,1,-1,0.0
Q01844,656.0,unknown,AlcoR,0,1,2,1,2,2,2,2,5,2,-1,0.0
Q05519,484.0,mRNA,AlcoR,0,1,2,1,2,2,2,2,2,2,-1,0.0
Q07352,338.0,mRNA,AlcoR,0,1,2,1,2,2,2,2,2,2,-1,0.0
Q08117,197.0,unknown,AlcoR,1,1,1,1,1,2,1,2,1,2,-1,0.0
Q13117,558.0,mRNA,AlcoR,1,1,1,1,1,2,1,2,1,2,-1,0.0
Q14011,172.0,mRNA,AlcoR,0,1,2,1,2,2,0,2,0,2,-1,0.0
Q14493,270.0,mRNA,AlcoR,0,1,0,1,3,2,3,2,3,2,-1,0.0
Q14657,143.0,tRNA,AlcoR,1,1,1,1,1,2,2,2,2,2,-1,0.0
Q14671,1186.0,mRNA,AlcoR,0,1,2,1,2,2,0,2,5,2,-1,0.0
Q15007,396.0,mRNA,AlcoR,1,1,1,1,1,2,1,2,1,2,-1,0.0
Q15459,793.0,snRNA,AlcoR,0,1,2,1,2,2,2,2,2,2,-1,0.0
Q16587,644.0,unknown,AlcoR,0,1,2,1,2,2,2,2,5,2,-1,0.0
Q16629,238.0,mRNA,AlcoR,1,1,1,1,0,1,4,1,4,1,-1,0.0
Q460N5,1801.0,unknown,AlcoR,1,1,1,1,0,2,4,2,4,2,-1,0.0
Q53GL7,1025.0,unknown,AlcoR,1,1,1,1,1,2,1,2,1,2,-1,0.0
Q5HYM0,836.0,diverse,AlcoR,1,1,1,1,1,2,1,2,1,2,-1,0.0
Q5VUG0,894.0,unknown,AlcoR,1,1,1,1,1,2,1,2,1,2,-1,0.0
Q5VV42,579.0,tRNA,AlcoR,1,1,1,1,1,2,1,2,1,2,-1,0.0
Q5VV67,1664.0,mRNA,AlcoR,1,1,1,1,0,2,4,2,4,2,-1,0.0
Q659C4,914.0,mRNA,AlcoR,0,1,0,1,3,2,3,2,3,2,-1,0.0
Q69YN4,1812.0,mRNA,AlcoR,1,1,1,1,1,2,1,2,1,2,-1,0.0
Q6IN84,353.0,pre-rRNA,AlcoR,0,1,2,1,2,2,0,2,0,2,-1,0.0
Q6P087,351.0,mRNA,AlcoR,1,1,1,1,1,2,1,2,1,2,-1,0.0
Q6PJT7,736.0,mRNA,AlcoR,0,1,1,1,1,2,0,2,0,2,-1,0.0
Q7Z2W4,902.0,mRNA,AlcoR,1,1,1,1,1,2,1,2,1,2,-1,0.0
Q7Z739,585.0,mRNA,AlcoR,0,1,2,1,2,2,0,2,0,2,-1,0.0
Q86SG3,579.0,mRNA,AlcoR,0,1,2,1,2,2,2,2,2,2,-1,0.0
Q86VM9,953.0,mRNA,AlcoR,0,1,2,1,2,2,2,2,2,2,-1,0.0
Q86W50,562.0,snRNA,AlcoR,0,1,2,1,2,2,2,2,2,2,-1,0.0
Q8IX01,1082.0,mRNA,AlcoR,1,1,1,1,0,2,4,2,4,2,-1,0.0
Q8IXM6,262.0,unknown,AlcoR,1,1,1,1,1,2,1,2,1,2,-1,0.0
Q8N1G2,835.0,mRNA,AlcoR,0,1,2,1,2,2,2,2,2,2,-1,0.0
Q8N2M8,674.0,mRNA,AlcoR,0,1,2,1,0,2,0,2,0,2,-1,0.0
Q8N5C7,304.0,tRNA,AlcoR,0,1,2,1,2,2,2,2,2,2,-1,0.0
Q8N684,471.0,mRNA,AlcoR,1,1,1,1,1,2,1,2,1,2,-1,0.0
Q8TB72,1066.0,mRNA,AlcoR,1,1,1,1,1,2,1,2,1,2,-1,0.0
Q8TBZ6,339.0,tRNA,AlcoR,0,1,2,1,0,2,4,2,4,2,-1,0.0
Q8TC92,643.0,mRNA,AlcoR,0,1,2,1,2,2,2,2,2,2,-1,0.0
Q96EV2,1170.0,mRNA,AlcoR,1,1,1,1,1,2,1,2,1,2,-1,0.0
Q96EY9,367.0,tRNA,AlcoR,1,1,1,1,1,2,1,2,1,2,-1,0.0
Q96FX7,289.0,mRNA,AlcoR,0,1,2,1,2,2,0,2,0,2,-1,0.0
Q96JM7,780.0,unknown,AlcoR,0,1,2,1,2,2,2,2,2,2,-1,0.0
Q96MU7,727.0,mRNA,AlcoR,1,1,1,1,0,2,4,2,4,2,-1,0.0
Q96N46,770.0,unknown,AlcoR,0,1,2,1,0,2,4,2,4,2,-1,0.0
Q96S44,253.0,tRNA,AlcoR,1,1,1,1,1,2,1,2,1,2,-1,0.0
Q99714,261.0,tRNA,AlcoR,1,1,1,1,1,2,1,2,1,2,-1,0.0
Q99973,2627.0,ncRNA,AlcoR,0,1,2,1,2,2,0,2,5,2,-1,0.0
Q9BQG2,462.0,mRNA,AlcoR,1,1,1,1,1,2,1,2,1,2,-1,0.0
Q9BXP5,876.0,ncRNA,AlcoR,1,1,0,1,3,2,3,2,3,2,-1,0.0
Q9BXR0,403.0,tRNA,AlcoR,1,1,1,1,1,2,0,2,0,2,-1,0.0
Q9BXT6,1211.0,ncRNA,AlcoR,1,1,1,1,1,2,1,2,1,2,-1,0.0
Q9BXV9,100.0,tRNA,AlcoR,1,1,2,1,2,2,2,2,2,2,-1,0.0
Q9BYJ9,559.0,mRNA,AlcoR,1,1,1,1,1,2,1,2,1,2,-1,0.0
